Player,Position,Team,Age,Expert_Points,Expert_Overall_Rank,Expert_Pos_Rank,Expert_ECR,Expert_Pos_ECR,Expert_ADP,Expert_Floor,Expert_Ceiling,Expert_Tier
Saquon Barkley,RB,PHI,28.0,271.2,1,1,2.48,1.62,6.0,264.4,277.7,1
Bijan Robinson,RB,ATL,23.0,259.7,2,2,2.84,1.88,3.9,251.5,269.2,1
Derrick Henry,RB,BAL,31.0,259.3,3,3,8.34,4.13,11.2,249.3,272.3,1
Jahmyr Gibbs,RB,DET,23.0,253.6,4,4,6.06,3.28,6.9,243.7,261.7,2
Josh Jacobs,RB,GNB,27.0,230.5,5,5,18.56,8.45,20.0,205.0,250.4,3
Jonathan Taylor,RB,IND,26.0,223.8,6,6,16.55,7.58,18.2,202.7,256.1,3
Christian McCaffrey,RB,SFO,29.0,220.6,7,7,14.5,6.47,14.4,203.1,243.4,3
De'Von Achane,RB,MIA,24.0,219.2,8,8,17.97,8.02,16.1,200.4,230.7,3
Ja'Marr Chase,WR,CIN,25.0,230.3,9,1,2.08,1.03,3.6,216.4,244.1,1
Kyren Williams,RB,LAR,25.0,217.3,10,9,25.5,10.77,21.2,194.7,236.3,3
Ashton Jeanty,RB,LVR,22.0,216.4,11,10,12.92,5.75,10.5,211.6,223.2,4
Bucky Irving,RB,TAM,23.0,209.2,12,11,22.97,9.77,37.7,193.9,224.0,4
James Cook,RB,BUF,26.0,205.0,13,12,33.88,13.47,33.5,186.0,227.1,5
Lamar Jackson,QB,BAL,28.0,356.5,14,1,26.63,1.71,18.3,334.2,389.3,1
Josh Allen,QB,BUF,29.0,352.4,15,2,26.16,1.5,17.9,330.5,378.2,2
James Conner,RB,ARI,30.0,193.1,16,13,46.88,17.98,49.2,179.6,211.5,5
Chase Brown,RB,CIN,25.0,189.0,17,14,29.41,11.82,43.3,180.0,199.3,6
Justin Jefferson,WR,MIN,26.0,199.0,18,2,4.88,2.47,7.4,189.0,205.5,1
Breece Hall,RB,NYJ,24.0,185.6,19,15,38.66,14.92,26.5,177.6,197.5,6
Jayden Daniels,QB,WAS,25.0,338.6,20,3,34.22,3.52,35.3,323.8,352.5,2
Jalen Hurts,QB,PHI,27.0,338.6,21,4,36.56,3.72,30.8,320.6,353.0,3
Kenneth Walker III,RB,SEA,25.0,182.7,22,16,40.8,15.7,41.4,152.7,209.1,6
Alvin Kamara,RB,NOR,30.0,181.9,23,17,47.16,18.3,41.8,160.3,200.8,6
CeeDee Lamb,WR,DAL,26.0,192.5,24,3,5.94,3.13,8.0,186.7,198.2,2
Chuba Hubbard,RB,CAR,26.0,179.9,25,18,45.47,17.63,60.2,170.5,197.2,7
Puka Nacua,WR,LAR,24.0,189.0,26,4,9.92,5.52,15.4,177.5,199.4,2
George Kittle,TE,SFO,32.0,150.5,27,1,21.13,1.72,44.1,137.3,170.1,1
Brock Bowers,TE,LVR,23.0,147.7,28,2,21.58,1.58,40.7,139.1,154.5,2
Omarion Hampton,RB,LAC,22.0,172.8,29,19,43.61,16.45,42.6,142.3,198.9,7
Brian Thomas Jr.,WR,JAX,23.0,184.0,30,5,10.63,6.27,33.7,174.0,204.4,2
Nico Collins,WR,HOU,26.0,183.1,31,6,9.34,5.31,20.0,177.9,192.7,2
Malik Nabers,WR,NYG,22.0,182.5,32,7,10.73,6.02,21.1,164.3,201.3,3
D'Andre Swift,RB,CHI,26.0,165.9,33,20,58.45,22.38,62.4,146.7,181.7,7
Trey McBride,TE,ARI,26.0,138.9,34,3,31.98,2.75,38.6,134.0,143.4,3
David Montgomery,RB,DET,28.0,165.3,35,21,54.41,21.02,59.7,155.6,174.0,8
Joe Mixon,RB,HOU,29.0,163.6,36,22,66.08,25.15,58.2,136.8,186.4,8
Amon-Ra St. Brown,WR,DET,26.0,174.7,37,8,13.97,7.63,14.9,167.4,184.7,4
Joe Burrow,QB,CIN,29.0,317.2,38,5,46.53,4.59,32.1,299.7,340.9,4
Aaron Jones,RB,MIN,31.0,161.7,39,23,64.98,24.92,62.5,140.0,182.4,8
A.J. Brown,WR,PHI,28.0,170.5,40,9,17.41,9.19,23.1,160.6,179.0,4
Ladd McConkey,WR,LAC,24.0,168.8,41,10,23.2,11.59,43.5,153.2,187.2,4
Tee Higgins,WR,CIN,26.0,164.8,42,11,27.52,13.25,42.0,152.3,178.6,4
Tony Pollard,RB,TEN,28.0,153.3,43,24,67.66,26.1,76.4,147.8,160.1,9
Drake London,WR,ATL,24.0,164.5,44,12,19.23,9.98,25.1,159.4,169.3,4
Mike Evans,WR,TAM,32.0,164.1,45,13,30.05,14.25,38.7,155.3,178.5,4
Davante Adams,WR,LAR,33.0,163.6,46,14,33.34,15.58,40.4,139.0,188.7,5
TreVeyon Henderson,RB,NWE,23.0,151.8,47,25,62.84,23.87,61.1,142.9,167.3,9
Terry McLaurin,WR,WAS,30.0,162.0,48,15,39.02,18.17,49.0,155.7,173.6,5
Kaleb Johnson,RB,PIT,22.0,150.7,49,26,69.31,26.58,69.5,131.8,175.9,9
Tyreek Hill,WR,MIA,31.0,161.9,50,16,31.58,14.72,32.2,155.9,167.1,6
Brian Robinson,RB,WAS,26.0,148.4,51,27,70.88,27.37,80.7,130.4,165.3,9
Patrick Mahomes,QB,KAN,30.0,300.2,52,6,64.17,7.16,43.5,291.5,306.9,5
Marvin Harrison Jr.,WR,ARI,23.0,154.2,53,17,39.98,18.63,37.5,152.0,156.9,6
Isiah Pacheco,RB,KAN,26.0,142.8,54,28,68.44,26.25,74.1,116.0,166.2,9
Sam LaPorta,TE,DET,24.0,116.1,55,4,59.64,4.3,53.1,111.4,123.4,3
Xavier Worthy,WR,KAN,22.0,153.6,56,18,54.72,25.13,67.8,139.0,168.8,6
RJ Harvey,RB,DEN,24.0,141.8,57,29,67.48,25.4,64.7,132.7,154.2,10
Mark Andrews,TE,BAL,30.0,114.9,58,5,68.7,5.7,71.3,106.8,126.5,4
Kyler Murray,QB,ARI,28.0,295.0,59,7,79.66,10.28,69.9,284.0,314.1,6
DK Metcalf,WR,PIT,28.0,150.9,60,19,46.14,21.39,51.4,140.7,158.3,7
Baker Mayfield,QB,TAM,30.0,288.0,61,8,69.72,8.1,65.9,276.9,297.7,7
Jaxon Smith-Njigba,WR,SEA,23.0,144.8,62,20,35.56,16.38,53.5,131.8,153.7,7
D.J. Moore,WR,CHI,28.0,144.3,63,21,49.86,23.31,52.1,136.4,154.6,7
Tyrone Tracy,RB,NYG,26.0,133.0,64,30,88.56,32.58,92.2,114.0,154.4,11
Bo Nix,QB,DEN,25.0,286.0,65,9,75.91,9.19,75.8,279.9,291.4,7
Jameson Williams,WR,DET,24.0,142.7,66,22,48.05,22.47,73.5,139.7,148.8,7
Brock Purdy,QB,SFO,26.0,285.4,67,10,90.7,11.59,91.0,276.2,292.7,8
Courtland Sutton,WR,DEN,30.0,142.2,68,23,51.05,23.83,68.5,135.2,151.3,7
Calvin Ridley,WR,TEN,31.0,141.9,69,24,61.3,27.72,74.6,134.2,152.4,7
Travis Kelce,TE,KAN,36.0,103.9,70,6,88.59,8.15,66.8,95.8,113.7,4
Zay Flowers,WR,BAL,25.0,141.4,71,25,53.22,24.81,67.8,126.5,152.6,7
T.J. Hockenson,TE,MIN,28.0,102.3,72,7,77.31,6.34,78.2,100.8,104.5,4
George Pickens,WR,DAL,24.0,139.8,73,26,62.28,28.14,71.3,134.4,147.3,7
Garrett Wilson,WR,NYJ,25.0,138.3,74,27,39.27,18.13,40.4,133.3,143.6,7
DeVonta Smith,WR,PHI,27.0,137.0,75,28,58.06,26.77,55.7,129.0,148.0,8
Jaylen Warren,RB,PIT,27.0,125.2,76,31,93.88,33.62,98.3,110.9,137.6,11
Justin Fields,QB,NYJ,26.0,279.4,77,11,89.95,12.29,96.9,267.0,293.9,9
David Njoku,TE,CLE,29.0,98.2,78,8,93.91,9.09,101.6,91.0,102.9,5
Jerry Jeudy,WR,CLE,26.0,132.2,79,29,83.19,35.86,94.8,129.3,134.8,8
Dallas Goedert,TE,PHI,30.0,93.3,80,9,118.75,13.4,129.7,86.0,104.9,6
Deebo Samuel,WR,WAS,29.0,130.8,81,30,93.48,39.22,79.9,122.8,139.1,8
Javonte Williams,RB,DAL,25.0,118.8,82,32,103.81,37.68,110.7,84.4,157.8,11
Rhamondre Stevenson,RB,NWE,27.0,117.7,83,33,105.41,37.35,107.1,102.6,140.1,11
Tucker Kraft,TE,GNB,25.0,90.5,84,10,94.2,9.36,115.2,82.0,97.4,6
Jaylen Waddle,WR,MIA,27.0,127.9,85,31,65.78,29.48,80.8,119.6,137.2,9
J.K. Dobbins,RB,DEN,27.0,116.7,86,34,118.59,40.95,110.0,105.6,125.6,12
Jakobi Meyers,WR,LVR,29.0,126.9,87,32,96.66,40.42,104.9,116.6,135.6,9
Travis Hunter,WR,JAX,22.0,126.6,88,33,78.13,34.21,71.6,122.9,132.0,9
Jauan Jennings,WR,SFO,28.0,125.6,89,34,92.22,38.91,100.8,120.9,129.8,9
Tyler Warren,TE,IND,23.0,87.3,90,11,111.7,12.28,115.4,83.9,91.4,6
Justin Herbert,QB,LAC,27.0,268.0,91,12,97.47,13.16,111.2,260.8,275.3,9
Rome Odunze,WR,CHI,23.0,124.4,92,35,81.38,35.23,91.6,113.3,139.0,9
Kyle Pitts,TE,ATL,25.0,86.0,93,12,131.44,14.64,120.4,83.5,89.8,6
Cam Skattebo,RB,NYG,23.0,112.5,94,35,106.97,37.72,95.9,103.7,121.2,12
Dak Prescott,QB,DAL,32.0,266.8,94,13,93.84,12.57,86.9,255.9,282.4,10
Chris Godwin,WR,TAM,29.0,123.7,94,36,95.5,39.89,87.2,113.6,137.7,9
Zach Ertz,TE,WAS,35.0,85.8,94,13,169.84,19.7,144.0,74.0,103.1,7
Najee Harris,RB,LAC,27.0,112.4,95,36,101.77,36.47,105.0,98.8,128.1,12
Jayden Reed,WR,GNB,25.0,123.2,96,37,87.81,37.44,101.2,116.2,132.2,9
Evan Engram,TE,DEN,31.0,85.1,97,14,99.28,10.25,111.4,82.3,88.0,7
Tetairoa McMillan,WR,CAR,22.0,121.7,98,38,67.06,29.7,69.6,104.1,135.4,9
Dalton Kincaid,TE,BUF,26.0,83.8,98,15,117.13,12.87,136.9,80.3,89.2,7
Quinshon Judkins,RB,CLE,22.0,110.2,99,37,105.59,38.37,97.9,102.1,118.6,12
Jordan Addison,WR,MIN,23.0,121.2,100,39,82.55,35.55,92.2,115.9,128.8,9
Darren Waller,TE,MIA,33.0,83.1,101,16,243.0,29.8,168.3,66.0,103.1,7
Colston Loveland,TE,CHI,21.0,82.8,102,17,134.17,15.47,110.4,72.8,92.1,7
Jordan Mason,RB,MIN,26.0,109.5,103,38,96.56,35.07,108.4,105.9,115.1,12
Jake Ferguson,TE,DAL,26.0,82.2,104,18,137.33,15.85,135.5,80.8,83.1,7
Jared Goff,QB,DET,31.0,262.9,105,14,101.56,14.43,93.6,249.7,269.7,10
Rashid Shaheed,WR,NOR,27.0,119.8,106,40,130.97,51.83,153.5,117.8,121.9,9
Austin Ekeler,RB,WAS,30.0,108.6,107,39,140.39,47.93,132.6,91.2,117.6,12
Rashee Rice,WR,KAN,25.0,119.7,108,41,66.22,29.53,59.8,114.0,125.0,10
Caleb Williams,QB,CHI,24.0,262.7,109,15,98.14,13.17,96.9,259.4,267.5,11
Hunter Henry,TE,NWE,31.0,81.6,110,19,155.13,18.04,151.4,78.0,86.3,7
Travis Etienne,RB,JAX,26.0,108.1,111,40,97.06,35.52,95.1,93.4,119.6,13
Keon Coleman,WR,BUF,22.0,117.4,112,42,126.77,50.36,124.1,103.9,130.2,10
Matthew Golden,WR,GNB,22.0,117.1,113,43,121.42,49.32,105.8,107.5,132.5,10
Jonnu Smith,TE,PIT,30.0,79.2,114,20,142.59,16.23,125.6,64.1,101.2,8
Cade Otton,TE,TAM,26.0,76.6,115,21,208.7,24.17,162.0,64.4,83.2,8
Ricky Pearsall,WR,SFO,25.0,114.4,116,44,96.5,40.25,111.5,112.2,118.3,10
Mike Gesicki,TE,CIN,30.0,76.5,117,22,208.65,24.54,169.7,74.5,79.7,8
Isaiah Likely,TE,BAL,25.0,75.6,118,23,164.56,19.13,143.2,66.2,86.4,9
Darnell Mooney,WR,ATL,28.0,112.6,119,45,120.02,48.05,135.2,105.1,124.0,10
Chris Olave,WR,NOR,25.0,112.5,120,46,79.55,34.28,90.8,102.8,120.0,10
Stefon Diggs,WR,NWE,32.0,111.8,121,47,107.41,43.86,103.7,106.3,115.3,10
Zach Charbonnet,RB,SEA,24.0,100.2,122,41,111.73,39.22,119.1,81.8,118.9,13
Cooper Kupp,WR,SEA,32.0,111.2,123,48,121.41,48.67,93.8,97.3,122.1,10
Tank Bigsby,RB,JAX,24.0,99.3,124,42,108.08,37.87,119.2,71.7,121.2,13
Brenton Strange,TE,JAX,25.0,72.6,125,24,187.86,22.25,178.5,64.4,80.0,9
Tyjae Spears,RB,TEN,24.0,99.3,126,43,115.38,40.1,132.7,90.1,111.1,13
C.J. Stroud,QB,HOU,24.0,253.1,127,16,120.83,18.47,100.7,250.4,256.8,11
Marvin Mims,WR,DEN,23.0,110.0,128,49,149.56,57.88,145.3,103.6,114.9,11
Khalil Shakir,WR,BUF,25.0,109.5,129,50,105.05,43.27,111.9,100.8,121.0,11
J.J. McCarthy,QB,MIN,22.0,251.9,130,17,128.53,19.28,120.5,239.4,261.2,11
Rachaad White,RB,TAM,26.0,97.5,131,44,125.52,43.13,109.1,87.2,104.7,14
Jordan Love,QB,GNB,27.0,251.2,132,18,108.0,15.52,108.0,244.1,262.0,11
Dalton Schultz,TE,HOU,29.0,69.4,133,25,235.03,27.77,206.3,62.4,78.7,9
Juwan Johnson,TE,NOR,29.0,68.1,134,26,247.53,29.65,227.8,62.5,76.0,9
Chigoziem Okonkwo,TE,TEN,26.0,68.0,135,27,222.6,25.9,189.9,62.7,77.0,9
Pat Freiermuth,TE,PIT,27.0,67.5,136,28,203.14,23.87,155.8,52.5,83.0,9
Quentin Johnston,WR,LAC,24.0,105.2,137,51,162.81,61.91,149.9,87.0,126.9,11
Trevor Lawrence,QB,JAX,26.0,248.3,138,19,116.84,17.67,128.5,241.9,256.1,12
Theo Johnson,TE,NYG,24.0,67.3,139,29,260.39,32.41,205.0,63.6,72.1,10
Rashod Bateman,WR,BAL,26.0,104.5,140,52,141.95,55.19,150.6,92.2,123.6,11
Michael Pittman,WR,IND,28.0,103.9,141,53,126.17,50.36,108.9,98.9,106.8,11
Drake Maye,QB,NWE,23.0,245.7,142,20,107.3,15.12,126.3,239.8,251.6,13
Tyler Higbee,TE,LAR,32.0,64.3,143,30,292.53,38.7,224.4,44.1,80.7,10
Brandon Aiyuk,WR,SFO,27.0,101.3,144,54,123.95,49.3,117.6,74.4,125.5,12
Trey Benson,RB,ARI,23.0,89.9,145,45,138.92,47.52,139.1,85.5,96.1,14
Robbie Ouzts,TE,SEA,23.0,62.9,146,31,,81.0,,62.9,62.9,10
Mason Taylor,TE,NYJ,21.0,62.0,147,32,225.34,26.37,162.9,53.8,71.5,11
Matthew Stafford,QB,LAR,37.0,242.1,148,21,144.03,22.57,146.4,221.3,256.9,13
Josh Downs,WR,IND,24.0,98.4,149,55,112.56,45.78,124.7,93.1,101.5,12
Tre Harris,WR,LAC,23.0,97.7,150,56,158.39,60.55,145.4,91.1,104.5,12
Ray Davis,RB,BUF,26.0,86.5,151,46,130.91,45.02,140.1,67.1,101.1,14
Tyler Allgeier,RB,ATL,25.0,86.4,152,47,139.42,47.47,158.1,81.9,95.7,14
Jerome Ford,RB,CLE,26.0,86.2,153,48,151.58,50.8,137.1,72.8,98.0,14
Tua Tagovailoa,QB,MIA,27.0,239.9,154,22,137.39,21.74,134.2,223.1,256.9,13
Nick Chubb,RB,HOU,30.0,85.1,155,49,146.5,50.05,137.3,74.3,99.7,14
Geno Smith,QB,LVR,35.0,238.6,156,23,170.78,24.22,145.4,220.5,254.9,14
Marquise Brown,WR,KAN,28.0,94.6,157,57,162.66,61.66,148.5,85.0,104.0,12
Emeka Egbuka,WR,TAM,23.0,94.5,158,58,120.03,48.23,122.9,90.8,98.3,12
Elijah Arroyo,TE,SEA,22.0,56.5,159,33,234.17,27.78,172.0,31.8,75.5,11
Roschon Johnson,RB,CHI,24.0,82.8,160,50,163.72,55.48,161.9,68.0,99.3,14
Ja'Tavion Sanders,TE,CAR,22.0,56.0,161,34,255.17,30.44,187.0,50.8,63.7,12
Isaac Guerendo,RB,SFO,25.0,82.6,162,51,140.86,47.32,139.1,74.0,97.3,14
Dylan Sampson,RB,CLE,21.0,81.2,163,52,166.79,55.51,155.4,71.8,88.9,15
Jayden Higgins,WR,HOU,23.0,92.0,164,59,165.23,63.32,137.2,71.4,108.4,13
Christian Kirk,WR,HOU,29.0,90.4,165,60,148.11,57.22,158.8,72.7,108.0,13
Adam Thielen,WR,CAR,35.0,90.0,166,61,177.61,66.55,164.6,84.2,94.3,13
Michael Penix Jr.,QB,ATL,25.0,232.9,167,24,156.63,23.71,144.8,224.7,239.2,14
Bryce Young,QB,CAR,24.0,232.4,168,25,150.84,23.38,138.1,215.5,247.5,15
Cedric Tillman,WR,CLE,25.0,88.0,169,62,155.22,59.59,170.5,80.9,94.5,13
Tyler Conklin,TE,LAC,30.0,50.0,170,35,303.19,40.0,,37.4,65.3,13
Rico Dowdle,RB,CAR,27.0,75.7,171,53,149.14,50.77,153.2,65.9,81.3,15
Bhayshul Tuten,RB,JAX,22.0,75.4,172,54,157.33,53.39,142.5,40.3,105.5,15
Jaydon Blue,RB,DAL,21.0,74.5,173,55,154.48,52.24,135.9,38.7,98.9,15
Noah Fant,TE,CIN,28.0,47.4,174,36,288.22,37.76,,36.5,62.3,13
Foster Moreau,TE,NOR,28.0,47.1,175,37,347.46,47.6,,36.7,63.1,13
Will Dissly,TE,LAC,29.0,46.8,176,38,303.74,40.5,,33.7,61.7,13
Jaylen Wright,RB,MIA,22.0,73.3,177,56,152.59,51.75,167.0,71.6,75.5,15
Noah Gray,TE,KAN,26.0,46.2,178,39,273.1,34.19,217.7,39.6,51.0,13
Xavier Legette,WR,CAR,24.0,83.8,179,63,189.11,70.0,161.0,68.6,95.6,13
Romeo Doubs,WR,GNB,25.0,83.5,180,64,165.06,62.36,166.5,71.3,100.3,14
Joshua Palmer,WR,BUF,26.0,81.9,181,65,188.33,70.16,190.2,69.9,93.8,14
MarShawn Lloyd,RB,GNB,24.0,70.2,182,57,180.08,58.78,167.4,45.8,99.7,16
Taysom Hill,TE,NOR,35.0,43.5,183,40,261.3,33.64,149.9,33.7,56.6,13
AJ Barner,TE,SEA,23.0,43.4,184,41,316.81,43.35,,42.2,44.4,14
Wan'Dale Robinson,WR,NYG,24.0,80.8,185,66,195.34,71.78,172.4,70.4,92.4,14
Demario Douglas,WR,NWE,25.0,80.0,186,67,196.48,72.27,179.5,75.8,84.2,14
Michael Wilson,WR,ARI,25.0,79.5,187,68,206.93,75.48,191.7,69.9,91.8,14
Luther Burden,WR,CHI,22.0,79.4,188,69,155.61,59.59,162.6,68.8,86.9,14
Jack Bech,WR,LVR,23.0,78.4,189,70,204.8,75.49,159.1,73.7,81.4,14
Braelon Allen,RB,NYJ,21.0,66.7,190,58,152.23,52.23,163.5,53.8,78.9,16
Jalen McMillan,WR,TAM,24.0,77.7,191,71,169.55,64.03,170.4,66.6,88.3,14
Cole Kmet,TE,CHI,26.0,39.8,192,42,254.42,31.43,198.6,23.3,58.0,14
Sam Darnold,QB,SEA,28.0,220.7,193,26,191.17,25.9,153.5,212.5,227.9,16
Miles Sanders,RB,DAL,28.0,66.2,194,59,217.5,65.95,189.7,59.4,71.7,16
Alec Pierce,WR,IND,25.0,77.4,195,72,187.54,69.85,180.1,52.0,97.9,14
Kyle Williams,WR,NWE,23.0,76.8,196,73,176.97,67.0,169.8,70.0,86.2,14
Cam Ward,QB,TEN,23.0,219.2,197,27,204.5,26.72,153.8,204.6,231.3,16
Kendre Miller,RB,NOR,23.0,64.3,198,60,201.52,63.42,173.9,28.3,105.1,16
Michael Mayer,TE,LVR,24.0,37.6,199,43,334.5,45.35,257.4,32.0,42.9,14
Calvin Austin III,WR,PIT,26.0,75.0,200,74,226.87,82.32,188.9,55.0,103.9,15
Brock Wright,TE,DET,27.0,36.9,201,44,373.0,70.8,,27.7,46.1,15
Aaron Rodgers,QB,PIT,42.0,216.6,202,28,212.95,27.29,147.3,212.5,223.2,17
Kareem Hunt,RB,KAN,30.0,60.9,203,61,203.06,64.15,144.6,51.7,69.7,16
Justice Hill,RB,BAL,28.0,60.7,204,62,230.03,70.04,188.7,53.9,68.4,16
Terrance Ferguson,TE,LAR,22.0,32.6,205,45,270.63,33.82,160.5,30.5,33.8,15
Austin Hooper,TE,NWE,31.0,32.1,206,46,340.94,46.67,,23.0,38.6,15
Darius Slayton,WR,NYG,28.0,69.9,207,75,220.92,79.97,223.0,63.9,75.5,15
Andrew Ogletree,TE,IND,27.0,31.8,208,47,,75.2,,21.3,42.2,15
Dawson Knox,TE,BUF,29.0,31.2,209,48,320.1,42.65,,24.4,35.6,15
Harold Fannin,TE,CLE,21.0,30.5,210,49,283.34,36.53,177.2,23.4,42.2,15
Tyler Lockett,WR,TEN,33.0,68.2,211,76,241.32,87.32,220.0,51.2,77.2,15
Raheem Mostert,RB,LVR,33.0,56.6,212,63,247.97,74.35,194.4,30.7,90.1,17
Brevin Jordan,TE,HOU,25.0,29.7,213,50,374.0,65.71,,21.3,38.1,15
Oronde Gadsden,TE,LAC,22.0,29.6,214,51,280.44,36.94,230.6,25.6,35.3,16
Nick Westbrook-Ikhine,WR,MIA,28.0,67.2,215,77,249.27,89.18,,54.2,78.8,15
Tommy Tremble,TE,CAR,25.0,28.5,216,52,358.38,50.38,,19.3,37.0,16
Ty Johnson,RB,BUF,28.0,55.1,217,64,275.42,81.22,157.0,41.0,79.7,17
Ben Sinnott,TE,WAS,23.0,28.2,218,53,300.83,38.81,199.1,18.4,34.8,16
DeAndre Hopkins,WR,BAL,33.0,65.5,219,78,187.94,69.83,167.9,56.5,80.5,16
Diontae Johnson,WR,CLE,29.0,65.1,220,79,244.27,88.14,221.1,62.6,68.0,16
Connor Heyward,TE,PIT,26.0,26.7,221,54,,88.67,,17.0,36.3,16
Dyami Brown,WR,JAX,26.0,64.5,222,80,255.19,91.7,224.2,55.1,71.6,16
Jelani Woods,TE,IND,27.0,26.6,223,55,,72.0,,18.6,34.5,16
Luke Musgrave,TE,GNB,25.0,26.3,224,56,335.88,45.96,,21.0,32.2,16
Josh Oliver,TE,MIN,28.0,26.1,225,57,367.44,53.7,,22.2,30.0,16
Josh Reynolds,WR,NYJ,30.0,63.9,226,81,284.56,103.82,240.4,57.3,72.4,16
Tutu Atwell,WR,LAR,26.0,63.8,227,82,263.73,96.57,,55.3,71.9,16
Brandin Cooks,WR,NOR,32.0,63.2,228,83,257.02,91.98,,52.8,72.4,16
Mo Alie-Cox,TE,IND,32.0,25.2,229,58,,81.0,,25.2,25.2,16
Jeremy Ruckert,TE,NYJ,25.0,24.9,230,59,373.86,58.83,,24.5,25.3,16
Josh Whyle,TE,TEN,26.0,24.8,231,60,357.67,62.0,,20.6,30.7,16
Jalen Tolbert,WR,DAL,26.0,61.4,232,84,248.45,89.27,188.4,42.9,88.3,16
Nate Adkins,TE,DEN,26.0,23.3,233,61,,84.75,,17.3,29.4,17
Blake Corum,RB,LAR,25.0,49.8,234,65,175.73,57.72,200.3,41.9,58.2,17
Marquez Valdes-Scantling,WR,SEA,31.0,60.7,235,85,284.82,104.21,,45.9,69.7,16
Tre Tucker,WR,LVR,24.0,60.3,236,86,277.13,99.79,231.3,40.3,84.2,16
Adam Trautman,TE,DEN,28.0,22.2,237,62,386.0,62.13,,18.0,26.4,17
Darnell Washington,TE,PIT,24.0,22.1,238,63,348.2,60.8,,17.1,28.5,17
Elijah Mitchell,RB,KAN,27.0,48.5,239,66,244.05,72.78,190.4,40.2,62.9,17
Ray-Ray McCloud,WR,ATL,29.0,59.4,240,87,279.19,102.04,216.8,45.5,73.2,16
Payne Durham,TE,TAM,25.0,21.2,241,64,,69.44,,18.3,24.2,17
Samaje Perine,RB,CIN,30.0,47.5,242,67,303.29,93.29,152.5,11.7,96.2,17
Zack Moss,RB,FA,28.0,47.4,243,68,293.42,87.1,148.8,47.4,47.4,17
Luke Schoonmaker,TE,DAL,27.0,20.6,244,65,354.0,50.5,,17.8,22.6,17
Jalen Coker,WR,CAR,24.0,58.5,245,88,211.62,77.33,219.9,47.6,67.1,16
Skyy Moore,WR,KAN,25.0,58.4,246,89,,170.25,,58.4,58.4,16
Elijah Higgins,TE,ARI,25.0,20.5,247,66,376.33,56.6,,18.0,22.3,17
Daniel Bellinger,TE,NYG,25.0,20.4,248,67,,70.57,,20.1,20.6,17
Grant Calcaterra,TE,PHI,27.0,20.3,249,68,365.22,58.36,,19.7,20.8,17
Andrei Iosivas,WR,CIN,26.0,58.0,250,90,220.15,80.1,223.8,49.1,70.6,17
Cade Stover,TE,HOU,25.0,20.0,251,69,363.89,56.91,,16.8,22.3,17
Charlie Woerner,TE,ATL,28.0,19.8,252,70,,79.8,,19.8,19.8,17
Colby Parkinson,TE,LAR,26.0,19.6,253,71,354.0,68.38,,17.1,22.1,17
Hunter Long,TE,JAX,27.0,19.4,254,72,351.5,72.2,,12.1,26.7,17
Tahj Brooks,RB,CIN,23.0,45.7,255,69,247.84,76.6,193.4,33.8,57.7,17
Jarquez Hunter,RB,LAR,23.0,45.4,256,70,237.54,72.33,174.4,24.3,63.9,18
Gunnar Helm,TE,TEN,23.0,18.4,257,73,346.22,47.78,,14.0,22.9,17
Jake Briningstool,TE,KAN,23.0,18.1,258,74,,68.5,,18.1,18.1,17
Teagan Quitoriano,TE,ATL,25.0,17.9,259,75,,93.5,,12.5,23.3,17
Johnny Mundt,TE,JAX,31.0,17.6,260,76,,70.25,,15.2,20.7,17
Lawrence Cager,TE,WAS,28.0,17.6,261,77,,,,12.3,22.8,17
Allen Lazard,WR,NYJ,30.0,55.2,262,91,325.77,119.8,,43.3,68.1,17
Lucas Krull,TE,DEN,27.0,17.2,263,78,,86.25,,15.6,18.8,17
Julian Hill,TE,MIA,25.0,17.1,264,79,354.4,63.3,,14.5,19.9,17
Christian Watson,WR,GNB,26.0,54.9,265,92,274.22,98.4,200.1,33.3,90.6,17
Robert Tonyan,TE,KAN,31.0,17.0,266,80,,,,17.0,17.0,17
Devin Culp,TE,TAM,25.0,16.9,267,81,,89.0,,12.2,20.2,18
Stone Smartt,TE,NYJ,27.0,16.7,268,82,374.67,59.0,,14.1,18.3,18
Kayshon Boutte,WR,NWE,23.0,54.5,269,93,255.37,91.46,,44.0,60.7,17
Moliki Matavao,TE,NOR,22.0,16.2,270,83,,103.33,,16.2,16.2,18
Drew Sample,TE,CIN,29.0,15.4,271,84,,67.0,,13.9,16.9,18
Dontayvion Wicks,WR,GNB,24.0,53.2,272,94,217.35,78.83,,21.6,74.4,17
Gavin Bartholomew,TE,MIN,22.0,15.1,273,85,,89.33,,11.5,18.7,18
Tanner McLachlan,TE,CIN,26.0,14.8,274,86,,84.67,,10.3,19.2,18
Charlie Kolar,TE,BAL,26.0,14.7,275,87,,76.25,,10.1,19.4,18
Brevyn Spann-Ford,TE,DAL,26.0,14.6,276,88,,75.2,,11.1,18.1,18
Jordan Whittington,WR,LAR,25.0,52.5,277,95,294.3,107.31,,39.6,63.3,17
Khalil Herbert,RB,IND,27.0,41.3,278,71,270.22,80.42,,10.9,66.4,18
Pat Bryant,WR,DEN,23.0,52.4,279,96,235.93,85.75,195.1,44.9,59.7,17
Will Shipley,RB,PHI,23.0,41.1,280,72,224.15,68.25,193.6,30.9,53.7,18
Giovanni Ricci,TE,MIN,29.0,14.4,281,89,,,,10.1,18.7,18
Quintin Morris,TE,JAX,26.0,14.4,282,90,,,,13.8,14.9,18
Jared Wiley,TE,KAN,25.0,14.3,283,91,,87.0,,11.0,17.6,18
Sean Tucker,RB,TAM,24.0,40.6,284,73,269.62,79.91,188.7,33.1,49.2,18
Noah Brown,WR,WAS,29.0,51.7,285,97,289.8,105.23,264.4,45.4,60.7,17
Cam Grandy,TE,CIN,26.0,13.6,286,92,,,,9.6,17.7,18
Russell Gage,WR,SFO,29.0,51.1,287,98,,,,51.1,51.1,17
Ross Dwelley,TE,SFO,30.0,13.2,288,93,,,,8.0,18.3,18
Luke Lachey,TE,HOU,24.0,13.0,289,94,333.0,68.43,,9.1,16.9,18
Keaton Mitchell,RB,BAL,23.0,39.6,290,74,242.51,72.46,224.8,26.0,49.4,18
Tanner Hudson,TE,CIN,31.0,12.9,291,95,383.33,67.86,,8.7,17.1,18
Travis Vokolek,TE,ARI,27.0,12.8,292,96,,,,9.0,16.7,18
Adonai Mitchell,WR,IND,23.0,50.7,293,99,216.17,78.67,211.0,50.1,51.5,17
Blake Whiteheart,TE,CLE,25.0,12.7,294,97,,,,9.8,15.6,18
Brayden Willis,TE,SFO,26.0,12.7,294,98,,101.0,,8.9,16.5,18
KaVontae Turpin,WR,DAL,29.0,50.5,295,100,283.76,103.17,,42.6,59.7,17
Antonio Gibson,RB,NWE,27.0,39.3,296,75,257.56,76.44,192.1,10.3,65.8,18
Jackson Hawes,TE,BUF,25.0,12.6,297,99,,91.0,,8.5,16.6,18
Dont'e Thornton,WR,LVR,23.0,50.2,298,101,256.19,94.05,193.1,39.8,60.1,17
Jaylin Noel,WR,HOU,23.0,50.1,299,102,227.61,83.28,188.0,42.9,57.8,17
Kyle Monangai,RB,CHI,23.0,38.7,300,76,230.56,70.84,189.0,23.1,56.6,18
Tip Reiman,TE,ARI,24.0,12.0,301,100,,88.75,,8.8,15.1,18
Pharaoh Brown,TE,MIA,31.0,11.9,302,101,,84.4,,11.9,11.9,18
Ian Thomas,TE,LVR,29.0,11.9,303,102,,81.67,,8.7,15.1,18
Luke Farrell,TE,SFO,28.0,11.7,304,103,,80.2,,7.4,16.0,18
Mitchell Evans,TE,CAR,22.0,11.7,305,104,359.83,60.3,,8.5,14.8,18
Woody Marks,RB,HOU,25.0,38.2,306,77,249.93,77.9,189.4,37.2,39.7,18
Will Mallory,TE,IND,26.0,11.4,307,105,,89.8,,8.2,14.5,18
Jalen Nailor,WR,MIN,26.0,48.9,308,103,282.94,101.4,,36.4,57.5,18
Greg Dulcich,TE,NYG,25.0,10.8,309,106,334.8,66.44,,4.6,17.0,19
Audric Estime,RB,DEN,22.0,37.1,310,78,241.05,73.54,,29.8,44.3,18
Jaheim Bell,TE,NWE,24.0,10.1,311,107,,94.2,,10.1,10.1,19
Tanner Conner,TE,MIA,27.0,9.4,312,108,,93.5,,9.4,9.4,19
Durham Smythe,TE,CHI,30.0,9.2,313,109,,93.0,,4.4,14.1,19
Troy Franklin,WR,DEN,22.0,47.0,314,104,312.13,112.64,222.2,35.0,56.4,18
Eric Saubert,TE,SEA,31.0,9.1,315,110,,92.5,,9.1,9.1,19
John Bates,TE,WAS,28.0,9.1,316,111,,73.63,,9.1,9.1,19
Elic Ayomanor,WR,TEN,22.0,46.8,317,105,242.61,87.84,199.3,32.1,61.2,18
K.J. Osborn,WR,WAS,28.0,46.7,318,106,336.0,156.33,,46.7,46.7,18
Demarcus Robinson,WR,SFO,31.0,46.7,319,107,300.68,108.81,,35.4,64.2,18
Devin Singletary,RB,NYG,28.0,35.3,320,79,252.91,75.1,231.4,9.9,50.5,18
Greg Dortch,WR,ARI,27.0,46.0,321,108,320.82,118.0,,32.4,60.8,18
Ben Sims,TE,GNB,25.0,8.1,322,112,,95.5,,8.1,8.1,19
Thomas Fidone,TE,NYG,23.0,8.0,323,113,,89.2,,8.0,8.0,19
Devin Neal,RB,NOR,22.0,34.4,324,80,224.23,69.05,201.4,22.0,53.3,18
Trevor Etienne,RB,CAR,21.0,34.3,325,81,265.92,78.45,142.5,11.3,63.5,18
Kenny Yeboah,TE,DET,27.0,7.2,326,114,,,,7.2,7.2,19
Zamir White,RB,LVR,26.0,33.6,327,82,322.78,99.81,239.6,33.6,33.6,19
Chris Manhertz,TE,NYG,33.0,6.7,328,115,,96.5,,6.7,6.7,19
Curtis Samuel,WR,BUF,29.0,43.7,329,109,340.53,122.37,,26.4,66.1,18
Davis Allen,TE,LAR,24.0,5.7,330,116,,91.75,,5.7,5.7,19
Tucker Fisk,TE,LAC,26.0,5.4,331,117,,,,5.4,5.4,19
Anthony Miller,WR,BAL,31.0,43.2,332,110,,,,43.2,43.2,18
Irv Smith,TE,HOU,27.0,5.2,333,118,,,,5.2,5.2,19
Devaughn Vele,WR,DEN,28.0,42.9,334,111,249.95,90.03,249.2,24.6,61.1,18
Malik Washington,WR,MIA,24.0,42.8,335,112,276.83,98.72,,35.3,47.7,18
Kylen Granson,TE,PHI,27.0,4.9,336,119,379.0,77.88,,4.9,4.9,19
,TE,,,4.7,337,120,,,,4.7,4.7,20
Tory Horton,WR,SEA,23.0,42.5,338,113,298.72,107.47,216.6,7.1,75.3,18
Ameer Abdullah,RB,SFO,32.0,31.2,339,83,332.6,104.09,,24.4,38.3,19
Jermaine Burton,WR,CIN,24.0,42.2,340,114,292.49,106.36,242.0,34.5,52.7,18
Kenneth Gainwell,RB,PIT,26.0,30.7,341,84,261.79,77.23,,24.4,37.5,19
Erick All,TE,CIN,25.0,3.3,342,121,,65.33,,3.3,3.3,20
Zach Davidson,TE,BUF,27.0,3.1,343,122,,,,3.1,3.1,20
AJ Dillon,RB,PHI,27.0,29.6,344,85,288.89,86.78,191.2,10.4,41.3,19
Dameon Pierce,RB,HOU,25.0,29.4,345,86,303.55,92.54,,24.0,34.8,19
Roman Wilson,WR,PIT,24.0,40.6,346,115,255.35,91.3,237.1,26.8,55.5,18
David Martin-Robinson,TE,TEN,26.0,2.5,347,123,,,,2.5,2.5,20
Feleipe Franks,TE,ATL,28.0,2.4,348,124,,,,2.4,2.4,20
James Mitchell,TE,CAR,26.0,2.4,349,125,,,,2.4,2.4,20
Jack Stoll,TE,NOR,27.0,2.4,350,126,,,,2.4,2.4,20
Ben Yurosek,TE,MIN,23.0,2.1,351,127,,,,2.1,2.1,20
Xavier Hutchinson,WR,HOU,25.0,39.7,352,116,,163.0,,39.7,39.7,19
Jordan James,RB,SFO,21.0,28.4,353,87,260.14,78.21,215.2,17.8,42.1,19
Tyler Goodson,RB,IND,25.0,28.3,354,88,331.25,113.14,,20.0,34.6,19
Isaiah Davis,RB,NYJ,23.0,28.2,355,89,281.61,83.28,,13.0,44.1,19
Nick Vannett,TE,MIN,32.0,1.4,356,128,,,,1.4,1.4,20
Harrison Bryant,TE,PHI,27.0,1.2,357,129,,80.71,,1.2,1.2,20
Anthony Richardson,QB,IND,23.0,181.2,358,29,241.94,28.41,128.4,156.4,211.2,18
DJ Giddens,RB,IND,22.0,26.8,359,90,219.82,68.79,187.8,12.1,42.5,19
Jacory Croskey-Merritt,RB,WAS,24.0,26.4,360,91,256.83,78.56,166.2,17.5,36.5,19
Emanuel Wilson,RB,GNB,26.0,26.3,361,92,301.29,90.72,,7.6,43.6,19
Rondale Moore,WR,MIN,25.0,37.5,362,117,353.0,154.5,,18.7,59.1,19
Tim Patrick,WR,DET,32.0,37.4,363,118,274.39,98.5,,33.9,41.3,19
Jaleel McLaughlin,RB,DEN,25.0,25.5,364,93,238.63,72.66,146.7,9.0,36.4,19
Chimere Dike,WR,TEN,24.0,36.4,365,119,319.53,115.76,,27.6,44.9,19
Amar Johnson,RB,GNB,22.0,25.1,366,94,,,,25.1,25.1,19
Brashard Smith,RB,KAN,22.0,24.7,367,95,248.35,78.35,189.9,10.6,37.8,19
Jalen Royals,WR,KAN,22.0,35.9,368,120,251.71,91.27,195.1,18.0,54.0,19
Tai Felton,WR,MIN,22.0,35.6,369,121,313.25,112.93,,22.3,44.8,19
Kyle Juszczyk,RB,SFO,34.0,23.8,370,96,311.0,96.57,,10.7,39.7,19
Parker Washington,WR,JAX,23.0,34.6,371,122,293.44,105.71,,30.6,38.5,19
Emari Demercado,RB,ARI,26.0,23.4,372,97,335.11,101.0,,13.6,36.3,19
Alexander Mattison,RB,MIA,27.0,23.4,373,98,283.4,84.06,,7.4,33.9,19
Van Jefferson,WR,TEN,29.0,34.4,374,123,343.64,124.31,,23.0,41.7,19
Ollie Gordon,RB,MIA,21.0,23.2,375,99,252.72,75.51,204.1,22.6,23.8,19
Chris Rodriguez,RB,WAS,25.0,23.1,376,100,314.71,94.59,,17.5,28.7,19
Cam Akers,RB,NOR,26.0,22.6,377,101,293.2,88.52,,22.6,22.6,19
Tyler Johnson,WR,NYJ,27.0,33.5,378,124,361.0,146.83,,33.5,33.5,19
Bub Means,WR,NOR,24.0,33.5,379,125,296.5,147.89,,23.1,50.4,19
Ty Chandler,RB,MIN,27.0,22.1,380,102,311.7,94.29,143.0,18.2,26.1,19
Clyde Edwards-Helaire,RB,NOR,26.0,21.7,381,103,362.57,110.25,,18.3,25.1,19
Damien Martinez,RB,SEA,21.0,21.0,382,104,286.46,87.14,,16.6,25.4,19
Kalel Mullings,RB,TEN,23.0,20.7,383,105,335.33,101.17,,16.3,25.1,20
Jeremy McNichols,RB,WAS,30.0,20.7,384,106,346.4,106.73,,13.3,28.1,20
Malachi Corley,WR,NYJ,23.0,31.2,385,126,357.0,138.29,,19.8,42.9,19
Derius Davis,WR,LAC,25.0,30.3,386,127,351.2,142.29,,28.3,31.5,20
Chris Brooks,RB,GNB,25.0,18.5,387,107,309.48,93.0,,9.6,26.9,20
Carson Steele,RB,KAN,23.0,17.2,388,108,346.5,125.4,,12.6,21.7,20
Montrell Johnson,RB,PHI,23.0,16.9,389,109,,132.5,,16.9,16.9,20
Kimani Vidal,RB,LAC,24.0,16.6,390,110,289.33,87.04,,11.4,21.8,20
Michael Burton,RB,DEN,33.0,16.3,391,111,363.5,120.5,,13.5,19.0,20
Robert Woods,WR,PIT,33.0,27.4,392,128,335.9,130.21,,26.3,28.8,20
Patrick Taylor,RB,SFO,27.0,16.2,393,112,340.33,112.2,,16.2,16.2,20
Hassan Haskins,RB,LAC,26.0,15.9,394,113,363.5,117.17,,9.4,22.5,20
A.T. Perry,WR,DEN,26.0,27.1,395,129,,,,27.1,27.1,20
Israel Abanikanda,RB,GNB,23.0,15.9,396,114,,135.0,177.2,10.2,21.6,20
Savion Williams,WR,GNB,24.0,27.0,397,130,304.11,111.85,,17.1,37.3,20
Sincere McCormick,RB,LVR,25.0,15.2,398,115,284.76,84.96,,11.8,18.5,20
Mack Hollins,WR,NWE,32.0,26.1,399,131,328.44,117.95,,21.3,33.5,20
C.J. Ham,RB,MIN,32.0,14.8,400,116,358.5,115.67,,11.8,17.8,20
Kalif Raymond,WR,DET,31.0,25.6,401,132,355.8,139.7,,22.0,29.6,20
Arian Smith,WR,NYJ,24.0,25.6,402,133,356.38,129.89,,11.6,39.4,20
Dare Ogunbowale,RB,HOU,31.0,14.3,403,117,350.0,130.2,,10.0,19.9,20
Kendrick Bourne,WR,NWE,30.0,25.5,404,134,356.44,135.0,,11.3,34.1,20
JuJu Smith-Schuster,WR,KAN,29.0,25.3,405,135,359.0,135.21,,19.8,33.5,20
Rasheen Ali,RB,BAL,24.0,14.0,406,118,362.0,119.6,,14.0,14.0,20
Ja'Lynn Polk,WR,NWE,23.0,24.3,407,136,344.0,134.33,,19.3,29.2,20
Craig Reynolds,RB,DET,29.0,13.0,408,119,342.5,108.44,,13.0,13.0,20
Isaac TeSlaa,WR,DET,23.0,23.9,409,137,290.1,107.11,210.6,6.2,41.3,20
Alec Ingold,RB,MIA,29.0,12.3,410,120,285.75,93.6,,8.6,16.2,20
Travis Homer,RB,CHI,27.0,12.1,411,121,,122.0,,12.1,12.1,20
Luke McCaffrey,WR,WAS,24.0,23.3,412,138,295.43,106.88,263.0,19.4,28.3,20
Michael Carter,RB,ARI,26.0,11.6,413,122,351.67,122.83,,11.6,11.6,20
Jake Bobo,WR,SEA,27.0,22.4,414,139,330.67,146.0,,18.0,28.9,20
Pierre Strong Jr.,RB,CLE,27.0,10.9,415,123,351.8,113.0,,6.3,15.6,20
LeQuint Allen,RB,JAX,21.0,10.9,416,124,327.08,104.53,,10.9,10.9,20
Jahan Dotson,WR,PHI,25.0,22.0,417,140,342.91,123.46,,18.5,24.1,20
Zay Jones,WR,ARI,30.0,21.7,418,141,356.43,134.18,,18.9,26.2,21
Raheem Blackshear,RB,CAR,27.0,10.3,419,125,,128.0,,10.3,10.3,20
Jordan Mims,RB,TEN,26.0,10.0,420,126,,126.0,,10.0,10.0,20
Ronnie Rivers,RB,LAR,26.0,9.7,421,127,350.5,124.25,,9.7,9.7,20
Russell Wilson,QB,NYG,37.0,163.9,422,30,264.19,29.83,144.0,113.2,213.7,19
Irvin Charles,WR,NYJ,28.0,20.7,423,142,,,,20.7,20.7,21
Elijah Moore,WR,BUF,25.0,20.6,424,143,264.66,94.45,,17.6,24.4,21
Julius Chestnut,RB,TEN,25.0,9.4,425,128,,126.71,,9.4,9.4,21
Tank Dell,WR,HOU,26.0,20.1,426,144,306.53,111.31,138.9,20.1,20.1,21
Xavier Restrepo,WR,TEN,23.0,19.4,427,145,279.23,102.22,229.2,19.4,19.4,21
D.J. Chark,WR,ATL,29.0,18.9,428,146,,147.0,,18.4,19.4,21
Frank Gore Jr.,RB,BUF,23.0,7.6,429,129,,140.0,,7.6,7.6,21
Jaylin Lane,WR,WAS,23.0,18.7,430,147,323.93,117.56,,18.5,19.0,21
Patrick Ricard,RB,BAL,31.0,7.5,431,130,,126.5,,7.5,7.5,21
KhaDarel Hodge,WR,ATL,30.0,18.7,432,148,352.5,132.55,,15.1,22.6,21
Lil'Jordan Humphrey,WR,NYG,27.0,18.6,433,149,,,,18.6,18.6,21
Deuce Vaughn,RB,DAL,24.0,7.0,434,131,365.5,121.5,,7.0,7.0,21
Gary Brightwell,RB,CIN,27.0,6.9,435,132,,,,6.9,6.9,21
Quez Watkins,WR,ARI,27.0,17.5,436,150,,,,17.5,17.5,21
Eric Gray,RB,NYG,26.0,6.3,437,133,,123.8,,6.3,6.3,21
Tez Johnson,WR,TAM,23.0,17.4,438,151,300.97,111.95,,13.0,21.8,21
Erik Ezukanma,WR,MIA,25.0,17.4,439,152,,,,17.4,17.4,21
Jha'Quan Jackson,WR,TEN,25.0,17.3,440,153,,193.5,,17.3,17.3,21
Hunter Luepke,RB,DAL,25.0,5.6,441,134,,124.0,,5.5,5.7,21
,RB,,,5.6,442,135,,,,5.4,5.8,21
Sterling Shepard,WR,TAM,32.0,16.7,443,154,,154.2,,16.2,17.2,21
Darrynton Evans,RB,BUF,27.0,4.9,444,136,,,,4.9,4.9,21
Jalin Hyatt,WR,NYG,24.0,16.0,445,155,359.8,131.38,,5.7,23.2,21
Simi Fehoko,WR,ARI,28.0,16.0,446,156,,177.0,,16.0,16.0,21
Trey Sermon,RB,PIT,26.0,4.4,447,137,343.67,110.5,,4.4,4.4,21
DeeJay Dallas,RB,ARI,27.0,4.1,448,138,,132.2,,4.1,4.1,21
J.J. Taylor,RB,HOU,27.0,4.0,449,139,,,,4.0,4.0,21
Zonovan Knight,RB,NYJ,24.0,3.7,450,140,,,,3.7,3.7,21
Elijah Dotson,RB,ATL,26.0,3.7,451,141,,,,3.7,3.7,21
Terrell Jennings,RB,NWE,24.0,3.7,452,142,,,,3.7,3.7,21
Velus Jones,RB,NOR,28.0,3.6,453,143,,186.0,,3.6,3.6,21
Scott Matlock,RB,LAC,25.0,3.5,454,144,,,,3.5,3.5,21
Parris Campbell,WR,DAL,28.0,14.7,455,157,,,,14.7,14.7,21
DeAndre Carter,WR,CLE,32.0,14.6,456,158,,177.0,,14.6,14.6,21
Tylan Wallace,WR,BAL,26.0,14.4,457,159,,166.0,,14.4,14.4,21
John Metchie,WR,HOU,25.0,14.3,458,160,320.24,117.68,,12.4,16.3,21
Tyler Badie,RB,DEN,25.0,3.2,459,145,383.67,119.33,,3.2,3.2,21
Olamide Zaccheaus,WR,CHI,28.0,14.3,460,161,370.43,136.86,,7.7,18.8,21
Marcus Yarns,RB,NOR,24.0,2.8,461,146,357.0,109.71,,2.8,2.8,21
Lan Larison,RB,NWE,,2.6,462,147,,,,2.6,2.6,21
D'Ernest Johnson,RB,BAL,29.0,2.4,463,148,332.0,112.2,,2.4,2.4,21
Dylan Laube,RB,LVR,26.0,2.4,464,149,,127.0,,2.4,2.4,21
Sione Vaki,RB,DET,24.0,2.2,465,150,373.0,122.4,,2.2,2.2,21
Robbie Ouzts,RB,SEA,23.0,2.1,466,151,,81.0,,2.1,2.1,21
Carlos Washington,RB,ATL,27.0,1.8,467,152,,138.0,,1.8,1.8,21
KeAndre Lambert-Smith,WR,LAC,24.0,13.0,468,162,331.56,128.14,232.5,4.9,20.7,21
Ainias Smith,WR,PHI,24.0,12.8,469,163,,165.5,,12.8,12.8,21
Javon Baker,WR,NWE,23.0,12.8,470,164,330.0,142.25,,8.9,16.6,21
Keilan Robinson,RB,PHI,25.0,1.6,471,153,,127.25,,1.6,1.6,21
Corey Kiner,RB,SFO,23.0,1.4,472,154,,,,1.4,1.4,21
Phil Mafah,RB,DAL,23.0,1.4,472,154,303.62,95.51,,1.4,1.4,21
Raheim Sanders,RB,LAC,23.0,1.4,472,154,309.68,96.53,,1.4,1.4,21
Donovan Edwards,RB,NYJ,22.0,1.4,472,154,321.56,98.67,,1.4,1.4,21
Avery Williams,RB,PHI,27.0,1.3,473,155,,,,1.3,1.3,21
Trayveon Williams,RB,CLE,28.0,1.2,474,156,,136.33,,1.2,1.2,21
Tim Jones,WR,MIN,27.0,12.3,475,165,,179.5,,12.3,12.3,21
Justin Watson,WR,HOU,29.0,12.1,476,166,,156.25,,7.4,16.6,22
Michael Gallup,WR,WAS,29.0,11.4,477,167,291.5,146.83,,4.6,18.3,22
Cody White,WR,SEA,27.0,11.0,478,168,,,,11.0,11.0,22
Dareke Young,WR,SEA,26.0,11.0,478,168,,,,11.0,11.0,22
Bo Melton,WR,GNB,26.0,11.0,478,169,,176.75,,11.0,11.0,22
Cedrick Wilson,WR,NOR,30.0,10.7,479,170,380.5,162.0,,10.7,10.7,22
Devontez Walker,WR,BAL,24.0,10.5,480,171,366.6,137.44,,10.5,10.5,22
Ben Skowronek,WR,PIT,28.0,10.2,481,172,,161.0,,10.2,10.2,22
Maurice Alexander,WR,CHI,28.0,9.3,482,173,,,,9.3,9.3,22
Samori Toure,WR,CHI,27.0,9.2,483,174,,,,9.2,9.2,22
Xavier Weaver,WR,ARI,25.0,9.1,484,175,,,,9.1,9.1,22
Johnny Wilson,WR,PHI,24.0,9.1,485,176,,150.57,,9.1,9.1,22
David Moore,WR,CAR,30.0,9.1,486,177,,148.25,,9.1,9.1,22
Hunter Renfrow,WR,CAR,30.0,9.0,487,178,257.8,129.78,,9.0,9.0,22
Ashton Dulin,WR,IND,28.0,9.0,488,179,,171.5,,9.0,9.0,22
Malik Heath,WR,GNB,25.0,8.4,489,180,,190.5,,8.4,8.4,22
Jamal Agnew,WR,ATL,30.0,8.3,490,181,,,,4.2,12.4,22
Tommy Mellott,WR,LVR,,8.0,491,182,,,,6.9,9.1,22
Jonathan Mingo,WR,DAL,24.0,7.5,492,183,371.33,140.69,,6.7,8.3,22
Charlie Jones,WR,CIN,27.0,7.4,493,184,,174.67,,7.4,7.4,22
Dante Pettis,WR,NOR,30.0,7.4,494,185,,,,6.5,8.3,22
Mecole Hardman,WR,GNB,27.0,6.9,495,186,,155.6,,6.9,6.9,22
Dee Eskridge,WR,MIA,28.0,6.9,496,187,,181.0,,6.9,6.9,22
Treylon Burks,WR,TEN,25.0,6.3,497,188,348.5,147.8,,5.5,7.1,22
Kendric Pryor,WR,CIN,27.0,6.0,498,189,,,,6.0,6.0,22
Jalen Brooks,WR,DAL,25.0,6.0,499,190,,170.5,,6.0,6.0,22
Jordan Watkins,WR,SFO,23.0,5.9,500,191,354.67,148.0,,5.9,5.9,22
Trishton Jackson,WR,ARI,27.0,5.9,501,192,,,,5.9,5.9,22
Tyler Shough,QB,NOR,26.0,148.6,502,31,290.25,32.33,145.3,138.3,161.3,20
Michael Woods,WR,CLE,25.0,5.4,503,193,,176.25,,5.4,5.4,22
Chris Blair,WR,ATL,28.0,5.3,504,194,,,,5.3,5.3,22
Zach Pascal,WR,NYG,31.0,5.0,505,195,,,,5.0,5.0,22
,WR,,,4.8,506,196,,,,4.8,4.8,22
Britain Covey,WR,LAR,28.0,4.7,507,197,,,,4.7,4.7,22
Jamari Thrash,WR,CLE,25.0,4.6,508,198,,156.4,,4.6,4.6,22
Austin Trammell,WR,JAX,27.0,4.6,509,199,,153.5,,4.1,5.1,22
Brycen Tremayne,WR,CAR,26.0,4.5,510,200,,,,4.5,4.5,22
Scotty Miller,WR,PIT,28.0,4.5,511,201,,144.5,,4.0,5.0,22
Trent Sherfield,WR,DEN,29.0,4.1,512,202,,178.5,,4.1,4.1,22
Devin Duvernay,WR,CHI,28.0,3.9,513,203,,184.5,,3.9,3.9,22
David Bell,WR,CLE,25.0,3.9,514,204,331.0,164.4,,3.9,3.9,22
Tyler Scott,WR,CHI,24.0,3.7,515,205,,199.0,,3.7,3.7,22
Nick Nash,WR,ATL,25.0,3.5,516,206,,161.2,,3.5,3.5,22
Jimmy Horn,WR,CAR,23.0,3.4,517,207,,160.4,,3.4,3.4,22
Isaiah Williams,WR,CIN,24.0,3.3,518,208,,,,3.3,3.3,22
Anthony Gould,WR,IND,24.0,3.3,519,209,,184.33,,3.3,3.3,22
Rakim Jarrett,WR,TAM,24.0,3.0,520,210,,178.0,,3.0,3.0,23
Trey Palmer,WR,TAM,24.0,2.8,521,211,,174.2,,2.8,2.8,23
Xavier Gipson,WR,NYJ,24.0,2.7,522,212,,165.2,,2.7,2.7,23
Ryan Flournoy,WR,DAL,26.0,2.7,523,213,,198.0,,2.7,2.7,23
Laviska Shenault,WR,BUF,27.0,2.6,524,214,,,,2.6,2.6,23
Jacob Cowing,WR,SFO,24.0,2.4,525,215,352.08,129.35,,2.4,2.4,23
Steven Sims,WR,SEA,28.0,2.4,526,216,,,,2.4,2.4,23
Braxton Berrios,WR,HOU,30.0,1.6,527,217,,191.0,,1.6,1.6,23
LaJohntay Wester,WR,BAL,23.0,1.2,528,218,,181.5,,1.2,1.2,23
Xavier Smith,WR,LAR,28.0,1.1,529,219,,154.5,,1.1,1.1,23
Chris Moore,WR,WAS,32.0,0.7,530,220,,,,0.7,0.7,23
Ihmir Smith-Marsette,WR,NYG,26.0,0.5,531,221,,169.0,,0.3,0.6,23
Joe Flacco,QB,CLE,40.0,104.9,532,32,295.0,33.19,184.8,92.1,114.5,21
Daniel Jones,QB,IND,28.0,86.4,533,33,276.98,30.96,181.5,52.7,108.0,22
Kenny Pickett,QB,CLE,27.0,59.4,534,34,345.23,39.92,217.0,37.6,93.5,22
Spencer Rattler,QB,NOR,25.0,58.4,535,35,328.73,36.93,220.4,48.5,75.5,22
Jaxson Dart,QB,NYG,22.0,58.0,536,36,306.07,33.44,119.9,15.0,112.7,23
Dillon Gabriel,QB,CLE,25.0,34.6,537,37,343.65,40.19,209.5,8.0,68.1,24
Jalen Milroe,QB,SEA,23.0,32.7,538,38,329.17,36.97,149.9,25.0,43.3,25
Shedeur Sanders,QB,CLE,23.0,26.2,539,39,322.98,36.12,181.9,5.0,49.1,26
Jameis Winston,QB,NYG,31.0,16.4,540,40,344.75,40.83,,11.7,23.2,26
Malik Willis,QB,GNB,26.0,16.0,541,41,362.5,47.67,,12.8,18.4,26
Jake Browning,QB,CIN,29.0,13.9,542,42,388.67,47.67,,10.7,17.1,26
Marcus Mariota,QB,WAS,32.0,12.7,543,43,369.0,45.43,,12.6,12.8,26
Zach Wilson,QB,MIA,26.0,12.1,544,44,332.5,48.82,,11.1,13.1,27
Jimmy Garoppolo,QB,LAR,34.0,11.5,545,45,,51.89,,10.6,12.5,27
Jacoby Brissett,QB,ARI,33.0,11.2,546,46,,60.43,,9.7,12.6,27
Aidan O'Connell,QB,LVR,27.0,11.1,547,47,333.0,50.29,,10.2,12.0,27
Joe Milton,QB,DAL,25.0,11.0,548,48,371.67,43.67,214.5,9.3,12.8,27
Nick Mullens,QB,JAX,30.0,11.0,549,49,,58.33,,9.0,14.4,27
Mac Jones,QB,SFO,27.0,10.6,550,50,335.5,47.29,,10.3,10.8,27
Mason Rudolph,QB,PIT,30.0,10.3,551,51,347.6,45.2,,2.6,16.8,27
Hendon Hooker,QB,DET,27.0,10.3,552,52,,58.88,,8.4,12.1,27
Mitchell Trubisky,QB,BUF,31.0,10.3,553,53,,57.63,,8.2,12.3,27
Tyson Bagent,QB,CHI,25.0,9.9,554,54,,63.38,,8.0,11.8,27
Jarrett Stidham,QB,DEN,29.0,9.8,555,55,,61.57,,8.2,11.5,27
Trey Lance,QB,LAC,25.0,9.8,556,56,,66.2,,8.3,11.3,27
Davis Mills,QB,HOU,27.0,9.6,557,57,,60.67,,7.8,11.5,27
Joshua Dobbs,QB,NWE,30.0,9.6,558,58,,56.5,,8.6,10.5,27
Gardner Minshew,QB,KAN,29.0,9.5,559,59,,50.92,,9.5,9.6,27
Cooper Rush,QB,BAL,32.0,9.2,560,60,374.5,55.63,,7.7,10.8,27
Tanner McKee,QB,PHI,25.0,8.7,561,61,,55.0,,7.5,10.0,27
Case Keenum,QB,CHI,37.0,8.1,562,62,,68.5,,6.2,10.1,27
Sam Howell,QB,MIN,25.0,8.0,563,63,341.5,49.64,,6.2,9.8,27
Drew Lock,QB,SEA,29.0,7.9,564,64,,65.0,,6.9,8.9,27
Tyrod Taylor,QB,NYJ,36.0,7.6,565,65,347.89,42.06,,2.5,11.7,27
Josh Johnson,QB,WAS,39.0,7.5,566,66,,,,5.2,9.7,27
Quinn Ewers,QB,MIA,22.0,7.5,567,67,,68.86,252.5,5.2,9.7,27
Andy Dalton,QB,CAR,38.0,7.3,568,68,,56.2,,6.7,7.9,27
Cam Miller,QB,LVR,24.0,7.2,569,69,,,,5.1,9.4,27
Graham Mertz,QB,HOU,25.0,7.2,570,70,,,,5.0,9.4,27
Kyle McCord,QB,PHI,23.0,7.1,571,71,,71.4,,5.0,9.3,27
Will Howard,QB,PIT,24.0,7.0,572,72,328.75,50.46,204.2,4.9,9.1,27
Brandon Allen,QB,TEN,33.0,7.0,573,73,,69.2,,6.2,7.7,28
Jake Haener,QB,NOR,26.0,6.6,574,74,300.0,60.67,,4.6,8.6,28
Kyle Trask,QB,TAM,27.0,6.3,575,75,,60.38,,6.3,6.3,28
Taylor Heinicke,QB,LAC,32.0,5.8,576,76,,57.43,,5.8,5.8,28
Deshaun Watson,QB,CLE,30.0,5.7,577,77,278.0,50.86,,5.7,5.7,28
Stetson Bennett,QB,LAR,28.0,5.2,578,78,,83.0,,5.2,5.2,28
Riley Leonard,QB,IND,23.0,4.6,579,79,,70.0,,3.2,6.0,28
Kirk Cousins,QB,ATL,37.0,4.0,580,80,336.04,39.93,184.4,0.2,6.7,28
Clayton Tune,QB,ARI,26.0,3.6,581,81,,73.4,,2.5,4.6,28
Tyler Huntley,QB,CLE,27.0,2.2,582,82,,,,2.2,2.2,28
