"Rank","Player","Team","Bye","POS","ESPN","Sleeper","NFL","RTSports","FFC","AVG"
"1","Ja'Marr Chase","CIN","10","WR1","1","1","1","1","","1.0"
"2","Bijan Robinson","ATL","5","RB1","2","3","5","2","","2.8"
"3","Saquon Barkley","PHI","9","RB2","3","2","2","4","","2.8"
"4","Jahmyr Gibbs","DET","8","RB3","5","5","6","3","","4.6"
"5","Justin Jefferson","MIN","6","WR2","4","4","4","6","","4.6"
"6","CeeDee Lamb","DAL","10","WR3","6","6","3","5","","5.2"
"7","Christian McCaffrey","SF","14","RB4","7","13","12","7","","9.2"
"8","Amon-Ra St. Brown","DET","8","WR4","8","7","9","11","","9.2"
"9","Puka Nacua","LAR","8","WR5","9","8","7","10","","9.4"
"10","Malik Nabers","NYG","14","WR6","11","9","10","9","","9.6"
"11","Derrick Henry","BAL","7","RB5","13","10","8","13","","10.4"
"12","Ashton Jeanty","LV","8","RB6","10","11","11","8","","10.4"
"13","De'Von Achane","MIA","12","RB7","12","15","13","12","","12.4"
"14","Nico Collins","HOU","6","WR7","14","12","16","16","","14.4"
"15","Brian Thomas Jr.","JAC","8","WR8","16","14","14","15","","14.8"
"16","Josh Jacobs","GB","5","RB8","18","20","17","14","","17.0"
"17","A.J. Brown","PHI","9","WR9","15","17","15","23","","17.4"
"18","Brock Bowers","LV","8","TE1","20","16","18","20","","18.8"
"19","Jonathan Taylor","IND","11","RB9","17","23","22","19","","19.8"
"20","Drake London","ATL","5","WR10","22","18","20","21","","20.0"
"21","Bucky Irving","TB","9","RB10","23","19","25","17","","21.8"
"22","Lamar Jackson","BAL","7","QB1","21","24","19","26","","22.4"
"23","Josh Allen","BUF","7","QB2","19","21","21","28","","23.0"
"24","Kyren Williams","LAR","8","RB11","26","28","24","22","","24.2"
"25","Ladd McConkey","LAC","12","WR11","30","22","23","27","","25.2"
"26","Trey McBride","ARI","8","TE2","24","25","26","29","","26.6"
"27","Chase Brown","CIN","10","RB12","33","29","34","18","","27.4"
"28","Tyreek Hill","MIA","12","WR12","28","27","37","25","","28.8"
"29","Jayden Daniels","WAS","12","QB3","25","31","27","33","","30.8"
"30","Tee Higgins","CIN","10","WR13","27","30","31","38","","30.8"
"31","James Cook","BUF","7","RB13","32","35","29","30","","31.2"
"32","Breece Hall","NYJ","9","RB14","49","33","30","24","","33.6"
"33","Jaxon Smith-Njigba","SEA","8","WR14","36","26","39","34","","34.0"
"34","Joe Burrow","CIN","10","QB4","31","40","35","40","","35.4"
"35","Garrett Wilson","NYJ","9","WR15","39","32","36","37","","36.2"
"36","Davante Adams","LAR","8","WR16","35","42","42","36","","37.8"
"37","Jalen Hurts","PHI","9","QB5","29","39","33","46","","38.0"
"38","Alvin Kamara","NO","11","RB15","37","41","46","31","","38.2"
"39","George Kittle","SF","14","TE3","34","38","38","42","","38.2"
"40","Terry McLaurin","WAS","12","WR17","40","34","28","44","","38.4"
"41","Kenneth Walker III","SEA","8","RB16","38","45","41","35","","38.4"
"42","Mike Evans","TB","9","WR18","42","37","32","50","","40.2"
"43","Marvin Harrison Jr.","ARI","8","WR19","45","36","43","41","","41.2"
"44","Omarion Hampton","LAC","12","RB17","48","44","50","32","","43.2"
"45","Chuba Hubbard","CAR","14","RB18","44","47","52","39","","45.4"
"46","James Conner","ARI","8","RB19","47","52","49","45","","47.4"
"47","DJ Moore","CHI","5","WR20","53","46","48","47","","48.4"
"48","Rashee Rice","KC","10","WR21","58","43","40","54","","48.8"
"49","DK Metcalf","PIT","5","WR22","43","48","58","52","","49.6"
"50","Sam LaPorta","DET","8","TE4","41","49","44","63","","51.4"
"51","Joe Mixon","HOU","6","RB20","51","51","47","59","","52.0"
"52","Courtland Sutton","DEN","12","WR23","59","50","55","51","","53.6"
"53","Patrick Mahomes II","KC","10","QB6","46","58","45","64","","54.0"
"54","D'Andre Swift","CHI","5","RB21","56","74","60","43","","56.8"
"55","DeVonta Smith","PHI","9","WR24","62","53","54","57","","56.8"
"56","Xavier Worthy","KC","10","WR25","50","55","66","65","","57.2"
"57","David Montgomery","DET","8","RB22","60","56","64","58","","59.4"
"58","TreVeyon Henderson","NE","14","RB23","73","65","67","48","","61.8"
"59","Jameson Williams","DET","8","WR26","65","60","53","67","","61.8"
"60","Zay Flowers","BAL","7","WR27","55","54","69","68","","61.8"
"61","T.J. Hockenson","MIN","6","TE5","54","57","51","74","","62.2"
"62","RJ Harvey","DEN","12","RB24","79","61","70","49","","62.8"
"63","Travis Kelce","KC","10","TE6","57","66","57","66","","62.8"
"64","Aaron Jones Sr.","MIN","6","RB25","66","69","74","56","","63.8"
"65","Travis Hunter","JAC","8","WR28","61","63","59","72","","64.2"
"66","Baker Mayfield","TB","9","QB7","52","68","61","77","","65.8"
"67","George Pickens","DAL","10","WR29","64","59","76","70","","66.0"
"68","Isiah Pacheco","KC","10","RB26","74","64","62","61","","66.8"
"69","Tetairoa McMillan","CAR","14","WR30","75","62","78","55","","67.0"
"70","Calvin Ridley","TEN","10","WR31","63","75","72","62","","68.8"
"71","Kaleb Johnson","PIT","5","RB27","72","81","80","53","","69.6"
"72","Tony Pollard","TEN","10","RB28","87","77","82","60","","74.6"
"73","Jaylen Waddle","MIA","12","WR32","67","67","86","78","","74.8"
"74","Mark Andrews","BAL","7","TE7","70","79","56","94","","75.4"
"75","Bo Nix","DEN","12","QB8","68","76","65","89","","75.6"
"76","Jerry Jeudy","CLE","9","WR33","69","73","101","69","","76.2"
"77","Chris Godwin","TB","9","WR34","90","78","84","76","","79.6"
"78","Chris Olave","NO","11","WR35","88","70","87","73","","80.2"
"79","Brian Robinson Jr.","WAS","12","RB29","92","83","91","75","","83.0"
"80","Jordan Addison","MIN","6","WR36","91","71","90","84","","83.4"
"81","Rome Odunze","CHI","5","WR37","76","80","93","90","","85.2"
"82","Kyler Murray","ARI","8","QB9","77","97","81","97","","87.2"
"83","Evan Engram","DEN","12","TE8","80","88","75","88","","87.4"
"84","Cooper Kupp","SEA","8","WR38","78","87","105","83","","88.2"
"85","David Njoku","CLE","9","TE9","71","94","85","110","","88.4"
"86","Deebo Samuel Sr.","WAS","12","WR39","99","86","98","80","","88.4"
"87","Stefon Diggs","NE","14","WR40","85","90","95","87","","89.2"
"88","Tyrone Tracy Jr.","NYG","14","RB30","97","85","106","71","","91.2"
"89","Jaylen Warren","PIT","5","RB31","102","92","109","79","","93.4"
"90","Jakobi Meyers","LV","8","WR41","86","82","124","101","","94.0"
"91","Cam Skattebo","NYG","14","RB32","98","100","97","82","","94.0"
"92","Quinshon Judkins","CLE","9","RB33","140","72","89","86","","94.6"
"93","Khalil Shakir","BUF","7","WR42","104","84","99","99","","96.8"
"94","Travis Etienne Jr.","JAC","8","RB34","122","93","114","81","","100.0"
"95","Jauan Jennings","SF","14","WR43","110","96","108","91","","100.0"
"96","Matthew Golden","GB","5","WR44","89","98","125","93","","101.2"
"97","Javonte Williams","DAL","10","RB35","94","106","141","85","","103.6"
"98","Jared Goff","DET","8","QB10","113","91","100","114","","105.4"
"99","Brandon Aubrey","DAL","10","K1","96","128","71","125","","106.0"
"100","Brock Purdy","SF","14","QB11","82","109","103","124","","106.0"
"101","Ricky Pearsall","SF","14","WR45","112","101","119","105","","106.2"
"102","Dak Prescott","DAL","10","QB12","100","121","120","107","","107.8"
"103","Justin Fields","NYJ","9","QB13","115","136","63","122","","108.8"
"104","Jayden Reed","GB","5","WR46","118","99","123","111","","110.2"
"105","Rhamondre Stevenson","NE","14","RB36","108","114","122","104","","110.6"
"106","Tyler Warren","IND","11","TE10","124","95","107","113","","112.6"
"107","Najee Harris","LAC","12","RB37","155","103","112","103","","113.8"
"108","Caleb Williams","CHI","5","QB14","120","118","111","102","","114.6"
"109","Denver Broncos","DST","12","DST1","84","153","83","138","","115.2"
"110","Jonnu Smith","PIT","5","TE11","166","89","73","134","","115.4"
"111","Colston Loveland","CHI","5","TE12","117","107","116","108","","115.8"
"112","Tucker Kraft","GB","5","TE13","101","117","117","117","","116.2"
"113","Justin Herbert","LAC","12","QB15","95","105","126","129","","116.6"
"114","J.K. Dobbins","DEN","12","RB38","105","123","161","96","","117.4"
"115","Jordan Mason","MIN","6","RB39","139","110","145","92","","117.8"
"116","Philadelphia Eagles","DST","9","DST2","116","129","94","149","","119.0"
"117","Cameron Dicker","LAC","12","K2","111","131","79","148","","121.4"
"118","Zach Charbonnet","SEA","8","RB40","150","112","156","95","","122.4"
"119","Brandon Aiyuk","SF","14","WR47","163","104","118","123","","122.4"
"120","Emeka Egbuka","TB","9","WR48","121","108","157","112","","123.0"
"121","Josh Downs","IND","11","WR49","157","102","136","119","","125.6"
"122","Keon Coleman","BUF","7","WR50","109","119","144","136","","125.6"
"123","Michael Pittman Jr.","IND","11","WR51","119","115","176","116","","127.8"
"124","Darnell Mooney","ATL","5","WR52","127","111","169","131","","129.8"
"125","Pittsburgh Steelers","DST","5","DST3","83","132","130","160","","130.0"
"126","Rachaad White","TB","9","RB41","141","137","138","118","","131.4"
"127","Jake Bates","DET","8","K3","93","130","102","161","","131.6"
"128","Tyjae Spears","TEN","10","RB42","136","124","174","98","","131.6"
"129","Dalton Kincaid","BUF","7","TE14","131","113","128","145","","132.6"
"130","Jordan Love","GB","5","QB16","123","125","134","152","","133.4"
"131","Jake Ferguson","DAL","10","TE15","129","120","154","130","","134.8"
"132","Baltimore Ravens","DST","7","DST4","107","152","121","169","","135.8"
"133","Dallas Goedert","PHI","9","TE16","114","127","129","162","","135.8"
"134","Austin Ekeler","WAS","12","RB43","125","151","166","121","","136.4"
"135","C.J. Stroud","HOU","6","QB17","144","122","133","147","","140.0"
"136","Tank Bigsby","JAC","8","RB44","134","142","209","100","","140.2"
"137","Jaydon Blue","DAL","10","RB45","185","135","150","109","","140.8"
"138","Kyle Pitts Sr.","ATL","5","TE17","138","126","140","141","","142.0"
"139","Buffalo Bills","DST","7","DST5","148","179","96","151","","143.4"
"140","Jayden Higgins","HOU","6","WR53","130","116","205","127","","146.0"
"141","Tre' Harris","LAC","12","WR54","162","133","159","137","","146.0"
"142","J.J. McCarthy","MIN","6","QB18","132","141","152","140","","147.6"
"143","Drake Maye","NE","14","QB19","152","139","146","142","","148.2"
"144","Houston Texans","DST","6","DST6","81","183","142","157","","148.4"
"145","Chase McLaughlin","TB","9","K4","103","156","113","182","","148.8"
"146","Isaac Guerendo","SF","14","RB46","183","147","175","120","","149.2"
"147","Minnesota Vikings","DST","6","DST7","106","159","147","176","","149.8"
"148","Nick Chubb","HOU","6","RB47","164","143","189","115","","151.0"
"149","Rashid Shaheed","NO","11","WR55","126","134","181","170","","152.2"
"150","Bhayshul Tuten","JAC","8","RB48","208","145","155","132","","154.8"
"151","Zach Ertz","WAS","12","TE18","159","150","165","168","","155.4"
"152","Marvin Mims Jr.","DEN","12","WR56","153","138","171","135","","156.0"
"153","Chris Boswell","PIT","5","K5","135","155","68","215","","158.6"
"154","Ka'imi Fairbairn","HOU","6","K6","172","162","92","167","","161.2"
"155","Trey Benson","ARI","8","RB49","160","165","229","128","","162.8"
"156","Luther Burden III","CHI","5","WR57","169","140","212","159","","163.2"
"157","Tyler Allgeier","ATL","5","RB50","170","175","172","144","","164.0"
"158","Jerome Ford","CLE","9","RB51","143","177","246","106","","164.2"
"159","Jack Bech","LV","8","WR58","142","164","220","146","","165.0"
"160","Marquise Brown","KC","10","WR59","176","172","115","158","","165.6"
"161","Jake Elliott","PHI","9","K7","137","161","132","229","","166.8"
"162","Isaiah Likely","BAL","7","TE19","192","148","151","172","","168.0"
"163","Trevor Lawrence","JAC","8","QB20","179","167","184","154","","168.8"
"164","Harrison Butker","KC","10","K8","147","158","143","199","","169.4"
"165","Christian Kirk","HOU","6","WR60","241","146","170","164","","169.6"
"166","Hunter Henry","NE","14","TE20","158","168","173","156","","170.2"
"167","San Francisco 49ers","DST","14","DST8","177","157","77","234","","171.8"
"168","Tua Tagovailoa","MIA","12","QB21","165","197","192","155","","172.0"
"169","Ray Davis","BUF","7","RB52","225","166","217","126","","174.8"
"170","Detroit Lions","DST","8","DST9","128","180","148","219","","175.8"
"171","Rashod Bateman","BAL","7","WR61","189","163","183","189","","176.0"
"172","Cameron Ward","TEN","10","QB22","161","149","162","225","","176.6"
"173","Tyler Bass","BUF","7","K9","149","160","139","240","","178.6"
"174","Dylan Sampson","CLE","9","RB53","154","171","261","139","","178.8"
"175","Xavier Legette","CAR","14","WR62","156","178","203","177","","181.2"
"176","Michael Penix Jr.","ATL","5","QB23","181","170","186","192","","181.8"
"177","Kansas City Chiefs","DST","10","DST10","178","185","135","201","","182.2"
"178","Adam Thielen","CAR","14","WR63","151","169","207","204","","182.4"
"179","Matthew Stafford","LAR","8","QB24","167","192","160","207","","183.4"
"180","Braelon Allen","NYJ","9","RB54","205","195","233","133","","186.4"
"181","Kyle Williams","NE","14","WR64","193","144","215","185","","187.0"
"182","Jaylen Wright","MIA","12","RB55","215","198","230","150","","190.0"
"183","Jason Sanders","MIA","12","K10","145","272","110","233","","190.8"
"184","Wil Lutz","DEN","12","K11","204","228","131","180","","192.8"
"185","Dallas Cowboys","DST","10","DST11","188","269","158","210","","196.6"
"186","Kareem Hunt","KC","10","RB56","216","203","199","166","","196.6"
"187","Younghoe Koo","ATL","5","K12","190","181","168","254","","197.2"
"188","Washington Commanders","DST","12","DST12","206","154","164","247","","197.6"
"189","Brenton Strange","JAC","8","TE21","235","174","247","175","","198.8"
"190","Jalen McMillan","TB","9","WR65","231","176","211","171","","200.0"
"191","Quentin Johnston","LAC","12","WR66","194","199","256","216","","200.4"
"192","Darren Waller","MIA","12","TE22","200","229","177","205","","202.6"
"193","Pat Freiermuth","PIT","5","TE23","199","194","178","232","","202.6"
"194","Green Bay Packers","DST","5","DST13","187","227","193","239","","202.8"
"195","Evan McPherson","CIN","10","K13","184","187","188","250","","203.4"
"196","Cedric Tillman","CLE","9","WR67","180","188","310","184","","206.6"
"197","New York Jets","DST","9","DST14","175","230","206","245","","207.6"
"198","Anthony Richardson Sr.","IND","11","QB25","207","213","218","209","","209.6"
"199","Geno Smith","LV","8","QB26","211","211","197","227","","212.8"
"200","Roschon Johnson","CHI","5","RB57","279","202","270","174","","213.4"
"201","Romeo Doubs","GB","5","WR68","237","209","224","195","","214.2"
"202","Wan'Dale Robinson","NYG","14","WR69","236","193","260","186","","214.4"
"203","Los Angeles Chargers","DST","12","DST15","212","271","153","244","","217.8"
"204","Justice Hill","BAL","7","RB58","260","214","231","163","","218.2"
"205","Seattle Seahawks","DST","8","DST16","133","186","180","","","170.8"
"206","Rico Dowdle","CAR","14","RB59","","173","208","143","","177.8"
"207","DeAndre Hopkins","BAL","7","WR70","210","201","185","153","","187.3"
"208","Chicago Bears","DST","5","DST17","203","","88","235","","187.8"
"209","Bryce Young","CAR","14","QB27","186","190","187","194","","189.3"
"210","Matt Gay","WAS","12","K14","173","","179","243","","191.3"
"211","Tampa Bay Buccaneers","DST","9","DST18","191","184","137","260","","193.0"
"212","Mike Gesicki","CIN","10","TE24","198","191","248","173","","202.5"
"213","Tyler Loop","BAL","7","K15","171","182","213","246","","203.0"
"214","Cade Otton","TB","9","TE25","223","205","198","191","","204.3"
"215","Aaron Rodgers","PIT","5","QB28","195","207","194","221","","204.3"
"216","Arizona Cardinals","DST","8","DST19","196","","149","251","","204.5"
"217","New England Patriots","DST","14","DST20","146","234","191","248","","204.8"
"218","Sam Darnold","SEA","8","QB29","209","212","200","208","","207.3"
"219","Zack Moss","","","RB60","","292","201","197","","209.5"
"220","New York Giants","DST","14","DST21","182","231","190","237","","210.0"
"221","DeMario Douglas","NE","14","WR71","","206","297","183","","210.3"
"222","Brandon McManus","GB","5","K16","202","","204","236","","211.3"
"223","Chig Okonkwo","TEN","10","TE26","197","216","235","198","","211.5"
"224","Los Angeles Rams","DST","8","DST22","213","233","195","222","","215.8"
"225","Joshua Palmer","BUF","7","WR72","","200","239","230","","222.0"
"226","Raheem Mostert","LV","8","RB61","","242","232","226","","222.3"
"227","MarShawn Lloyd","GB","5","RB62","","243","275","187","","222.5"
"228","Elijah Arroyo","SEA","8","TE27","226","204","265","196","","222.8"
"229","Blake Corum","LAR","8","RB63","","210","243","211","","222.8"
"230","Daniel Carlson","LV","8","K17","217","268","163","253","","225.3"
"231","Mason Taylor","NYJ","9","TE28","267","196","251","190","","226.0"
"232","Will Shipley","PHI","9","RB64","","220","322","200","","229.5"
"233","Dalton Schultz","HOU","6","TE29","232","219","222","249","","230.5"
"234","DJ Giddens","IND","11","RB65","","221","312","202","","232.5"
"235","Will Reichard","MIN","6","K18","214","270","196","256","","234.0"
"236","Jake Moody","SF","14","K19","221","267","202","261","","237.8"
"237","Elijah Mitchell","KC","10","RB66","","286","268","193","","240.8"
"238","Taysom Hill","NO","11","TE30","257","303","263","","","246.8"
"239","Woody Marks","HOU","6","RB67","","250","413","181","","252.8"
"240","Isaac TeSlaa","DET","8","WR73","250","279","245","252","","256.5"
"241","Jacory Croskey-Merritt","WAS","12","RB68","","237","388","220","","265.0"
"242","Jarquez Hunter","LAR","8","RB69","","217","521","178","","272.5"
"243","Pat Bryant","DEN","12","WR74","","208","387","255","","269.0"
"244","Cincinnati Bengals","DST","10","DST23","222","","104","257","","194.3"
"245","Cleveland Browns","DST","9","DST24","219","","127","259","","201.7"
"246","Shedeur Sanders","CLE","9","QB30","201","236","219","","","218.7"
"247","Indianapolis Colts","DST","11","DST25","168","275","223","","","222.0"
"248","Miles Sanders","DAL","10","RB70","","238","252","179","","223.0"
"249","Alec Pierce","IND","11","WR75","","218","240","214","","224.0"
"250","Tyler Lockett","TEN","10","WR76","228","222","234","","","228.0"
"251","Dont'e Thornton Jr.","LV","8","WR77","","189","264","238","","230.3"
"252","Joshua Karty","LAR","8","K20","227","","210","258","","231.7"
"253","Jalen Royals","KC","10","WR78","293","226","452","223","","298.5"
"254","Tahj Brooks","CIN","10","RB71","305","247","450","203","","301.3"
"255","Calvin Austin III","PIT","5","WR79","","235","253","","","237.3"
"256","Jaxson Dart","NYG","14","QB31","220","241","254","","","238.3"
"257","Russell Wilson","NYG","14","QB32","245","251","228","","","241.3"
"258","Cole Kmet","CHI","5","TE31","238","261","226","","","241.7"
"259","Las Vegas Raiders","DST","8","DST26","234","274","221","","","243.0"
"260","Miami Dolphins","DST","12","DST27","246","273","214","","","244.3"
"261","Kyle Monangai","CHI","5","RB72","","249","336","165","","250.0"
"262","Jacksonville Jaguars","DST","8","DST28","230","277","244","","","250.3"
"263","Tennessee Titans","DST","10","DST29","262","232","262","","","252.0"
"264","New Orleans Saints","DST","11","DST30","239","276","241","","","252.0"
"265","Keenan Allen","","","WR80","","215","363","188","","255.3"
"266","Trevor Etienne","CAR","14","RB73","","295","259","217","","257.0"
"267","Andrei Iosivas","CIN","10","WR81","","280","283","212","","258.3"
"268","Noah Gray","KC","10","TE32","270","260","249","","","259.7"
"269","Brashard Smith","KC","10","RB74","","224","362","206","","264.0"
"270","Jalen Milroe","SEA","8","QB33","242","283","272","","","265.7"
"271","Justin Tucker","","","K21","218","278","302","","","266.0"
"272","Tyler Higbee","LAR","8","TE33","253","291","257","","","267.0"
"273","Ollie Gordon II","MIA","12","RB75","","265","324","231","","273.3"
"274","Jaylin Noel","HOU","6","WR82","","223","361","241","","275.0"
"275","Ja'Tavion Sanders","CAR","14","TE34","303","248","274","","","275.0"
"276","Terrance Ferguson","LAR","8","TE35","287","239","305","","","277.0"
"277","Dontayvion Wicks","GB","5","WR83","281","263","291","","","278.3"
"278","Dyami Brown","JAC","8","WR84","","246","353","242","","280.3"
"279","Kendre Miller","NO","11","RB76","","287","380","","","285.0"
"280","Cairo Santos","CHI","5","K22","174","","225","","","199.5"
"281","Jason Myers","SEA","8","K23","233","","182","","","207.5"
"282","Joe Flacco","CLE","9","QB34","350","284","287","","","307.0"
"283","Devin Neal","NO","11","RB77","","225","523","218","","322.0"
"284","Atlanta Falcons","DST","5","DST31","229","","216","","","222.5"
"285","Jaleel McLaughlin","DEN","12","RB78","","300","167","","","233.5"
"286","Roman Wilson","PIT","5","WR85","324","258","386","","","322.7"
"287","Cam Little","JAC","8","K24","256","","227","","","241.5"
"288","Kayshon Boutte","NE","14","WR86","309","296","379","","","328.0"
"289","Troy Franklin","DEN","12","WR87","304","298","383","","","328.3"
"290","Carolina Panthers","DST","14","DST32","224","","266","","","245.0"
"291","Blake Grupe","NO","11","K25","254","","236","","","245.0"
"292","Samaje Perine","CIN","10","RB79","","","314","","","246.0"
"293","Tank Dell","HOU","6","WR88","255","","242","","","248.5"
"294","Dawson Knox","BUF","7","TE36","244","","255","","","249.5"
"295","KaVontae Turpin","DAL","10","WR89","265","","237","","","251.0"
"296","Andy Borregales","NE","14","K26","243","","269","","","256.0"
"297","Graham Gano","NYG","14","K27","240","","276","","","258.0"
"298","A.J. Dillon","PHI","9","RB80","","","293","228","","260.5"
"299","Dustin Hopkins","CLE","9","K28","247","","285","","","266.0"
"300","Xavier Restrepo","TEN","10","WR90","338","281","412","","","343.7"
"301","Jimmy Horn Jr.","CAR","14","WR91","249","","286","","","267.5"
"302","Juwan Johnson","NO","11","TE37","","256","280","","","268.0"
"303","Kirk Cousins","ATL","5","QB35","269","","267","","","268.0"
"304","Sean Tucker","TB","9","RB81","","","328","213","","270.5"
"305","Antonio Gibson","NE","14","RB82","","","318","224","","271.0"
"306","Elic Ayomanor","TEN","10","WR92","","240","304","","","272.0"
"307","Diontae Johnson","CLE","9","WR93","","266","278","","","272.0"
"308","Jahan Dotson","PHI","9","WR94","252","","296","","","274.0"
"309","Joey Slye","TEN","10","K29","264","","290","","","277.0"
"310","AJ Barner","SEA","8","TE38","276","","279","","","277.5"
"311","JuJu Smith-Schuster","KC","10","WR95","284","","277","","","280.5"
"312","Tyler Shough","NO","11","QB36","","255","313","","","284.0"
"313","Chad Ryland","ARI","8","K30","298","","271","","","284.5"
"314","Darius Slayton","NYG","14","WR96","","253","317","","","285.0"
"315","Tim Patrick","DET","8","WR97","283","","288","","","285.5"
"316","Michael Wilson","ARI","8","WR98","","252","320","","","286.0"
"317","Tyler Conklin","LAC","12","TE39","","299","273","","","286.0"
"318","Tory Horton","SEA","8","WR99","361","294","416","","","357.0"
"319","Luke McCaffrey","WAS","12","WR100","275","","301","","","288.0"
"320","Ray-Ray McCloud III","ATL","5","WR101","","","316","262","","289.0"
"321","Luke Musgrave","GB","5","TE40","261","","319","","","290.0"
"322","Theo Johnson","NYG","14","TE41","","254","330","","","292.0"
"323","Parker Romo","NE","14","K31","277","","309","","","293.0"
"324","Marquez Valdes-Scantling","SEA","8","WR102","","290","298","","","294.0"
"325","Tutu Atwell","LAR","8","WR103","","297","294","","","295.5"
"326","Daniel Jones","IND","11","QB37","","259","333","","","296.0"
"327","Jalen Coker","CAR","14","WR104","","244","349","","","296.5"
"328","Hunter Renfrow","CAR","14","WR105","251","","342","","","296.5"
"329","Michael Mayer","LV","8","TE42","","301","292","","","296.5"
"330","Jordan James","SF","14","RB83","","257","337","","","297.0"
"331","Harold Fannin Jr.","CLE","9","TE43","331","264","518","","","371.0"
"332","Christian Watson","GB","5","WR106","","288","308","","","298.0"
"333","Will Dissly","LAC","12","TE44","307","","289","","","298.0"
"334","Grant Calcaterra","PHI","9","TE45","297","","300","","","298.5"
"335","Will Howard","PIT","5","QB38","274","","325","","","299.5"
"336","Joe Milton III","DAL","10","QB39","280","","329","","","304.5"
"337","Austin Hooper","NE","14","TE46","286","","331","","","308.5"
"338","Ryan Fitzgerald","CAR","14","K32","263","","360","","","311.5"
"339","Elijah Moore","BUF","7","WR107","328","","295","","","311.5"
"340","Keaton Mitchell","BAL","7","RB84","","282","346","","","314.0"
"341","Jameis Winston","NYG","14","QB40","292","","338","","","315.0"
"342","Brock Wright","DET","8","TE47","323","","307","","","315.0"
"343","Adonai Mitchell","IND","11","WR108","","262","384","","","323.0"
"344","Harrison Mevis","NYJ","9","K33","289","","359","","","324.0"
"345","Joshua Dobbs","NE","14","QB41","282","","367","","","324.5"
"346","Jake Bobo","SEA","8","WR109","295","","356","","","325.5"
"347","Darnell Washington","PIT","5","TE48","341","","311","","","326.0"
"348","Audric Estime","DEN","12","RB85","340","","321","","","330.5"
"349","Deshaun Watson","CLE","9","QB42","268","","394","","","331.0"
"350","Tanner McKee","PHI","9","QB43","288","","381","","","334.5"
"351","Kalif Raymond","DET","8","WR110","329","","340","","","334.5"
"352","Spencer Shrader","IND","11","K34","351","","323","","","337.0"
"353","Jalen Nailor","MIN","6","WR111","347","","327","","","337.0"
"354","Jermaine Burton","CIN","10","WR112","372","302","510","","","394.7"
"355","Noah Fant","CIN","10","TE49","426","","250","","","338.0"
"356","Jordan Whittington","LAR","8","WR113","","293","385","","","339.0"
"357","Josh Oliver","MIN","6","TE50","311","","370","","","340.5"
"358","Carson Steele","KC","10","RB86","325","","358","","","341.5"
"359","Greg Joseph","","","K35","332","","352","","","342.0"
"360","Craig Reynolds","DET","8","RB87","314","","371","","","342.5"
"361","Malik Willis","GB","5","QB44","291","","402","","","346.5"
"362","Drew Lock","SEA","8","QB45","352","","341","","","346.5"
"363","Robert Woods","PIT","5","WR114","335","","364","","","349.5"
"364","Zamir White","LV","8","RB88","271","","431","","","351.0"
"365","Jalin Hyatt","NYG","14","WR115","299","","405","","","352.0"
"366","Amari Cooper","","","WR116","","245","460","","","352.5"
"367","Deuce Vaughn","DAL","10","RB89","353","","355","","","354.0"
"368","Mitchell Trubisky","BUF","7","QB46","319","","393","","","356.0"
"369","Sterling Shepard","TB","9","WR117","373","","339","","","356.0"
"370","Oronde Gadsden II","LAC","12","TE51","427","285","524","","","412.0"
"371","Mack Hollins","NE","14","WR118","320","","395","","","357.5"
"372","Luke Schoonmaker","DAL","10","TE52","313","","403","","","358.0"
"373","Ty Chandler","MIN","6","RB90","339","","377","","","358.0"
"374","Mac Jones","SF","14","QB47","344","","375","","","359.5"
"375","Kendrick Bourne","NE","14","WR119","300","","421","","","360.5"
"376","Elijah Higgins","ARI","8","TE53","378","","345","","","361.5"
"377","Quinn Ewers","MIA","12","QB48","310","","414","","","362.0"
"378","J.J. Taylor","HOU","6","RB91","380","","344","","","362.0"
"379","Nick Folk","NYJ","9","K36","272","","457","","","364.5"
"380","Hendon Hooker","DET","8","QB49","296","","435","","","365.5"
"381","Matthew Wright","CAR","14","K37","397","","334","","","365.5"
"382","Andy Dalton","CAR","14","QB50","342","","389","","","365.5"
"383","Mecole Hardman Jr.","GB","5","WR120","366","","368","","","367.0"
"384","Kyle Juszczyk","SF","14","RB92","","","238","","","238.0"
"385","Odell Beckham Jr.","","","WR121","278","","459","","","368.5"
"386","Ben Sinnott","WAS","12","TE54","","289","448","","","368.5"
"387","Devaughn Vele","DEN","12","WR122","391","","347","","","369.0"
"388","Cooper Rush","BAL","7","QB51","318","","423","","","370.5"
"389","Ainias Smith","PHI","9","WR123","395","","348","","","371.5"
"390","Olamide Zaccheaus","CHI","5","WR124","322","","425","","","373.5"
"391","Jimmy Garoppolo","LAR","8","QB52","357","","390","","","373.5"
"392","Trey Lance","LAC","12","QB53","321","","430","","","375.5"
"393","Aidan O'Connell","LV","8","QB54","348","","404","","","376.0"
"394","Devin Singletary","NYG","14","RB93","","","258","","","258.0"
"395","Jordan Travis","","","QB55","258","","","","","258.0"
"396","KeAndre Lambert-Smith","LAC","12","WR125","259","","713","","","486.0"
"397","Dameon Pierce","HOU","6","RB94","460","","299","","","379.5"
"398","Adam Trautman","DEN","12","TE55","363","","400","","","381.5"
"399","Jermar Jefferson","TEN","10","RB95","266","","575","","","420.5"
"400","Tylan Wallace","BAL","7","WR126","337","","429","","","383.0"
"401","Jarrett Stidham","DEN","12","QB56","368","","399","","","383.5"
"402","Jaylin Lane","WAS","12","WR127","317","","455","","","386.0"
"403","Jude McAtamney","NYG","14","K38","273","","515","","","394.0"
"404","Tommy Tremble","CAR","14","TE56","402","","374","","","388.0"
"405","Kenneth Gainwell","PIT","5","RB96","","","281","","","281.0"
"406","Jalen Tolbert","DAL","10","WR128","","","282","","","282.0"
"407","Tre Tucker","LV","8","WR129","","","284","","","284.0"
"408","Equanimeous St. Brown","","","WR130","285","","542","","","413.5"
"409","Scott Matlock","LAC","12","DT1","290","","","","","290.0"
"410","Nathan Rourke","","","QB57","294","","","","","294.0"
"411","Daniel Bellinger","NYG","14","TE57","362","","432","","","397.0"
"412","C.J. Ham","MIN","6","RB97","377","","419","","","398.0"
"413","Patrick Ricard","BAL","7","RB98","376","","422","","","399.0"
"414","Tez Johnson","TB","9","WR131","345","","454","","","399.5"
"415","Tai Felton","MIN","6","WR132","346","","453","","","399.5"
"416","Tyson Bagent","CHI","5","QB58","301","","618","","","459.5"
"417","Julian Hill","MIA","12","TE58","419","","382","","","400.5"
"418","Savion Williams","GB","5","WR133","302","","683","","","492.5"
"419","Brandin Cooks","NO","11","WR134","","","303","","","303.0"
"420","Mason Rudolph","PIT","5","QB59","334","","468","","","401.0"
"421","Nick Westbrook-Ikhine","MIA","12","WR135","","","306","","","306.0"
"422","Ben DiNucci","","","QB60","306","","","","","306.0"
"423","John Samuel Shenker","","","TE59","308","","","","","308.0"
"424","Marcus Mariota","WAS","12","QB61","420","","391","","","405.5"
"425","Tommy DeVito","NYG","14","QB62","312","","504","","","408.0"
"426","Ezekiel Elliott","","","RB99","315","","","","","315.0"
"427","Allen Lazard","NYJ","9","WR136","","","315","","","315.0"
"428","Matt Barkley","","","QB63","316","","","","","316.0"
"429","Damien Martinez","SEA","8","RB100","404","","417","","","410.5"
"430","Kimani Vidal","LAC","12","RB101","415","","408","","","411.5"
"431","Alexander Mattison","MIA","12","RB102","","","326","","","326.0"
"432","Mitchell Evans","CAR","14","TE60","326","","668","","","497.0"
"433","Mason Crosby","","","K39","327","","","","","327.0"
"434","Sione Vaki","DET","8","RB103","381","","445","","","413.0"
"435","Zach Wilson","MIA","12","QB64","330","","756","","","543.0"
"436","Ty Johnson","BUF","7","RB104","","","332","","","332.0"
"437","Julio Jones","","","WR137","333","","","","","333.0"
"438","Connor Heyward","PIT","5","TE61","478","","354","","","416.0"
"439","Emanuel Wilson","GB","5","RB105","","","335","","","335.0"
"440","Johnny Wilson","PHI","9","WR138","336","","645","","","490.5"
"441","Drew Sample","CIN","10","TE62","","","343","","","343.0"
"442","Max Duggan","","","QB65","343","","","","","343.0"
"443","Demarcus Robinson","SF","14","WR139","480","","365","","","422.5"
"444","Zane Gonzalez","","","K40","382","","466","","","424.0"
"445","Terrace Marshall Jr.","PHI","9","WR140","349","","573","","","461.0"
"446","Brandon Allen","TEN","10","QB66","385","","464","","","424.5"
"447","Noah Brown","WAS","12","WR141","","","351","","","351.0"
"448","David Moore","CAR","14","WR142","456","","397","","","426.5"
"449","Gavin Bartholomew","MIN","6","TE63","354","","522","","","438.0"
"450","DeWayne McBride","","","RB106","355","","","","","355.0"
"451","Spencer Rattler","NO","11","QB67","","","357","","","357.0"
"452","Dalvin Cook","","","RB107","358","","","","","358.0"
"453","Devontez Walker","BAL","7","WR143","359","","633","","","496.0"
"454","LaJohntay Wester","BAL","7","WR144","360","","667","","","513.5"
"455","Carson Wentz","","","QB68","364","","531","","","447.5"
"456","Arian Smith","NYJ","9","WR145","365","","708","","","536.5"
"457","Curtis Samuel","BUF","7","WR146","","","366","","","366.0"
"458","Cade York","","","K41","464","","401","","","432.5"
"459","Stetson Bennett IV","LAR","8","QB69","367","","613","","","490.0"
"460","Greg Dortch","ARI","8","WR147","","","369","","","369.0"
"461","Derius Davis","LAC","12","WR148","429","","439","","","434.0"
"462","Lil'Jordan Humphrey","NYG","14","WR149","369","","550","","","459.5"
"463","Eddy Pineiro","","","K42","370","","540","","","455.0"
"464","Rondale Moore","MIN","6","WR150","371","","757","","","564.0"
"465","Darrynton Evans","BUF","7","RB108","","","372","","","372.0"
"466","Travis Homer","CHI","5","RB109","398","","473","","","435.5"
"467","Clyde Edwards-Helaire","NO","11","RB110","","","373","","","373.0"
"468","Avery Williams","PHI","9","RB111","374","","572","","","473.0"
"469","Anthony Brown Jr.","","","QB70","375","","","","","375.0"
"470","Hassan Haskins","LAC","12","RB112","","","376","","","376.0"
"471","Miles Boykin","CHI","5","WR151","403","","472","","","437.5"
"472","Raheem Blackshear","CAR","14","RB113","379","","497","","","438.0"
"473","Sincere McCormick","LV","8","RB114","","","378","","","378.0"
"474","Julius Chestnut","TEN","10","RB115","384","","496","","","440.0"
"475","Kadarius Toney","","","WR152","383","","755","","","569.0"
"476","Donovan Peoples-Jones","NO","11","WR153","386","","561","","","473.5"
"477","DJ Chark Jr.","ATL","5","WR154","387","","734","","","560.5"
"478","Tyler Scott","CHI","5","WR155","389","","","","","389.0"
"479","Charlie Kolar","BAL","7","TE64","399","","489","","","444.0"
"480","Teddy Bridgewater","TB","9","QB71","390","","","","","390.0"
"481","Jeremy McNichols","WAS","12","RB116","","","392","","","392.0"
"482","Jalen Reagor","LAC","12","WR156","392","","567","","","479.5"
"483","Lucas Havrisik","","","K43","393","","","","","393.0"
"484","Malachi Corley","NYJ","9","WR157","394","","800","","","597.0"
"485","Mo Alie-Cox","IND","11","TE65","","","396","","","396.0"
"486","Tom Kennedy","DET","8","WR158","396","","557","","","476.5"
"487","Justin Watson","HOU","6","WR159","","","398","","","398.0"
"488","Louis Rees-Zammit","","","RB117","400","","638","","","519.0"
"489","Jaren Hall","","","QB72","401","","","","","401.0"
"490","D.J. Montgomery","IND","11","WR160","405","","553","","","479.0"
"491","E.J. Jenkins","PHI","9","TE66","","","406","","","406.0"
"492","LeQuint Allen Jr.","JAC","8","RB118","406","","845","","","625.5"
"493","Chris Brooks","GB","5","RB119","","","407","","","407.0"
"494","Sam Howell","MIN","6","QB73","411","","495","","","453.0"
"495","Jonathan Mingo","DAL","10","WR161","407","","606","","","506.5"
"496","Dorian Thompson-Robinson","PHI","9","QB74","408","","608","","","508.0"
"497","Baylor Cupp","BAL","7","TE67","409","","","","","409.0"
"498","Jacob Cowing","SF","14","WR162","","","409","","","409.0"
"499","Frank Gore Jr.","BUF","7","RB120","","","410","","","410.0"
"500","Lenny Krieg","ATL","5","K44","","","411","","","411.0"
"501","Ja'Corey Brooks","WAS","12","WR163","412","","","","","412.0"
"502","Ryan Tannehill","","","QB75","413","","","","","413.0"
"503","Charlie Jones","CIN","10","WR164","414","","607","","","510.5"
"504","Ben Sauls","PIT","5","K45","","","415","","","415.0"
"505","Javon Baker","NE","14","WR165","416","","799","","","607.5"
"506","Matt Ammendola","","","K46","417","","","","","417.0"
"507","Mitch Van Vooren","CLE","9","WR166","","","418","","","418.0"
"508","Chris Rodriguez Jr.","WAS","12","RB121","475","","442","","","458.5"
"509","Xavier Gipson","NYJ","9","WR167","418","","620","","","519.0"
"510","Ben Skowronek","PIT","5","WR168","436","","483","","","459.5"
"511","Israel Abanikanda","GB","5","RB122","421","","615","","","518.0"
"512","Kyle Trask","TB","9","QB76","422","","582","","","502.0"
"513","Malik Heath","GB","5","WR169","423","","619","","","521.0"
"514","Ian Thomas","LV","8","TE68","","","424","","","424.0"
"515","Devin Duvernay","CHI","5","WR170","424","","558","","","491.0"
"516","John Ross","","","WR171","425","","","","","425.0"
"517","Cam Akers","NO","11","RB123","498","","426","","","462.0"
"518","Van Jefferson","TEN","10","WR172","","","427","","","427.0"
"519","Jonathan Ward","NYG","14","RB124","","","428","","","428.0"
"520","Jamari Thrash","CLE","9","WR173","428","","794","","","611.0"
"521","Chimere Dike","TEN","10","WR174","430","","840","","","635.0"
"522","Sean Clifford","GB","5","QB77","431","","","","","431.0"
"523","Cade Stover","HOU","6","TE69","432","","637","","","534.5"
"524","Melvin Gordon","III","","RB125","433","","","","","433.0"
"525","Kenny Pickett","CLE","9","QB78","","","433","","","433.0"
"526","Tyrion Davis-Price","","","RB126","","","434","","","434.0"
"527","Laviska Shenault Jr.","BUF","7","WR175","434","","743","","","588.5"
"528","Brayden Narveson","","","K47","435","","","","","435.0"
"529","Anders Carlson","","","K48","","","436","","","436.0"
"530","Skyy Moore","KC","10","WR176","443","","492","","","467.5"
"531","Parker Washington","JAC","8","WR177","","","437","","","437.0"
"532","Desmond Ridder","CIN","10","QB79","449","","487","","","468.0"
"533","Ryan Flournoy","DAL","10","WR178","437","","635","","","536.0"
"534","Phillip Dorsett II","LV","8","WR179","438","","","","","438.0"
"535","Davis Allen","LAR","8","TE70","","","438","","","438.0"
"536","Nathan Peterman","","","QB80","439","","","","","439.0"
"537","Leonard Fournette","","","RB127","440","","","","","440.0"
"538","Trey Palmer","TB","9","WR180","500","","441","","","470.5"
"539","Sam Ehlinger","DEN","12","QB81","441","","751","","","596.0"
"540","Hunter Luepke","DAL","10","RB128","","","443","","","443.0"
"541","Malik Knowles","","","WR181","","","444","","","444.0"
"542","Scotty Miller","PIT","5","WR182","444","","554","","","499.0"
"543","Cole Fotheringham","NE","14","TE71","445","","","","","445.0"
"544","Malik Washington","MIA","12","WR183","","","446","","","446.0"
"545","Ja'Lynn Polk","NE","14","WR184","446","","511","","","478.5"
"546","Case Keenum","CHI","5","QB82","447","","","","","447.0"
"547","Charlie Smyth","NO","11","K49","","","447","","","447.0"
"548","Rasheen Ali","BAL","7","RB129","448","","509","","","478.5"
"549","Kendall Milton","CIN","10","RB130","","","449","","","449.0"
"550","Tanner Brown","","","K50","450","","","","","450.0"
"551","Dillon Gabriel","CLE","9","QB83","","","451","","","451.0"
"552","Quintez Cephus","","","WR185","451","","563","","","507.0"
"553","Kylen Granson","PHI","9","TE72","452","","752","","","602.0"
"554","Efton Chism III","NE","14","WR186","453","","698","","","575.5"
"555","Kyle McCord","PHI","9","QB84","454","","710","","","582.0"
"556","Jermaine Jackson","","","WR187","455","","","","","455.0"
"557","Tyrod Taylor","NYJ","9","QB85","","","456","","","456.0"
"558","Mike White","BUF","7","QB86","457","","731","","","594.0"
"559","Cordarrelle Patterson","","","RB131","","","458","","","458.0"
"560","Michael Burton","DEN","12","RB132","496","","461","","","478.5"
"561","Nick Mullens","JAC","8","QB87","458","","730","","","594.0"
"562","Matt Corral","","","QB88","459","","","","","459.0"
"563","Ihmir Smith-Marsette","NYG","14","WR188","461","","579","","","520.0"
"564","Laquon Treadwell","IND","11","WR189","","","462","","","462.0"
"565","Charlie Woerner","ATL","5","TE73","483","","478","","","480.5"
"566","Bub Means","NO","11","WR190","462","","512","","","487.0"
"567","Jacoby Brissett","ARI","8","QB89","","","463","","","463.0"
"568","Robbie Ouzts","SEA","8","TE74","463","","870","","","666.5"
"569","Eric Saubert","SEA","8","TE75","","","465","","","465.0"
"570","Kyle Allen","DET","8","QB90","465","","545","","","505.0"
"571","Harrison Bryant","PHI","9","TE76","466","","560","","","513.0"
"572","Dante Pettis","NO","11","WR191","","","467","","","467.0"
"573","Tommy Mellott","LV","8","QB91","467","","694","","","580.5"
"574","Jeremy Ruckert","NYJ","9","TE77","468","","595","","","531.5"
"575","KhaDarel Hodge","ATL","5","WR192","","","469","","","469.0"
"576","Matt Prater","","","K51","469","","529","","","499.0"
"577","Braxton Berrios","HOU","6","WR193","470","","732","","","601.0"
"578","Trayveon Williams","CLE","9","RB133","","","471","","","471.0"
"579","Gardner Minshew II","KC","10","QB92","471","","552","","","511.5"
"580","Dominic Lovett","DET","8","WR194","472","","679","","","575.5"
"581","Kalel Mullings","TEN","10","RB134","473","","841","","","657.0"
"582","Trenton Irwin","JAC","8","WR195","","","474","","","474.0"
"583","Ko Kieft","TB","9","TE78","474","","770","","","622.0"
"584","Malik Taylor","DET","8","WR196","","","475","","","475.0"
"585","Giovanni Ricci","MIN","6","TE79","","","476","","","476.0"
"586","Gunnar Helm","TEN","10","TE80","476","","686","","","581.0"
"587","Patrick Taylor Jr.","SF","14","RB135","","","477","","","477.0"
"588","Zay Jones","ARI","8","WR197","477","","725","","","601.0"
"589","Colby Parkinson","LAR","8","TE81","","","479","","","479.0"
"590","Irv Smith Jr.","HOU","6","TE82","479","","551","","","515.0"
"591","Kenny Yeboah","DET","8","TE83","","","480","","","480.0"
"592","Khalil Herbert","IND","11","RB136","","","481","","","481.0"
"593","John Bates","WAS","12","TE84","481","","583","","","532.0"
"594","Chase Edmonds","","","RB137","482","","","","","482.0"
"595","Brevin Jordan","HOU","6","TE85","","","482","","","482.0"
"596","Trey Sermon","PIT","5","RB138","","","484","","","484.0"
"597","Riley Leonard","IND","11","QB93","484","","520","","","502.0"
"598","Riley Patterson","","","K52","","","485","","","485.0"
"599","Jordan Watkins","SF","14","WR198","485","","715","","","600.0"
"600","Jaret Patterson","LAC","12","RB139","","","486","","","486.0"
"601","Brady Russell","SEA","8","TE86","486","","780","","","633.0"
"602","Gary Brightwell","CIN","10","RB140","487","","580","","","533.5"
"603","Carson Strong","","","QB94","488","","","","","488.0"
"604","Tyler Badie","DEN","12","RB141","","","488","","","488.0"
"605","Bailey Zappe","KC","10","QB95","489","","767","","","628.0"
"606","Tyler Goodson","IND","11","RB142","","","490","","","490.0"
"607","Jonathon Brooks","CAR","14","RB143","490","","793","","","641.5"
"608","John Metchie III","HOU","6","WR199","","","491","","","491.0"
"609","Ricky White III","SEA","8","WR200","491","","871","","","681.0"
"610","Damien Harris","","","RB144","492","","","","","492.0"
"611","Randy Bullock","","","K53","493","","","","","493.0"
"612","Skylar Thompson","PIT","5","QB96","","","493","","","493.0"
"613","Bo Melton","GB","5","WR201","","","494","","","494.0"
"614","Danny Gray","","","WR202","494","","","","","494.0"
"615","Jha'Quan Jackson","TEN","10","WR203","495","","796","","","645.5"
"616","Ameer Abdullah","SF","14","RB145","497","","722","","","609.5"
"617","Justin Shorter","LV","8","WR204","","","498","","","498.0"
"618","Josh Whyle","TEN","10","TE87","","","499","","","499.0"
"619","Xavier Hutchinson","HOU","6","WR205","","","500","","","500.0"
"620","Ronnie Bell","DET","8","WR206","","","501","","","501.0"
"621","Payne Durham","TB","9","TE88","","","502","","","502.0"
"622","Andre Szmyt","CLE","9","K54","","","503","","","503.0"
"623","Nikko Remigio","KC","10","WR207","","","505","","","505.0"
"624","Jordan Mims","TEN","10","RB146","","","506","","","506.0"
"625","Nate Adkins","DEN","12","TE89","","","507","","","507.0"
"626","Ryan Miller","TB","9","WR208","","","508","","","508.0"
"627","George Holani","SEA","8","RB147","","","513","","","513.0"
"628","Jabari Small","DET","8","RB148","","","514","","","514.0"
"629","Terrell Jennings","NE","14","RB149","","","516","","","516.0"
"630","Jahmal Banks","BAL","7","WR209","","","517","","","517.0"
"631","Michael Gallup","WAS","12","WR210","499","","536","","","517.5"
"632","Jalen White","GB","5","RB150","","","519","","","519.0"
"633","Ryan Coe","TB","9","K55","","","525","","","525.0"
"634","Josh Johnson","WAS","12","QB97","","","528","","","528.0"
"635","Taylor Heinicke","LAC","12","QB98","","","530","","","530.0"
"636","Jamaal Williams","","","RB151","","","532","","","532.0"
"637","Jamal Agnew","ATL","5","WR211","","","533","","","533.0"
"638","Pharaoh Brown","MIA","12","TE90","","","534","","","534.0"
"639","Dare Ogunbowale","HOU","6","RB152","","","535","","","535.0"
"640","Hayden Hurst","","","TE91","","","537","","","537.0"
"641","John Kelly Jr.","","","RB153","","","538","","","538.0"
"642","Anthony Miller","BAL","7","WR212","","","539","","","539.0"
"643","Durham Smythe","CHI","5","TE92","","","541","","","541.0"
"644","Cedrick Wilson Jr.","NO","11","WR213","","","543","","","543.0"
"645","Ross Dwelley","SF","14","TE93","","","544","","","544.0"
"646","Keith Kirkwood","BAL","7","WR214","","","546","","","546.0"
"647","Foster Moreau","NO","11","TE94","","","547","","","547.0"
"648","Kelvin Harmon","","","WR215","","","548","","","548.0"
"649","Jake Browning","CIN","10","QB99","","","549","","","549.0"
"650","Jakob Johnson","HOU","6","RB154","","","555","","","555.0"
"651","Steven Sims Jr.","SEA","8","WR216","","","556","","","556.0"
"652","Isaiah Hodgins","SF","14","WR217","","","559","","","559.0"
"653","Sean McKeon","IND","11","TE95","","","562","","","562.0"
"654","Cody White","SEA","8","WR218","","","564","","","564.0"
"655","Trishton Jackson","ARI","8","WR219","","","565","","","565.0"
"656","K.J. Osborn","WAS","12","WR220","","","566","","","566.0"
"657","DeeJay Dallas","ARI","8","RB155","","","568","","","568.0"
"658","Reggie Gilliam","BUF","7","RB156","","","569","","","569.0"
"659","Mason Kinsey","TEN","10","WR221","","","570","","","570.0"
"660","Tim Jones","MIN","6","WR222","","","571","","","571.0"
"661","Demetric Felton Jr.","WAS","12","RB157","","","574","","","574.0"
"662","Davis Mills","HOU","6","QB100","","","576","","","576.0"
"663","Luke Farrell","SF","14","TE96","","","577","","","577.0"
"664","Zach Davidson","BUF","7","TE97","","","578","","","578.0"
"665","Michael Carter","ARI","8","RB158","","","581","","","581.0"
"666","Jack Stoll","NO","11","TE98","","","584","","","584.0"
"667","Michael Jacobson","NO","11","TE99","","","585","","","585.0"
"668","John FitzPatrick","GB","5","TE100","","","586","","","586.0"
"669","Michael Woods II","CLE","9","WR223","","","587","","","587.0"
"670","Greg Dulcich","NYG","14","TE101","","","588","","","588.0"
"671","Treylon Burks","TEN","10","WR224","","","589","","","589.0"
"672","Drew Ogletree","IND","11","TE102","","","590","","","590.0"
"673","Nick Muse","PHI","9","TE103","","","591","","","591.0"
"674","Tyquan Thornton","KC","10","WR225","","","592","","","592.0"
"675","Irvin Charles","NYJ","9","WR226","","","593","","","593.0"
"676","Zonovan Knight","NYJ","9","RB159","","","594","","","594.0"
"677","Britain Covey","LAR","8","WR227","","","596","","","596.0"
"678","Justyn Ross","","","WR228","","","597","","","597.0"
"679","Kendric Pryor","CIN","10","WR229","","","598","","","598.0"
"680","Kaden Davis","CLE","9","WR230","","","599","","","599.0"
"681","Brandon Johnson","PIT","5","WR231","","","600","","","600.0"
"682","Seth Green","NO","11","TE104","","","601","","","601.0"
"683","Kevin Austin Jr.","NO","11","WR232","","","602","","","602.0"
"684","Jashaun Corbin","ATL","5","RB160","","","603","","","603.0"
"685","Stone Smartt","NYJ","9","TE105","","","604","","","604.0"
"686","Tucker Fisk","LAC","12","TE106","","","605","","","605.0"
"687","Jalen Brooks","DAL","10","WR233","","","609","","","609.0"
"688","Lew Nichols III","PIT","5","RB161","","","610","","","610.0"
"689","Evan Hull","PIT","5","RB162","","","612","","","612.0"
"690","Zach Evans","","","RB163","","","614","","","614.0"
"691","Brayden Willis","SF","14","TE107","","","616","","","616.0"
"692","Cameron Latu","PHI","9","TE108","","","617","","","617.0"
"693","Ben VanSumeren","PHI","9","LB1","","","621","","","621.0"
"694","Carlos Washington Jr.","ATL","5","RB164","","","622","","","622.0"
"695","Shedrick Jackson","LV","8","WR234","","","623","","","623.0"
"696","Princeton Fant","DAL","10","TE109","","","624","","","624.0"
"697","Emari Demercado","ARI","8","RB165","","","625","","","625.0"
"698","Thayer Thomas","MIN","6","WR235","","","626","","","626.0"
"699","Johnny Lumpkin","GB","5","TE110","","","627","","","627.0"
"700","Tyrell Shavers","BUF","7","WR236","","","628","","","628.0"
"701","Rakim Jarrett","TB","9","WR237","","","629","","","629.0"
"702","Kazmeir Allen","WAS","12","WR238","","","630","","","630.0"
"703","Lucky Jackson","MIN","6","WR239","","","631","","","631.0"
"704","Devin Leary","BAL","7","QB101","","","632","","","632.0"
"705","Erick All Jr.","CIN","10","TE111","","","634","","","634.0"
"706","Jawhar Jordan","HOU","6","RB166","","","636","","","636.0"
"707","Jared Wiley","KC","10","TE112","","","639","","","639.0"
"708","Dylan Laube","LV","8","RB167","","","640","","","640.0"
"709","Tahj Washington","MIA","12","WR240","","","641","","","641.0"
"710","Jaheim Bell","NE","14","TE113","","","642","","","642.0"
"711","Dante Miller","NYG","14","RB168","","","643","","","643.0"
"712","Isaiah Davis","NYJ","9","RB169","","","644","","","644.0"
"713","Tip Reiman","ARI","8","TE114","","","646","","","646.0"
"714","Brenden Rice","LAC","12","WR241","","","647","","","647.0"
"715","Devin Culp","TB","9","TE115","","","648","","","648.0"
"716","Messiah Swinson","GB","5","TE116","","","649","","","649.0"
"717","McCallan Castles","LAC","12","TE117","","","650","","","650.0"
"718","Emani Bailey","CAR","14","RB170","","","651","","","651.0"
"719","Brenden Bates","CLE","9","TE118","","","652","","","652.0"
"720","Austin Reed","CHI","5","QB102","","","653","","","653.0"
"721","Cam Grandy","CIN","10","TE119","","","654","","","654.0"
"722","Blake Watson","DEN","12","RB171","","","655","","","655.0"
"723","David Martin-Robinson","TEN","10","TE120","","","656","","","656.0"
"724","Bryce Oliver","TEN","10","WR242","","","657","","","657.0"
"725","John Rhys Plumlee","SEA","8","QB103","","","658","","","658.0"
"726","Terique Owens","SF","14","WR243","","","659","","","659.0"
"727","Cody Schrader","LAR","8","RB172","","","660","","","660.0"
"728","Sam Hartman","WAS","12","QB104","","","661","","","661.0"
"729","Drake Stoops","LAR","8","WR244","","","662","","","662.0"
"730","Alex Hale","","","K56","","","663","","","663.0"
"731","Joshua Simon","ATL","5","TE121","","","664","","","664.0"
"732","Marcus Major Jr.","BAL","7","RB173","","","665","","","665.0"
"733","Lucas Scott","BAL","7","RB174","","","666","","","666.0"
"734","Kayron Lynch-Adams","CAR","14","RB175","","","669","","","669.0"
"735","Jonathan Kim","CHI","5","K57","","","670","","","670.0"
"736","Jahdae Walker","CHI","5","WR245","","","671","","","671.0"
"737","Quali Conley","CIN","10","RB176","","","672","","","672.0"
"738","Payton Thorne","CIN","10","QB105","","","673","","","673.0"
"739","Luke Floriea","CLE","9","WR246","","","674","","","674.0"
"740","Rivaldo Fairweather","DAL","10","TE122","","","675","","","675.0"
"741","Traeshon Holden","DAL","10","WR247","","","676","","","676.0"
"742","Courtney Jackson","DEN","12","WR248","","","677","","","677.0"
"743","Kye Robichaux","","","RB177","","","680","","","680.0"
"744","Amar Johnson","GB","5","RB178","","","682","","","682.0"
"745","Drake Dabney","TEN","10","TE123","","","685","","","685.0"
"746","Graham Mertz","HOU","6","QB106","","","687","","","687.0"
"747","Maddux Trujillo","IND","11","K58","","","688","","","688.0"
"748","Ja'Quinden Jackson","JAC","8","RB179","","","689","","","689.0"
"749","Jake Briningstool","KC","10","TE124","","","690","","","690.0"
"750","Jimmy Holiday","KC","10","WR249","","","691","","","691.0"
"751","Tru Edwards","LAR","8","WR250","","","692","","","692.0"
"752","Konata Mumpfield","LAR","8","WR251","","","693","","","693.0"
"753","Silas Bolden","MIN","6","WR252","","","695","","","695.0"
"754","Tre Stewart","MIN","6","RB180","","","696","","","696.0"
"755","Ben Yurosek","MIN","6","TE125","","","697","","","697.0"
"756","Gee Scott Jr.","NE","14","TE126","","","699","","","699.0"
"757","Ben Wooldridge","NE","14","QB107","","","700","","","700.0"
"758","Moochie Dixon","NO","11","WR253","","","701","","","701.0"
"759","Chris Tyree","NO","11","RB181","","","702","","","702.0"
"760","Beaux Collins","NYG","14","WR254","","","703","","","703.0"
"761","Thomas Fidone II","NYG","14","TE127","","","704","","","704.0"
"762","Brady Cook","NYJ","9","QB108","","","705","","","705.0"
"763","Donovan Edwards","NYJ","9","RB182","","","707","","","707.0"
"764","Darius Cooper","PHI","9","WR255","","","709","","","709.0"
"765","JJ Galbreath","PIT","5","TE128","","","711","","","711.0"
"766","Max Hurleman","PIT","5","CB1","","","712","","","712.0"
"767","Tyrone Broden","SEA","8","WR256","","","716","","","716.0"
"768","Nick Kallerup","SEA","8","TE129","","","717","","","717.0"
"769","Nate McCollum","ARI","8","WR257","","","718","","","718.0"
"770","Sam Brown Jr.","GB","5","WR258","","","719","","","719.0"
"771","Caden Prieskorn","DEN","12","TE130","","","720","","","720.0"
"772","Greg Zuerlein","","","K59","","","721","","","721.0"
"773","DeAndre Carter","CLE","9","WR259","","","723","","","723.0"
"774","Chris Moore","WAS","12","WR260","","","724","","","724.0"
"775","Gerald Everett","","","TE131","","","726","","","726.0"
"776","Josh Reynolds","NYJ","9","WR261","","","727","","","727.0"
"777","Johnny Mundt","JAC","8","TE132","","","728","","","728.0"
"778","Zach Pascal","NYG","14","WR262","","","729","","","729.0"
"779","Deon Cain","BUF","7","WR263","","","733","","","733.0"
"780","Tim Boyle","TEN","10","QB109","","","735","","","735.0"
"781","John Wolford","JAC","8","QB110","","","736","","","736.0"
"782","Will Grier","DAL","10","QB111","","","737","","","737.0"
"783","Ashton Dulin","IND","11","WR264","","","738","","","738.0"
"784","Alex Bachman","LV","8","WR265","","","739","","","739.0"
"785","James Proche II","TEN","10","WR266","","","740","","","740.0"
"786","KJ Hamler","BUF","7","WR267","","","741","","","741.0"
"787","Albert Okwuegbunam Jr.","LV","8","TE133","","","742","","","742.0"
"788","Salvon Ahmed","IND","11","RB183","","","744","","","744.0"
"789","Kristian Wilkerson","BUF","7","WR268","","","745","","","745.0"
"790","Lawrence Cager","WAS","12","WR269","","","746","","","746.0"
"791","Dominique Dafney","CAR","14","TE134","","","747","","","747.0"
"792","Chris Blair","ATL","5","WR270","","","748","","","748.0"
"793","Tarik Black","MIA","12","WR271","","","749","","","749.0"
"794","Dez Fitzpatrick","LAC","12","WR272","","","750","","","750.0"
"795","Hunter Long","JAC","8","TE135","","","753","","","753.0"
"796","Kene Nwangwu","NYJ","9","RB184","","","754","","","754.0"
"797","Dee Eskridge","MIA","12","WR273","","","758","","","758.0"
"798","Quintin Morris","JAC","8","TE136","","","759","","","759.0"
"799","Feleipe Franks","ATL","5","QB112","","","760","","","760.0"
"800","Austin Trammell","JAC","8","WR274","","","761","","","761.0"
"801","Shane Zylstra","DET","8","TE137","","","762","","","762.0"
"802","Montrell Washington","NYG","14","WR275","","","763","","","763.0"
"803","Samori Toure","CHI","5","WR276","","","764","","","764.0"
"804","Teagan Quitoriano","ATL","5","TE138","","","765","","","765.0"
"805","Jelani Woods","IND","11","TE139","","","766","","","766.0"
"806","Chris Oladokun","KC","10","QB113","","","768","","","768.0"
"807","Dareke Young","SEA","8","WR277","","","769","","","769.0"
"808","Zaire Mitchell-Paden","BAL","7","TE140","","","771","","","771.0"
"809","Jalen Virgil","BUF","7","WR278","","","772","","","772.0"
"810","Tanner Conner","MIA","12","TE141","","","773","","","773.0"
"811","Lucas Krull","DEN","12","TE142","","","774","","","774.0"
"812","Ronnie Rivers","LAR","8","RB185","","","775","","","775.0"
"813","Xavier Smith","LAR","8","WR279","","","776","","","776.0"
"814","Jake Haener","NO","11","QB114","","","777","","","777.0"
"815","Clayton Tune","ARI","8","QB115","","","778","","","778.0"
"816","Zavier Scott","MIN","6","WR280","","","779","","","779.0"
"817","Jalen Cropper","DAL","10","WR281","","","781","","","781.0"
"818","John Stephens Jr.","DAL","10","WR282","","","782","","","782.0"
"819","Jesse Matthews","ATL","5","WR283","","","783","","","783.0"
"820","Jared Wayne","HOU","6","WR284","","","784","","","784.0"
"821","Elijah Cooks","PHI","9","WR285","","","785","","","785.0"
"822","Ben Sims","GB","5","TE143","","","786","","","786.0"
"823","Dylan Drummond","ATL","5","WR286","","","787","","","787.0"
"824","Ontaria Wilson","NYJ","9","WR287","","","788","","","788.0"
"825","Tanner Taula","TB","9","TE144","","","789","","","789.0"
"826","Jordan Murray","CHI","5","TE145","","","790","","","790.0"
"827","Jase McClellan","","","RB186","","","791","","","791.0"
"828","Casey Washington","ATL","5","WR288","","","792","","","792.0"
"829","Michael Pratt","TB","9","QB116","","","795","","","795.0"
"830","Anthony Gould","IND","11","WR289","","","797","","","797.0"
"831","Keilan Robinson","PHI","9","RB187","","","798","","","798.0"
"832","Cornelius Johnson","GB","5","WR290","","","801","","","801.0"
"833","Chris Collier","LV","8","RB188","","","802","","","802.0"
"834","Dayton Wade","BAL","7","WR291","","","803","","","803.0"
"835","Julian Hicks","GB","5","WR292","","","804","","","804.0"
"836","Xavier Johnson","HOU","6","WR293","","","805","","","805.0"
"837","Jack Plummer","CAR","14","QB117","","","806","","","806.0"
"838","Ian Wheeler","CHI","5","RB189","","","807","","","807.0"
"839","Brevyn Spann-Ford","DAL","10","TE146","","","808","","","808.0"
"840","Isaiah Williams","CIN","10","WR294","","","809","","","809.0"
"841","Joshua Cephus","JAC","8","WR295","","","810","","","810.0"
"842","Jeshaun Jones","MIN","6","WR296","","","812","","","812.0"
"843","Dallin Holker","","","TE147","","","813","","","813.0"
"844","Mason Tipton","NO","11","WR297","","","814","","","814.0"
"845","Xavier Weaver","ARI","8","WR298","","","815","","","815.0"
"846","Tanner Mordecai","","","QB118","","","816","","","816.0"
"847","Mason Pline","","","TE148","","","817","","","817.0"
"848","Kameron Johnson","TB","9","WR299","","","818","","","818.0"
"849","D.J. Williams","","","RB190","","","819","","","819.0"
"850","British Brooks","HOU","6","RB191","","","820","","","820.0"
"851","Neal Johnson","NYJ","9","TE149","","","821","","","821.0"
"852","Hayden Rucci","MIA","12","TE150","","","822","","","822.0"
"853","Jaelen Gill","","","WR300","","","823","","","823.0"
"854","Geor'Quarius Spivey","KC","10","TE151","","","824","","","824.0"
"855","Nick Nash","ATL","5","WR301","","","826","","","826.0"
"856","Kelly Akharaiyi","BUF","7","WR302","","","827","","","827.0"
"857","Jackson Hawes","BUF","7","TE152","","","828","","","828.0"
"858","Keleki Latu","BUF","7","TE153","","","829","","","829.0"
"859","Gage Larvadain","CLE","9","WR303","","","831","","","831.0"
"860","Josh Kelly","DAL","10","WR304","","","832","","","832.0"
"861","Phil Mafah","DAL","10","RB192","","","833","","","833.0"
"862","Tyler Neville","DAL","10","TE154","","","834","","","834.0"
"863","Caleb Lohner","DEN","12","TE155","","","835","","","835.0"
"864","Zach Horton","DET","8","TE156","","","836","","","836.0"
"865","Jakobie Keeney-James","DET","8","WR305","","","837","","","837.0"
"866","Jackson Meeks","DET","8","WR306","","","838","","","838.0"
"867","Taylor Elgersma","GB","5","QB119","","","839","","","839.0"
"868","TJ Sheffield","TEN","10","WR307","","","842","","","842.0"
"869","Ajou Ajou","IND","11","WR308","","","843","","","843.0"
"870","Coleman Owen","IND","11","WR309","","","844","","","844.0"
"871","Cam Camper","JAC","8","WR310","","","846","","","846.0"
"872","Patrick Herbert","JAC","8","TE157","","","847","","","847.0"
"873","Elijhah Badger","KC","10","WR311","","","848","","","848.0"
"874","Tre Watson","KC","10","TE158","","","849","","","849.0"
"875","Elijah Young","KC","10","RB193","","","850","","","850.0"
"876","Brennan Presley","LAR","8","WR312","","","851","","","851.0"
"877","Anthony Torres","LAR","8","TE159","","","852","","","852.0"
"878","Ketron Jackson Jr.","LV","8","WR313","","","853","","","853.0"
"879","Cam Miller","LV","8","QB120","","","854","","","854.0"
"880","Andrew Armstrong","MIA","12","WR314","","","855","","","855.0"
"881","Jalin Conyers","MIA","12","TE160","","","856","","","856.0"
"882","AJ Henning","MIA","12","WR315","","","857","","","857.0"
"883","Max Brosmer","MIN","6","QB121","","","858","","","858.0"
"884","Myles Price","MIN","6","WR316","","","859","","","859.0"
"885","Lan Larison","NE","14","RB194","","","860","","","860.0"
"886","Marcus Yarns","NO","11","RB195","","","862","","","862.0"
"887","Montrell Johnson Jr.","PHI","9","RB196","","","863","","","863.0"
"888","ShunDerrick Powell","PHI","9","RB197","","","864","","","864.0"
"889","Roc Taylor","PIT","5","WR317","","","865","","","865.0"
"890","Raheim Sanders","LAC","12","RB198","","","866","","","866.0"
"891","DJ Uiagalelei","LAC","12","QB122","","","867","","","867.0"
"892","Junior Bergen","SF","14","WR318","","","868","","","868.0"
"893","Corey Kiner","SF","14","RB199","","","869","","","869.0"
"894","Jacardia Wright","SEA","8","RB200","","","872","","","872.0"
"895","Connor Bazelak","TB","9","QB123","","","873","","","873.0"
"896","Jacoby Jones","WAS","12","LB2","","","874","","","874.0"
"897","Mark McNamee","GB","5","K60","","","875","","","875.0"
"898","Winston Wright","","","WR319","","","876","","","876.0"
"899","Toa Taua","CLE","9","RB201","","","877","","","877.0"
"900","D.K. Kaufman","SEA","8","S1","","","878","","","878.0"
""
""