Player,Position,Team,Age,Last_Season_Points,Predicted_Fantasy_Points,Rank,Adjusted_Fantasy_Points,Adjustment_Reason,Adjusted_Rank
Lamar Jackson*+,QB,BAL,26,331.0,349.2699517460317,2,314.34295657142854,High_Prediction_Penalty,1
Dak Prescott*,QB,DAL,30,343.0,348.20979694749667,3,313.388817252747,High_Prediction_Penalty,2
CeeDee Lamb*+,WR,DAL,24,268.0,392.7731666666664,1,300.4714724999998,High_Prediction_Penalty+Target_Regression_Risk,3
Josh Allen,QB,BUF,27,393.0,317.17216470804055,6,285.4549482372365,High_Prediction_Penalty,4
Jalen Hurts*,QB,PHI,25,357.0,312.82582753854325,7,281.5432447846889,High_Prediction_Penalty,5
Christian McCaffrey*+,RB,SFO,27,324.0,310.5519986394557,8,279.4967987755101,High_Prediction_Penalty,6
Patrick Mahomes*,QB,KAN,28,280.0,299.88629993725567,11,269.8976699435301,High_Prediction_Penalty,7
Jordan Love,QB,GNB,25,319.0,298.1092157326002,13,268.2982941593402,High_Prediction_Penalty,8
Tyreek Hill*+,WR,MIA,29,257.0,339.13860000000005,4,259.44102900000007,High_Prediction_Penalty+Target_Regression_Risk,9
Breece Hall,RB,NYJ,22,215.0,286.0458330241184,14,257.4412497217066,High_Prediction_Penalty,10
Amon-Ra St. Brown*+,WR,DET,24,212.0,333.09492063492075,5,254.81761428571437,High_Prediction_Penalty+Target_Regression_Risk,11
Jared Goff,QB,DET,29,289.0,280.10647000008964,15,252.09582300008069,High_Prediction_Penalty,12
Trevor Lawrence,QB,JAX,24,263.0,279.09308204070777,16,251.183773836637,High_Prediction_Penalty,13
Brock Purdy*,QB,SFO,24,296.0,276.5291750654788,17,248.87625755893092,High_Prediction_Penalty,14
Baker Mayfield*,QB,TAM,28,274.0,276.4497122477208,18,248.80474102294875,High_Prediction_Penalty,15
Russell Wilson,QB,DEN,35,257.0,273.0961177489177,21,245.78650597402594,High_Prediction_Penalty,16
Tua Tagovailoa*,QB,MIA,25,270.0,272.8509967360422,22,245.56589706243798,High_Prediction_Penalty,17
Justin Herbert,QB,LAC,25,233.0,244.67314990232,34,244.67314990232,None,18
Bijan Robinson,RB,ATL,21,188.0,271.6287835497833,23,244.46590519480498,High_Prediction_Penalty,19
Justin Fields,QB,CHI,24,230.0,243.76000507936504,35,243.76000507936504,None,20
Travis Kelce*,TE,KAN,34,126.0,243.62011111111124,36,243.62011111111124,None,21
Justin Jefferson,WR,MIN,24,134.0,241.81742752525273,37,241.81742752525273,None,22
T.J. Hockenson,TE,MIN,26,124.0,241.44877777777808,38,241.44877777777808,None,23
Sam Howell,QB,WAS,23,257.0,241.01578993182795,39,241.01578993182795,None,24
Rachaad White,RB,TAM,24,204.0,267.03595238095227,24,240.33235714285703,High_Prediction_Penalty,25
Derek Carr,QB,NOR,32,241.0,238.20274391442456,41,238.20274391442456,None,26
Garrett Wilson,WR,NYJ,23,118.0,236.5123387081523,42,236.5123387081523,None,27
C.J. Stroud*,QB,HOU,22,275.0,261.0163511147658,28,234.91471600328924,High_Prediction_Penalty,28
Matthew Stafford*,QB,LAR,35,243.0,234.55775960488228,43,234.55775960488228,None,29
Chris Olave,WR,NOR,23,144.0,234.12991879820757,44,234.12991879820757,None,30
Adam Thielen,WR,CAR,33,128.0,233.36913650793633,45,233.36913650793633,None,31
DeVonta Smith,WR,PHI,25,147.0,232.7898327460435,46,232.7898327460435,None,32
Michael Pittman Jr.,WR,IND,26,141.0,257.69042672882676,29,231.9213840559441,High_Prediction_Penalty,33
Travis Etienne,RB,JAX,24,224.0,256.290619047619,30,230.66155714285708,High_Prediction_Penalty,34
Tony Pollard,RB,DAL,26,168.0,230.3713925788495,47,230.3713925788495,None,35
Joe Mixon,RB,CIN,27,215.0,230.2116077685858,48,230.2116077685858,None,36
Keenan Allen*,WR,LAC,31,171.0,300.8124161616164,9,230.12149836363656,High_Prediction_Penalty+Target_Regression_Risk,37
A.J. Brown*,WR,PHI,26,184.0,300.1081786788005,10,229.5827566892824,High_Prediction_Penalty+Target_Regression_Risk,38
Evan Engram*,TE,JAX,29,116.0,229.3642222222223,49,229.3642222222223,None,39
Puka Nacua*,WR,LAR,22,194.0,299.4749554799232,12,229.09834094214125,High_Prediction_Penalty+Target_Regression_Risk,40
Saquon Barkley,RB,NYG,26,182.0,228.05138422704812,50,228.05138422704812,None,41
Chris Godwin,WR,TAM,27,126.0,227.3716359617168,51,227.3716359617168,None,42
James Cook*,RB,BUF,24,189.0,251.82334172335587,33,226.6410075510203,High_Prediction_Penalty,43
Jaylen Waddle,WR,MIA,25,127.0,225.1217476847936,52,225.1217476847936,None,44
Geno Smith*,QB,SEA,33,226.0,224.97537373400152,53,224.97537373400152,None,45
D'Andre Swift*,RB,PHI,24,160.0,223.4017655117767,54,223.4017655117767,None,46
DeAndre Hopkins,WR,TEN,31,149.0,221.7277320754684,55,221.7277320754684,None,47
Jahmyr Gibbs*,RB,DET,21,190.0,221.42527097505675,56,221.42527097505675,None,48
Joe Flacco,QB,CLE,38,101.0,99.55613873015872,173,219.0235052063492,Backup_QB_Breakout,49
Kyren Williams*,RB,LAR,23,223.0,217.3653250607937,58,217.3653250607937,None,50
Will Levis,QB,TEN,24,102.0,98.57394127650132,175,216.8626708083029,Backup_QB_Breakout,51
Terry McLaurin,WR,WAS,28,130.0,216.4153814765547,59,216.4153814765547,None,52
George Pickens,WR,PIT,22,146.0,215.68774210451863,60,215.68774210451863,None,53
Isiah Pacheco,RB,KAN,24,170.0,215.51071412079992,61,215.51071412079992,None,54
Alvin Kamara,RB,NOR,28,158.0,213.7342142857142,63,213.7342142857142,None,55
Rashee Rice,WR,KAN,23,134.0,212.74852576122413,64,212.74852576122413,None,56
Derrick Henry*,RB,TEN,29,219.0,209.853168015482,65,209.853168015482,None,57
Josh Jacobs,RB,LVR,25,144.0,209.6903272108843,66,209.6903272108843,None,58
D.J. Moore,WR,CHI,26,191.0,273.35296239688125,19,209.11501623361417,High_Prediction_Penalty+Target_Regression_Risk,59
Brandon Aiyuk,WR,SFO,25,174.0,273.2824535636476,20,209.06107697619044,High_Prediction_Penalty+Target_Regression_Risk,60
Jaylen Warren,RB,PIT,25,135.0,207.56296757369608,67,207.56296757369608,None,61
David Njoku*,TE,CLE,27,120.0,206.81787777777805,68,206.81787777777805,None,62
George Kittle*+,TE,SFO,30,138.0,204.30514884004884,70,204.30514884004884,None,63
Mike Evans*,WR,TAM,30,204.0,240.2361107819153,40,204.200694164628,Target_Regression_Risk,64
Chuba Hubbard,RB,CAR,24,144.0,203.94253503401373,71,203.94253503401373,None,65
Jerome Ford,RB,CLE,24,167.0,203.83504042465464,72,203.83504042465464,None,66
Ja'Marr Chase*,WR,CIN,23,163.0,265.4436606440117,25,203.06440039266894,High_Prediction_Penalty+Target_Regression_Risk,67
Amari Cooper*,WR,CLE,29,155.0,264.65497885872287,26,202.461058826923,High_Prediction_Penalty+Target_Regression_Risk,68
Nico Collins,WR,HOU,24,180.0,263.773075870045,27,201.78640304058442,High_Prediction_Penalty+Target_Regression_Risk,69
Tommy DeVito,QB,NYG,25,94.0,91.47427389277394,190,201.24340256410267,Backup_QB_Breakout,70
Tyler Lockett,WR,SEA,31,123.0,200.740448020936,73,200.740448020936,None,71
Najee Harris,RB,PIT,25,167.0,199.29950547088396,74,199.29950547088396,None,72
Austin Ekeler,RB,LAC,28,134.0,198.6996577303648,75,198.6996577303648,None,73
Javonte Williams,RB,DEN,23,132.0,196.63615006184295,76,196.63615006184295,None,74
Stefon Diggs*,WR,BUF,30,167.0,255.6063318541276,31,195.5388438684076,High_Prediction_Penalty+Target_Regression_Risk,75
Deshaun Watson,QB,CLE,28,87.0,88.69912673992677,197,195.1380788278389,Backup_QB_Breakout,76
Zay Flowers,WR,BAL,23,129.0,195.1263780820514,77,195.1263780820514,None,77
Davante Adams,WR,LVR,31,162.0,254.989436608016,32,195.06691900513223,High_Prediction_Penalty+Target_Regression_Risk,78
Drake London,WR,ATL,22,105.0,193.51044606119345,78,193.51044606119345,None,79
Jordan Addison,WR,MIN,21,151.0,193.00350628339203,79,193.00350628339203,None,80
Trey McBride,TE,ARI,24,101.0,192.8768687441643,80,192.8768687441643,None,81
James Conner,RB,ARI,28,175.0,191.84203672135516,81,191.84203672135516,None,82
Deebo Samuel,WR,SFO,27,184.0,188.78900532083185,82,188.78900532083185,None,83
Jayden Reed,WR,GNB,23,153.0,188.1476008234656,83,188.1476008234656,None,84
Gardner Minshew II*,QB,IND,27,196.0,187.4105884338748,84,187.4105884338748,None,85
Raheem Mostert*,RB,MIA,31,243.0,186.50504356096508,85,186.50504356096508,None,86
Calvin Ridley,WR,JAX,29,154.0,219.35063904056943,57,186.44804318448402,Target_Regression_Risk,87
David Montgomery,RB,DET,26,191.0,185.85018372579808,86,185.85018372579808,None,88
Joshua Dobbs,QB,2TM,28,201.0,184.04140539682552,87,184.04140539682552,None,89
Jakobi Meyers,WR,LVR,27,148.0,183.75454668985975,88,183.75454668985975,None,90
D.K. Metcalf*,WR,SEA,26,159.0,214.8417017910195,62,182.61544652236657,Target_Regression_Risk,91
Kenneth Walker III,RB,SEA,23,170.0,181.73182964453855,89,181.73182964453855,None,92
Ezekiel Elliott,RB,NWE,28,124.0,180.25070011337883,90,180.25070011337883,None,93
Tyrod Taylor,QB,NYG,34,87.0,81.91892928330928,205,180.22164442328042,Backup_QB_Breakout,94
Zach Charbonnet,RB,SEA,22,73.0,117.18432180993612,154,175.77648271490418,Young_RB_Opportunity,95
Sam LaPorta*,TE,DET,22,153.0,206.38235925925937,69,175.42500537037046,Target_Regression_Risk,96
Devin Singletary,RB,HOU,26,137.0,174.65428215337414,91,174.65428215337414,None,97
Brian Robinson Jr.,RB,WAS,24,162.0,173.6168053384213,92,173.6168053384213,None,98
Desmond Ridder,QB,ATL,24,176.0,173.56610460242408,93,173.56610460242408,None,99
Josh Downs,WR,IND,22,89.0,171.2193507291512,94,171.2193507291512,None,100
Tyjae Spears,RB,TEN,22,102.0,170.9956784596356,95,170.9956784596356,None,101
Bryce Young,QB,CAR,22,156.0,170.12482640845425,96,170.12482640845425,None,102
Courtland Sutton,WR,DEN,28,131.0,168.49959655277328,97,168.49959655277328,None,103
Jake Ferguson*,TE,DAL,24,106.0,168.33773770760828,98,168.33773770760828,None,104
Ryan Tannehill,QB,TEN,35,80.0,76.25111089068822,213,167.7524439595141,Backup_QB_Breakout,105
Easton Stick,QB,LAC,28,68.0,76.20060869875222,214,167.6413391372549,Backup_QB_Breakout,106
Christian Kirk,WR,JAX,27,93.0,164.63069229541514,99,164.63069229541514,None,107
Cole Kmet,TE,CHI,24,108.0,164.49504290611344,100,164.49504290611344,None,108
Dalton Kincaid,TE,BUF,24,77.0,163.33896201298697,101,163.33896201298697,None,109
Michael Carter,RB,2TM,24,35.0,67.02113108320248,231,160.85071459968597,Injury_Recovery+Young_RB_Opportunity,110
Zack Moss,RB,IND,26,143.0,159.6053251655838,102,159.6053251655838,None,111
Tyler Boyd,WR,CIN,29,78.0,158.8256144472068,103,158.8256144472068,None,112
Cooper Kupp,WR,LAR,30,105.0,158.5172622959457,104,158.5172622959457,None,113
Bailey Zappe,QB,NWE,24,69.0,71.3156908668465,221,156.8945199070623,Backup_QB_Breakout,114
Jimmy Garoppolo,QB,LVR,32,64.0,71.17151491212495,222,156.5773328066749,Backup_QB_Breakout,115
Aaron Jones,RB,GNB,29,105.0,156.20124231353037,105,156.20124231353037,None,116
Alexander Mattison,RB,MIN,25,103.0,155.97061354005234,106,155.97061354005234,None,117
Roschon Johnson,RB,CHI,22,68.0,103.53107229437232,167,155.29660844155848,Young_RB_Opportunity,118
Tyler Conklin,TE,NYJ,28,62.0,154.37830283927005,107,154.37830283927005,None,119
Dallas Goedert,TE,PHI,28,77.0,154.2603201430189,108,154.2603201430189,None,120
Rhamondre Stevenson,RB,NWE,25,108.0,153.98237201845785,109,153.98237201845785,None,121
Jerry Jeudy,WR,DEN,24,88.0,153.7675492077187,110,153.7675492077187,None,122
Kirk Cousins,QB,MIN,35,150.0,151.9382012987012,111,151.9382012987012,None,123
Dalton Schultz,TE,HOU,27,92.0,151.56820497765457,112,151.56820497765457,None,124
Diontae Johnson,WR,PIT,27,102.0,151.37003822526907,113,151.37003822526907,None,125
Romeo Doubs,WR,GNB,23,115.0,150.96772559651498,114,150.96772559651498,None,126
Joe Burrow,QB,CIN,27,147.0,150.4987395959595,115,150.4987395959595,None,127
Kenneth Gainwell,RB,PHI,24,67.0,99.98709743589738,172,149.98064615384607,Young_RB_Opportunity,128
Logan Thomas,TE,WAS,32,72.0,149.4170694209173,116,149.4170694209173,None,129
Tank Dell,WR,HOU,24,118.0,149.26048428546008,117,149.26048428546008,None,130
Kyle Pitts,TE,ATL,23,84.0,149.16717083396523,118,149.16717083396523,None,131
Darius Slayton,WR,NYG,26,101.0,149.07593348553502,119,149.07593348553502,None,132
Gabriel Davis,WR,BUF,24,116.0,148.74375036315715,120,148.74375036315715,None,133
Tee Higgins,WR,CIN,24,96.0,148.4507615294521,121,148.4507615294521,None,134
Zach Wilson,QB,NYJ,24,120.0,147.80435739149735,122,147.80435739149735,None,135
Darren Waller,TE,NYG,31,61.0,147.4804244944279,123,147.4804244944279,None,136
Jaleel McLaughlin,RB,DEN,23,75.0,97.84193108637392,176,146.76289662956088,Young_RB_Opportunity,137
Brandin Cooks,WR,DAL,30,119.0,146.38059996275246,124,146.38059996275246,None,138
Rashid Shaheed*+,WR,NOR,25,110.0,145.93217477363467,125,145.93217477363467,None,139
Daniel Jones,QB,NYG,26,57.0,66.17724761904755,233,145.58994476190463,Backup_QB_Breakout,140
Elijah Moore,WR,CLE,23,73.0,145.14529863045115,126,145.14529863045115,None,141
Curtis Samuel,WR,WAS,27,95.0,144.2854645665533,127,144.2854645665533,None,142
Jaxon Smith-Njigba,WR,SEA,21,87.0,143.33639399624576,128,143.33639399624576,None,143
Chigoziem Okonkwo,TE,TEN,24,59.0,141.79806839419464,129,141.79806839419464,None,144
Nick Mullens,QB,MIN,28,67.0,64.42236925190281,239,141.7292123541862,Backup_QB_Breakout,145
Kyler Murray,QB,ARI,26,146.0,141.3263612259374,130,141.3263612259374,None,146
Wan'Dale Robinson,WR,NYG,22,73.0,141.28376558784444,131,141.28376558784444,None,147
Jonathan Taylor,RB,IND,24,137.0,139.0388318881024,132,139.0388318881024,None,148
Dameon Pierce,RB,HOU,23,70.0,92.6769860441146,184,139.0154790661719,Young_RB_Opportunity,149
Gus Edwards,RB,BAL,28,175.0,137.9681402363403,133,137.9681402363403,None,150
Tyler Allgeier,RB,ATL,23,120.0,137.670481057713,134,137.670481057713,None,151
Marquise Brown,WR,ARI,26,84.0,136.6000217621385,135,136.6000217621385,None,152
Taylor Heinicke,QB,ATL,30,66.0,61.73130827838822,243,135.8088782124541,Backup_QB_Breakout,153
Samaje Perine,RB,DEN,28,71.0,134.3123931972789,136,134.3123931972789,None,154
Zamir White,RB,LVR,24,59.0,88.2380494618827,198,132.35707419282403,Young_RB_Opportunity,155
Jonnu Smith,TE,ATL,28,74.0,132.15555137325322,137,132.15555137325322,None,156
Antonio Gibson,RB,WAS,25,79.0,132.09230884353738,138,132.09230884353738,None,157
Khalil Herbert,RB,CHI,25,93.0,129.98897710637317,139,129.98897710637317,None,158
De'Von Achane,RB,MIA,22,164.0,129.89331210544825,140,129.89331210544825,None,159
Khalil Shakir,WR,BUF,23,74.0,129.19304998778995,141,129.19304998778995,None,160
Jake Browning,QB,CIN,27,143.0,128.37461633749254,142,128.37461633749254,None,161
Demario Douglas,WR,NWE,23,58.0,128.10658025929192,143,128.10658025929192,None,162
Chase Brown,RB,CIN,23,40.0,52.25180981149175,260,125.40434354758023,Injury_Recovery+Young_RB_Opportunity,163
Josh Reynolds,WR,DET,28,89.0,125.1306526000026,144,125.1306526000026,None,164
Mark Andrews,TE,BAL,28,90.0,124.69878421210647,145,124.69878421210647,None,165
Mac Jones,QB,NWE,25,106.0,124.03957609773224,146,124.03957609773224,None,166
AJ Dillon,RB,GNB,25,96.0,123.04264667713244,147,123.04264667713244,None,167
Odell Beckham Jr.,WR,BAL,31,73.0,121.37649099459,148,121.37649099459,None,168
Tyler Higbee,TE,LAR,30,62.0,119.89851446127868,149,119.89851446127868,None,169
Tyson Bagent,QB,CHI,23,53.0,54.175152493303784,254,119.18533548526834,Backup_QB_Breakout,170
Dontayvion Wicks,WR,GNB,22,81.0,119.0559380382143,150,119.0559380382143,None,171
Gerald Everett,TE,LAC,29,60.0,118.73764178743969,151,118.73764178743969,None,172
Noah Brown,WR,HOU,27,69.0,118.1669762305595,152,118.1669762305595,None,173
Miles Sanders,RB,CAR,26,61.0,117.39016310039172,153,117.39016310039172,None,174
Josh Palmer,WR,LAC,24,69.0,116.97000488003786,155,116.97000488003786,None,175
K.J. Osborn,WR,MIN,26,72.0,116.7003257174019,156,116.7003257174019,None,176
Ty Chandler,RB,MIN,25,80.0,114.36632864120008,157,114.36632864120008,None,177
Jahan Dotson,WR,WAS,23,76.0,114.16669591413012,158,114.16669591413012,None,178
Hunter Henry,TE,NWE,29,78.0,113.65428630417026,159,113.65428630417026,None,179
Cade Otton,TE,TAM,24,70.0,113.18332688378028,160,113.18332688378028,None,180
Aidan O'Connell,QB,LVR,25,126.0,112.1479733333334,161,112.1479733333334,None,181
Clyde Edwards-Helaire,RB,KAN,24,53.0,72.76823566933517,219,109.15235350400275,Young_RB_Opportunity,182
Michael Wilson,WR,ARI,23,77.0,108.88977124680729,162,108.88977124680729,None,183
DJ Chark,WR,CAR,27,81.0,108.68921944339628,163,108.68921944339628,None,184
Kenny Pickett,QB,PIT,25,110.0,108.20801849927852,164,108.20801849927852,None,185
Alec Pierce,WR,IND,23,63.0,106.41040861813003,165,106.41040861813003,None,186
Cam Akers,RB,2TM,24,36.0,44.07004012770098,289,105.76809630648236,Injury_Recovery+Young_RB_Opportunity,187
Jonathan Mingo,WR,CAR,22,42.0,105.74148593776478,166,105.74148593776478,None,188
Emari Demercado,RB,ARI,24,52.0,69.61525958927274,225,104.42288938390911,Young_RB_Opportunity,189
Kalif Raymond,WR,DET,29,62.0,102.44190510581495,168,102.44190510581495,None,190
Robert Woods,WR,HOU,31,49.0,101.8626743690635,169,101.8626743690635,None,191
Justice Hill,RB,BAL,26,81.0,101.46371632653062,170,101.46371632653062,None,192
Tutu Atwell,WR,LAR,24,73.0,100.3496485972088,171,100.3496485972088,None,193
Chris Rodriguez,RB,WAS,23,36.0,41.59387314669455,294,99.82529555206693,Injury_Recovery+Young_RB_Opportunity,194
Anthony Richardson,QB,IND,21,73.0,45.201007474747485,282,99.44221644444447,Backup_QB_Breakout,195
Michael Thomas,WR,NOR,30,51.0,98.6884544714466,174,98.6884544714466,None,196
Trey Palmer,WR,TAM,22,57.0,96.1019059868824,177,96.1019059868824,None,197
Michael Gallup,WR,DAL,27,54.0,94.74732853086576,178,94.74732853086576,None,198
Christian Watson,WR,GNB,24,73.0,94.4747879396762,179,94.4747879396762,None,199
Justin Watson,WR,KAN,27,62.0,94.0354280729078,180,94.0354280729078,None,200
Mitchell Trubisky,QB,PIT,29,49.0,42.71356042765703,291,93.96983294084548,Backup_QB_Breakout,201
Noah Fant,TE,SEA,26,41.0,93.7891747354497,181,93.7891747354497,None,202
Kendre Miller,RB,NOR,21,33.0,39.04753204919601,302,93.71407691807043,Injury_Recovery+Young_RB_Opportunity,203
Quentin Johnston,WR,LAC,22,56.0,93.35005172711858,182,93.35005172711858,None,204
Tanner Hudson,TE,CIN,29,41.0,93.12592884234353,183,93.12592884234353,None,205
Rashod Bateman,WR,BAL,24,45.0,92.27668688463356,185,92.27668688463356,None,206
Rondale Moore,WR,ARI,23,65.0,92.25527496817368,186,92.25527496817368,None,207
DeVante Parker,WR,NWE,30,39.0,91.74881595785207,187,91.74881595785207,None,208
Luke Musgrave,TE,GNB,23,41.0,91.62495450560378,188,91.62495450560378,None,209
Darnell Mooney,WR,CHI,26,48.0,91.5091373076997,189,91.5091373076997,None,210
Isaiah Likely,TE,BAL,23,71.0,90.31503194156886,191,90.31503194156886,None,211
Chris Moore,WR,TEN,30,46.0,89.88020129870127,192,89.88020129870127,None,212
Durham Smythe,TE,MIA,28,37.0,89.50018724719624,193,89.50018724719624,None,213
Jordan Mason,RB,SFO,24,42.0,37.28228883111286,310,89.47749319467087,Injury_Recovery+Young_RB_Opportunity,214
Nelson Agholor,WR,BAL,30,62.0,89.30492542062893,194,89.30492542062893,None,215
Kendrick Bourne,WR,NWE,28,63.0,89.1675800325578,195,89.1675800325578,None,216
Juwan Johnson,TE,NOR,27,61.0,88.98627960893354,196,88.98627960893354,None,217
Royce Freeman,RB,LAR,27,45.0,54.76778586224798,251,87.62845737959678,Injury_Recovery,218
Kylen Granson,TE,IND,25,43.0,86.72702555721459,199,86.72702555721459,None,219
Kareem Hunt,RB,CLE,28,104.0,85.4396942264085,200,85.4396942264085,None,220
Mason Rudolph,QB,PIT,28,40.0,38.51610855981724,306,84.73543883159793,Backup_QB_Breakout,221
Zay Jones,WR,JAX,28,44.0,84.53540111621177,201,84.53540111621177,None,222
Jamaal Williams,RB,NOR,28,43.0,84.11960027908604,202,84.11960027908604,None,223
Elijah Mitchell,RB,SFO,25,42.0,52.43346922155912,258,83.8935507544946,Injury_Recovery,224
Trevor Siemian,QB,NYJ,32,27.0,38.00636527559397,307,83.61400360630674,Backup_QB_Breakout,225
Allen Robinson,WR,PIT,30,28.0,82.3663537849628,203,82.3663537849628,None,226
Tucker Kraft,TE,GNB,23,48.0,82.28269378306874,204,82.28269378306874,None,227
Pat Freiermuth,TE,PIT,25,45.0,81.52986643171644,206,81.52986643171644,None,228
Jalin Hyatt,WR,NYG,22,37.0,81.34424747927584,207,81.34424747927584,None,229
D'Onta Foreman,RB,CHI,27,80.0,80.18024850177831,208,80.18024850177831,None,230
Rico Dowdle,RB,DAL,25,75.0,79.90681839554469,209,79.90681839554469,None,231
Nick Westbrook-Ikhine,WR,TEN,26,57.0,79.51518571813436,210,79.51518571813436,None,232
Demarcus Robinson,WR,LAR,29,61.0,79.25097988308048,211,79.25097988308048,None,233
Pierre Strong,RB,CLE,25,38.0,49.45452734421314,270,79.12724375074103,Injury_Recovery,234
Marvin Mims*,WR,DEN,21,49.0,78.74296056514292,212,78.74296056514292,None,235
Keaton Mitchell,RB,BAL,21,61.0,51.73340662829237,261,77.60010994243856,Young_RB_Opportunity,236
Tank Bigsby,RB,JAX,22,22.0,31.918504081376113,329,76.60440979530269,Injury_Recovery+Young_RB_Opportunity,237
Brandon Powell,WR,MIN,28,38.0,75.7430599106356,215,75.7430599106356,None,238
Chase Edmonds,RB,TAM,27,26.0,46.77245485138063,277,74.83592776220901,Injury_Recovery,239
Jameson Williams,WR,DET,22,56.0,74.58288229078504,216,74.58288229078504,None,240
Trenton Irwin,WR,CIN,28,38.0,73.38937855386348,217,73.38937855386348,None,241
Taysom Hill,TE,NOR,33,111.0,73.1254113756614,218,73.1254113756614,None,242
P.J. Walker,QB,CLE,28,20.0,32.935328035714605,325,72.45772167857214,Backup_QB_Breakout,243
Noah Gray,TE,KAN,24,43.0,72.33630928712651,220,72.33630928712651,None,244
Salvon Ahmed,RB,MIA,25,27.0,44.595896969696994,285,71.3534351515152,Injury_Recovery,245
Tre Tucker,WR,LVR,22,53.0,70.19777993785597,223,70.19777993785597,None,246
Latavius Murray,RB,BUF,33,66.0,69.82547622655802,224,69.82547622655802,None,247
Joshua Kelley,RB,LAC,26,54.0,68.62100146361571,226,68.62100146361571,None,248
Colby Parkinson,TE,SEA,24,37.0,67.96822857196024,227,67.96822857196024,None,249
Michael Mayer,TE,LVR,22,44.0,67.86081767840052,228,67.86081767840052,None,250
Donald Parham,TE,LAC,26,53.0,67.61054563289369,229,67.61054563289369,None,251
Cedrick Wilson Jr.,WR,MIA,28,48.0,67.19798127083209,230,67.19798127083209,None,252
Jerick McKinnon,RB,KAN,31,59.0,66.73884897959186,232,66.73884897959186,None,253
Allen Lazard,WR,NYJ,28,37.0,65.47276865037544,234,65.47276865037544,None,254
JuJu Smith-Schuster,WR,NWE,27,32.0,64.95692082253811,235,64.95692082253811,None,255
Greg Dortch,WR,ARI,25,41.0,64.9357837781552,236,64.9357837781552,None,256
Mike Gesicki,TE,NWE,28,36.0,64.9074549396658,237,64.9074549396658,None,257
Zach Ertz,TE,ARI,33,25.0,64.69544743060673,238,64.69544743060673,None,258
Darrell Henderson,RB,LAR,26,34.0,40.1233212544489,297,64.19731400711825,Injury_Recovery,259
Drew Lock,QB,SEA,27,29.0,28.930816389112312,341,63.64779605604709,Backup_QB_Breakout,260
Isaiah Spiller,RB,LAC,22,13.0,26.45254673210961,346,63.486112157063076,Injury_Recovery+Young_RB_Opportunity,261
Daniel Bellinger,TE,NYG,23,26.0,63.247155821816,240,63.247155821816,None,262
Jalen Tolbert,WR,DAL,24,37.0,62.48078216513195,241,62.48078216513195,None,263
Marquez Valdes-Scantling,WR,KAN,29,36.0,61.90712686262989,242,61.90712686262989,None,264
Austin Hooper,TE,LVR,29,23.0,60.83142349146045,244,60.83142349146045,None,265
Braxton Berrios,WR,MIA,28,31.0,60.05465550943822,245,60.05465550943822,None,266
Craig Reynolds,RB,DET,27,25.0,37.414119443023594,309,59.862591108837755,Injury_Recovery,267
Dalvin Cook,RB,2TM,28,25.0,59.46777561167174,246,59.46777561167174,None,268
Patrick Taylor,RB,GNB,25,19.0,36.63861227407852,311,58.62177963852563,Injury_Recovery,269
Jarrett Stidham,QB,DEN,27,27.0,26.382934299011435,347,58.04245545782516,Backup_QB_Breakout,270
Hunter Renfrow,WR,LVR,28,24.0,57.25662955980446,247,57.25662955980446,None,271
D'Ernest Johnson,RB,JAX,27,25.0,35.73321320839691,312,57.17314113343506,Injury_Recovery,272
Matt Breida,RB,NYG,28,30.0,56.896281303870104,248,56.896281303870104,None,273
Ronnie Rivers,RB,LAR,24,15.0,23.511288677283925,360,56.42709282548143,Injury_Recovery+Young_RB_Opportunity,274
Kadarius Toney,WR,KAN,24,26.0,54.859625833534686,249,54.859625833534686,None,275
Skyy Moore,WR,KAN,23,33.0,54.8104087582216,250,54.8104087582216,None,276
Ameer Abdullah,RB,LVR,30,22.0,54.747303030303094,252,54.747303030303094,None,277
Brandon Johnson,WR,DEN,25,54.0,54.56753521447916,253,54.56753521447916,None,278
Will Mallory,TE,IND,24,21.0,53.78262082830022,255,53.78262082830022,None,279
Jauan Jennings,WR,SFO,26,33.0,53.42466665538325,256,53.42466665538325,None,280
Isaiah Hodgins,WR,NYG,25,39.0,53.13708605174587,257,53.13708605174587,None,281
Trey Sermon,RB,IND,24,17.0,21.82763516783818,364,52.386324402811645,Injury_Recovery+Young_RB_Opportunity,282
Xavier Gipson,WR,NYJ,22,38.0,52.25426001943606,259,52.25426001943606,None,283
Cedric Tillman,WR,CLE,23,23.0,51.40099536593518,262,51.40099536593518,None,284
Josh Oliver,TE,MIN,26,31.0,50.8778492178928,263,50.8778492178928,None,285
Mack Hollins,WR,ATL,30,25.0,50.71117513410764,264,50.71117513410764,None,286
Mike Williams,WR,LAC,29,31.0,50.49365091567004,265,50.49365091567004,None,287
Brevin Jordan,TE,HOU,23,34.0,50.23341785810608,266,50.23341785810608,None,288
A.T. Perry,WR,NOR,24,49.0,50.02929767269764,267,50.02929767269764,None,289
Dawson Knox,TE,BUF,27,33.0,49.8395424666836,268,49.8395424666836,None,290
Andy Dalton,QB,CAR,36,24.0,22.61299189930842,361,49.74858217847853,Backup_QB_Breakout,291
Tommy Tremble,TE,CAR,23,37.0,49.61354838263287,269,49.61354838263287,None,292
KhaDarel Hodge,WR,ATL,28,23.0,49.00243119748196,271,49.00243119748196,None,293
Foster Moreau,TE,NOR,26,25.0,48.95973643056942,272,48.95973643056942,None,294
Ty Johnson,RB,BUF,26,25.0,30.241497660743097,338,48.386396257188956,Injury_Recovery,295
Jeff Wilson,RB,MIA,28,27.0,47.752991187488576,273,47.752991187488576,None,296
Van Jefferson,WR,2TM,27,21.0,47.67041616084676,274,47.67041616084676,None,297
Emanuel Wilson,RB,GNB,24,11.0,19.653042290193287,372,47.1673014964639,Injury_Recovery+Young_RB_Opportunity,298
Tyler Goodson,RB,IND,23,12.0,19.625991136083552,373,47.102378726600534,Injury_Recovery+Young_RB_Opportunity,299
Connor Heyward,TE,PIT,24,17.0,47.0596145370146,275,47.0596145370146,None,300
Hayden Hurst,TE,CAR,30,24.0,46.86837430663017,276,46.86837430663017,None,301
Alex Erickson,WR,LAC,31,29.0,46.743384658081034,278,46.743384658081034,None,302
Drew Sample,TE,CIN,27,28.0,45.959473962684456,279,45.959473962684456,None,303
Treylon Burks,WR,TEN,23,24.0,45.95587057376307,280,45.95587057376307,None,304
Israel Abanikanda,RB,NYJ,21,9.0,19.055976189163168,377,45.73434285399161,Injury_Recovery+Young_RB_Opportunity,305
Jake Bobo,WR,SEA,25,38.0,45.71274989933295,281,45.71274989933295,None,306
Parris Campbell,WR,NYG,26,10.0,45.1201316570282,283,45.1201316570282,None,307
Jamal Agnew,WR,JAX,28,26.0,44.82369008609312,284,44.82369008609312,None,308
Adam Trautman,TE,DEN,26,38.0,44.52409260665261,286,44.52409260665261,None,309
Calvin Austin III,WR,PIT,24,36.0,44.49786171190164,287,44.49786171190164,None,310
Elijah Higgins,TE,ARI,23,22.0,44.46583564679842,288,44.46583564679842,None,311
Darrynton Evans,RB,2TM,25,23.0,27.563949983171774,345,44.10231997307484,Injury_Recovery,312
Bo Melton,WR,GNB,24,30.0,43.334212083858,290,43.334212083858,None,313
Deuce Vaughn,RB,DAL,22,8.0,17.95224609342494,383,43.08539062421986,Injury_Recovery+Young_RB_Opportunity,314
Raheem Blackshear,RB,CAR,24,11.0,17.58182157096855,387,42.196371770324525,Injury_Recovery+Young_RB_Opportunity,315
Keaontay Ingram,RB,ARI,24,10.0,17.54596222817571,388,42.11030934762171,Injury_Recovery+Young_RB_Opportunity,316
Deven Thompkins,WR,TAM,24,18.0,41.99625569580177,292,41.99625569580177,None,317
Terrace Marshall Jr.,WR,CAR,23,14.0,41.96895908798876,293,41.96895908798876,None,318
Tony Jones,RB,2TM,26,25.0,25.972500394058727,350,41.55600063049397,Injury_Recovery,319
Tyler Scott,WR,CHI,22,19.0,41.54942234134239,295,41.54942234134239,None,320
Tyler Huntley,QB,BAL,25,26.0,18.412393284396774,379,40.50726522567291,Backup_QB_Breakout,321
Sam Darnold,QB,SFO,26,23.0,18.41138909558757,380,40.505056010292655,Backup_QB_Breakout,322
Dorian Thompson-Robinson,QB,CLE,24,22.0,18.367232842772836,381,40.40791225410024,Backup_QB_Breakout,323
Jacoby Brissett,QB,WAS,31,23.0,18.279329109432027,382,40.21452404075046,Backup_QB_Breakout,324
Cordarrelle Patterson,RB,ATL,32,28.0,40.209046687140656,296,40.209046687140656,None,325
John Metchie,WR,HOU,23,16.0,39.864424656542816,298,39.864424656542816,None,326
Jeremy Ruckert,TE,NYJ,23,15.0,39.8094647158462,299,39.8094647158462,None,327
Jamison Crowder,WR,WAS,30,20.0,39.28438553065512,300,39.28438553065512,None,328
Will Dissly,TE,SEA,27,23.0,39.22204589911974,301,39.22204589911974,None,329
Jeff Driskel,QB,CLE,30,14.0,17.818927602431675,384,39.20164072534969,Backup_QB_Breakout,330
John Bates,TE,WAS,26,15.0,38.96339329035161,303,38.96339329035161,None,331
Johnny Mundt,TE,MIN,29,23.0,38.848337523318925,304,38.848337523318925,None,332
Parker Washington,WR,JAX,21,23.0,38.70879809420937,305,38.70879809420937,None,333
Carson Wentz,QB,LAR,31,26.0,17.592466942895136,385,38.703427274369304,Backup_QB_Breakout,334
Pharaoh Brown,TE,NWE,29,25.0,37.44978524177683,308,37.44978524177683,None,335
Kevin Harris,RB,NWE,23,18.0,15.463916637560883,397,37.11339993014612,Injury_Recovery+Young_RB_Opportunity,336
Gary Brightwell,RB,NYG,24,7.0,15.389853584050872,399,36.9356486017221,Injury_Recovery+Young_RB_Opportunity,337
Dyami Brown,WR,WAS,24,23.0,35.67338611087311,313,35.67338611087311,None,338
Jordan Akins,TE,CLE,31,13.0,35.55700332509293,314,35.55700332509293,None,339
Eric Gray,RB,NYG,24,7.0,14.682855320457705,404,35.2388527690985,Injury_Recovery+Young_RB_Opportunity,340
C.J. Beathard,QB,JAX,30,21.0,15.989701255320227,394,35.1773427617045,Backup_QB_Breakout,341
Lil'Jordan Humphrey,WR,DEN,25,34.0,34.95795193334569,315,34.95795193334569,None,342
Irv Smith Jr.,TE,CIN,25,16.0,34.94868394148565,316,34.94868394148565,None,343
Mo Alie-Cox,TE,IND,30,36.0,34.85903176676993,317,34.85903176676993,None,344
Deonte Harty,WR,BUF,26,25.0,34.738534583897845,318,34.738534583897845,None,345
Byron Pringle,WR,WAS,30,14.0,34.67947107408528,319,34.67947107408528,None,346
David Bell,WR,CLE,23,35.0,34.055437728858735,320,34.055437728858735,None,347
Kyle Philips,WR,TEN,24,16.0,33.96607193940308,321,33.96607193940308,None,348
Andrew Ogletree,TE,IND,25,27.0,33.44385462495198,322,33.44385462495198,None,349
Davis Mills,QB,HOU,25,18.0,15.150597473585623,402,33.331314441888374,Backup_QB_Breakout,350
Stephen Sullivan,TE,CAR,27,13.0,33.26639195301407,323,33.26639195301407,None,351
Donovan Peoples-Jones,WR,2TM,24,16.0,33.17321630363499,324,33.17321630363499,None,352
Scott Miller,WR,ATL,26,28.0,32.777156819166954,326,32.777156819166954,None,353
Chris Brooks,RB,MIA,23,11.0,13.641759664061922,413,32.74022319374862,Injury_Recovery+Young_RB_Opportunity,354
Derius Davis,WR,LAC,23,21.0,32.684845265751676,327,32.684845265751676,None,355
Quez Watkins,WR,PHI,25,20.0,32.587028976963325,328,32.587028976963325,None,356
Luke Farrell,TE,JAX,26,16.0,31.555818402662748,330,31.555818402662748,None,357
Jalen Reagor,WR,NWE,24,22.0,31.54538456858171,331,31.54538456858171,None,358
Trayveon Williams,RB,CIN,26,8.0,19.61858324006371,374,31.38973318410194,Injury_Recovery,359
Ray-Ray McCloud,WR,SFO,27,17.0,31.329293376104687,332,31.329293376104687,None,360
Jameis Winston,QB,NOR,29,12.0,14.180995912992202,406,31.198191008582846,Backup_QB_Breakout,361
Stone Smartt,TE,LAC,25,22.0,31.177733405301183,333,31.177733405301183,None,362
Olamide Zaccheaus,WR,PHI,26,28.0,31.034529006233313,334,31.034529006233313,None,363
Deon Jackson,RB,3TM,24,-1.0,12.890785419535767,419,30.937885006885846,Injury_Recovery+Young_RB_Opportunity,364
Andrei Iosivas,WR,CIN,24,36.0,30.73725043486279,335,30.73725043486279,None,365
Mecole Hardman,WR,2TM,25,11.0,30.663622054658692,336,30.663622054658692,None,366
Tyquan Thornton,WR,NWE,23,14.0,30.248210817751115,337,30.248210817751115,None,367
DeeJay Dallas,RB,SEA,25,2.0,18.672074553105592,378,29.87531928496895,Injury_Recovery,368
Malik Heath,WR,GNB,23,19.0,29.80468127783551,339,29.80468127783551,None,369
KaVontae Turpin,WR,DAL,27,48.0,29.710265485128367,340,29.710265485128367,None,370
Isaiah McKenzie,WR,IND,28,6.0,28.504434120176647,342,28.504434120176647,None,371
Cole Turner,TE,WAS,23,12.0,28.167456630149143,343,28.167456630149143,None,372
Lynn Bowden Jr.,WR,NOR,26,12.0,27.732441389528983,344,27.732441389528983,None,373
Case Keenum,QB,HOU,35,10.0,12.540545522877055,422,27.589200150329525,Backup_QB_Breakout,374
Marcus Mariota,QB,PHI,30,12.0,12.4296873551573,423,27.345312181346063,Backup_QB_Breakout,375
Tim Boyle,QB,NYJ,29,11.0,12.02045261748748,427,26.44499575847246,Backup_QB_Breakout,376
Julio Jones,WR,PHI,34,25.0,26.128224817432336,348,26.128224817432336,None,377
Nick Chubb,RB,CLE,28,19.0,25.992741558640063,349,25.992741558640063,None,378
Trent Sherfield,WR,BUF,27,15.0,25.78002795043437,351,25.78002795043437,None,379
Sterling Shepard,WR,NYG,30,10.0,25.473576558805675,352,25.473576558805675,None,380
Robert Tonyan,TE,CHI,29,11.0,24.887403260274727,353,24.887403260274727,None,381
Xavier Hutchinson,WR,HOU,23,14.0,24.706423559966392,354,24.706423559966392,None,382
Damien Harris,RB,BUF,26,17.0,15.441508337525578,398,24.706413340040925,Injury_Recovery,383
Tim Jones,WR,JAX,25,8.0,24.701518905099576,355,24.701518905099576,None,384
Brock Wright,TE,DET,25,15.0,24.521311606226902,356,24.521311606226902,None,385
Davis Allen,TE,LAR,22,16.0,24.28933053403461,357,24.28933053403461,None,386
Harrison Bryant,TE,CLE,25,25.0,24.15720399608417,358,24.15720399608417,None,387
Geoff Swaim,TE,ARI,30,9.0,23.86299511936337,359,23.86299511936337,None,388
La'Mical Perine,RB,KAN,25,11.0,14.12986555210828,407,22.60778488337325,Injury_Recovery,389
Josh Whyle,TE,TEN,24,15.0,22.407715735971593,362,22.407715735971593,None,390
Laviska Shenault Jr.,WR,CAR,25,12.0,21.884770553782417,363,21.884770553782417,None,391
Richie James,WR,KAN,28,9.0,21.715467134102816,365,21.715467134102816,None,392
Sean Tucker,RB,TAM,22,3.0,9.02045330561656,439,21.649087933479745,Injury_Recovery+Young_RB_Opportunity,393
River Cracraft,WR,MIA,29,18.0,21.586070451566176,366,21.586070451566176,None,394
Blaine Gabbert,QB,KAN,34,6.0,9.711290706902105,438,21.36483955518463,Backup_QB_Breakout,395
Ihmir Smith-Marsette,WR,CAR,24,25.0,21.36175459035118,367,21.36175459035118,None,396
MyCole Pruitt,TE,ATL,31,17.0,21.13625625783463,368,21.13625625783463,None,397
Jalen Guyton,WR,LAC,26,15.0,20.741232239024463,369,20.741232239024463,None,398
Hunter Luepke,RB,DAL,23,10.0,8.341893457394951,449,20.020544297747886,Injury_Recovery+Young_RB_Opportunity,399
Lucas Krull,TE,DEN,25,16.0,19.955035602804784,370,19.955035602804784,None,400
Charlie Jones,WR,CIN,25,14.0,19.665526710340977,371,19.665526710340977,None,401
Boston Scott,RB,PHI,28,12.0,19.42630843434517,375,19.42630843434517,None,402
Robbie Chosen,WR,MIA,30,19.0,19.33440563814725,376,19.33440563814725,None,403
Ke'Shawn Vaughn,RB,TAM,26,4.0,11.783553638538775,430,18.85368582166204,Injury_Recovery,404
Brett Rypien,QB,LAR,27,5.0,8.080701395598398,450,17.777543070316476,Backup_QB_Breakout,405
Mike White,QB,MIA,28,2.0,8.076825894325832,451,17.769016967516833,Backup_QB_Breakout,406
Darnell Washington,TE,PIT,22,6.0,17.587756060154405,386,17.587756060154405,None,407
Charlie Kolar,TE,BAL,24,15.0,17.01669156694182,389,17.01669156694182,None,408
Mitchell Wilcox,TE,CIN,27,6.0,16.6658784074281,390,16.6658784074281,None,409
Ben Skowronek,WR,LAR,26,14.0,16.618179401203705,391,16.618179401203705,None,410
C.J. Uzomah,TE,NYJ,30,12.0,16.577107529194112,392,16.577107529194112,None,411
Chase Claypool,WR,2TM,25,14.0,16.240532728962965,393,16.240532728962965,None,412
Melvin Gordon,RB,BAL,30,17.0,15.792018606877846,395,15.792018606877846,None,413
Josiah Deguara,TE,GNB,26,7.0,15.759566539049125,396,15.759566539049125,None,414
David Moore,WR,TAM,28,15.0,15.310644752338307,400,15.310644752338307,None,415
Samori Toure,WR,GNB,25,8.0,15.170936222690871,401,15.170936222690871,None,416
Luke Schoonmaker,TE,DAL,25,19.0,14.937513221589734,403,14.937513221589734,None,417
Jaren Hall,QB,MIN,25,2.0,6.6673902163276315,462,14.66825847592079,Backup_QB_Breakout,418
Brycen Hopkins,TE,LAR,26,8.0,14.496081026472687,405,14.496081026472687,None,419
Chris Conley,WR,SFO,31,7.0,13.909766681873805,408,13.909766681873805,None,420
Randall Cobb,WR,NYJ,33,12.0,13.77155556921085,409,13.77155556921085,None,421
Ian Thomas,TE,CAR,27,6.0,13.715682218491086,410,13.715682218491086,None,422
Jalen Brooks,WR,DAL,23,6.0,13.710936384859007,411,13.710936384859007,None,423
J.K. Dobbins,RB,BAL,25,10.0,8.536124235774983,447,13.657798777239973,Injury_Recovery,424
Ronnie Bell,WR,SFO,23,25.0,13.65700058248219,412,13.65700058248219,None,425
Payne Durham,TE,TAM,23,6.0,13.46463150497128,414,13.46463150497128,None,426
Jimmy Graham,TE,NOR,37,28.0,13.46312973620251,415,13.46312973620251,None,427
Jason Brownlee,WR,NYJ,24,12.0,13.394069150858188,416,13.394069150858188,None,428
Marvin Jones,WR,DET,33,2.0,13.371500742344123,417,13.371500742344123,None,429
Julian Hill,TE,MIA,23,3.0,13.099504143588463,418,13.099504143588463,None,430
Keith Kirkwood,WR,NOR,29,10.0,12.86812799030197,420,12.86812799030197,None,431
Marquise Goodwin,WR,CLE,33,10.0,12.611454451041244,421,12.611454451041244,None,432
Equanimeous St. Brown,WR,CHI,27,6.0,12.384900963987173,424,12.384900963987173,None,433
Jashaun Corbin,RB,NYG,23,1.0,5.132235097850383,473,12.31736423484092,Injury_Recovery+Young_RB_Opportunity,434
Justyn Ross,WR,KAN,24,5.0,12.293905468420196,425,12.293905468420196,None,435
Keelan Doss,WR,LAC,27,3.0,12.111253174089889,426,12.111253174089889,None,436
Ty Montgomery,WR,NWE,30,5.0,11.97777928529504,428,11.97777928529504,None,437
Jack Stoll,TE,PHI,25,4.0,11.971851582349236,429,11.971851582349236,None,438
Brenton Strange,TE,JAX,23,10.0,11.591390322164944,431,11.591390322164944,None,439
Malik Willis,QB,TEN,24,3.0,5.2276793900745755,471,11.500894658164068,Backup_QB_Breakout,440
Brian Hoyer,QB,LVR,38,5.0,5.219871363652551,472,11.483717000035613,Backup_QB_Breakout,441
Blake Bell,TE,KAN,32,7.0,11.06777221125256,432,11.06777221125256,None,442
Rashaad Penny,RB,PHI,27,4.0,6.569333652321945,464,10.510933843715113,Injury_Recovery,443
Rakim Jarrett,WR,TAM,22,6.0,10.472260840241006,433,10.472260840241006,None,444
Lawrence Cager,TE,NYG,26,10.0,10.37582855205353,434,10.37582855205353,None,445
Grant Calcaterra,TE,PHI,25,4.0,10.061697616209845,435,10.061697616209845,None,446
Elijah Dotson,RB,LAC,24,2.0,4.1831997534784175,477,10.039679408348203,Injury_Recovery+Young_RB_Opportunity,447
Peyton Hendershot,TE,DAL,24,4.0,9.97553503162082,436,9.97553503162082,None,448
DeAndre Carter,WR,LVR,30,6.0,9.95018645688559,437,9.95018645688559,None,449
Damien Williams,RB,ARI,31,6.0,8.973831602448959,440,8.973831602448959,None,450
D.J. Montgomery,WR,IND,27,12.0,8.955713251888591,441,8.955713251888591,None,451
Dare Ogunbowale,RB,HOU,29,8.0,8.949365863211483,442,8.949365863211483,None,452
Mike Strachan,WR,CAR,26,5.0,8.830244845700106,443,8.830244845700106,None,453
Britain Covey,WR,PHI,26,4.0,8.759081418363344,444,8.759081418363344,None,454
Devin Duvernay,WR,BAL,26,3.0,8.72041357017212,445,8.72041357017212,None,455
Marcedes Lewis,TE,CHI,39,9.0,8.690848216059807,446,8.690848216059807,None,456
Nate Adkins,TE,DEN,24,2.0,8.40874832636687,448,8.40874832636687,None,457
Velus Jones Jr.,WR,CHI,26,7.0,7.838528839353557,452,7.838528839353557,None,458
Cooper Rush,QB,DAL,30,3.0,3.5518478672421954,482,7.814065307932831,Backup_QB_Breakout,459
Elijah Cooks,WR,JAX,25,4.0,7.734730185421648,453,7.734730185421648,None,460
Ben Sims,TE,GNB,23,8.0,7.587083389875711,454,7.587083389875711,None,461
Zach Pascal,WR,ARI,29,2.0,7.511493745574617,455,7.511493745574617,None,462
Charlie Woerner,TE,SFO,26,3.0,7.284722849541337,456,7.284722849541337,None,463
Austin Trammell,WR,LAR,25,1.0,7.267074627269102,457,7.267074627269102,None,464
Leonard Fournette,RB,BUF,28,4.0,6.985811337377258,458,6.985811337377258,None,465
Clayton Tune,QB,ARI,24,7.0,3.123579362445654,488,6.871874597380439,Backup_QB_Breakout,466
Steven Sims,WR,HOU,26,3.0,6.825912400610973,459,6.825912400610973,None,467
Kenyan Drake,RB,2TM,29,1.0,6.785814203725187,460,6.785814203725187,None,468
Teagan Quitoriano,TE,HOU,23,3.0,6.772838872343813,461,6.772838872343813,None,469
Jalen Nailor,WR,MIN,24,3.0,6.661324235832297,463,6.661324235832297,None,470
Miles Boykin,WR,PIT,27,2.0,6.546560703469878,465,6.546560703469878,None,471
Zonovan Knight,RB,DET,22,2.0,2.6581841177359395,491,6.379641882566256,Injury_Recovery+Young_RB_Opportunity,472
Greg Dulcich,TE,DEN,23,3.0,6.120026734261882,466,6.120026734261882,None,473
Tyrion Davis-Price,RB,SFO,23,2.0,2.5069035153082826,494,6.016568436739879,Injury_Recovery+Young_RB_Opportunity,474
Zach Evans,RB,LAR,22,2.0,2.401371910465322,496,5.763292585116774,Injury_Recovery+Young_RB_Opportunity,475
Eric Saubert,TE,2TM,29,1.0,5.637951613197131,467,5.637951613197131,None,476
Kenny Yeboah,TE,NYJ,25,3.0,5.54773211496424,468,5.54773211496424,None,477
Anthony McFarland Jr.,RB,PIT,25,1.0,3.4332149097964746,484,5.49314385567436,Injury_Recovery,478
Quintin Morris,TE,BUF,24,9.0,5.431604080787004,469,5.431604080787004,None,479
James Mitchell,TE,DET,24,3.0,5.404623854892895,470,5.404623854892895,None,480
Alex Armah,RB,WAS,29,1.0,4.874994337113044,474,4.874994337113044,None,481
Chris Manhertz,TE,DEN,31,2.0,4.690459208393863,475,4.690459208393863,None,482
Evan Hull,RB,IND,23,1.0,1.9010359215469552,508,4.562486211712693,Injury_Recovery+Young_RB_Opportunity,483
Brandon Bolden,RB,LVR,33,11.0,4.386347864175511,476,4.386347864175511,None,484
Kayshon Boutte,WR,NWE,21,2.0,4.116945166272449,478,4.116945166272449,None,485
Jake Funk,RB,IND,25,2.0,2.5681260322334296,493,4.109001651573488,Injury_Recovery,486
Trevon Wesco,TE,TEN,28,2.0,3.658337941816363,479,3.658337941816363,None,487
Ko Kieft,TE,TAM,25,6.0,3.6077762963557727,480,3.6077762963557727,None,488
Willie Snead,WR,SFO,31,1.0,3.5685830314691755,481,3.5685830314691755,None,489
Malik Taylor,WR,NYJ,28,1.0,3.5300142024444434,483,3.5300142024444434,None,490
Devine Ozigbo,RB,DET,27,1.0,2.1364696069518248,500,3.41835137112292,Injury_Recovery,491
Chris Evans,RB,CIN,26,1.0,2.1086468145227837,502,3.373834903236454,Injury_Recovery,492
Nick Muse,TE,MIN,25,2.0,3.356502479862597,485,3.356502479862597,None,493
Trishton Jackson,WR,MIN,25,3.0,3.338364459389843,486,3.338364459389843,None,494
Tyler Johnson,WR,LAR,25,7.0,3.3115918672216624,487,3.3115918672216624,None,495
David Wells,TE,TAM,28,-1.0,2.8659896902731035,489,2.8659896902731035,None,496
Laquon Treadwell,WR,BAL,28,2.0,2.707998500613433,490,2.707998500613433,None,497
Logan Woodside,QB,ATL,28,,2.6477890099544097,492,2.6477890099544097,None,498
Cole Fotheringham,TE,LVR,26,1.0,2.4135419805202663,495,2.4135419805202663,None,499
Kene Nwangwu,RB,MIN,25,1.0,1.4762033894030473,513,2.361925423044876,Injury_Recovery,500
Jonathan Ward,RB,TEN,26,1.0,1.4359652444274382,515,2.297544391083901,Injury_Recovery,501
John FitzPatrick,TE,ATL,23,1.0,2.2903121841634833,497,2.2903121841634833,None,502
Derrick Gore,RB,WAS,29,3.0,2.2838564908881565,498,2.2838564908881565,None,503
Ross Dwelley,TE,SFO,28,1.0,2.2208247230991116,499,2.2208247230991116,None,504
Cody Thompson,WR,SEA,27,1.0,2.1206463343490127,501,2.1206463343490127,None,505
Tylan Wallace,WR,BAL,24,7.0,2.100663365075152,503,2.100663365075152,None,506
Collin Johnson,WR,CHI,26,1.0,2.0872041669378065,504,2.0872041669378065,None,507
Simi Fehoko,WR,LAC,26,7.0,2.020995871403147,505,2.020995871403147,None,508
Jesper Horsted,TE,LVR,26,,2.017720720789018,506,2.017720720789018,None,509
Tucker Fisk,TE,ATL,24,1.0,1.9222543289896863,507,1.9222543289896863,None,510
Sean Clifford,QB,GNB,25,1.0,0.856463928825267,520,1.8842206434155875,Backup_QB_Breakout,511
Nick Vannett,TE,LAC,30,,1.8698046982617311,509,1.8698046982617311,None,512
Erik Ezukanma,WR,MIA,23,2.0,1.7892089395930255,510,1.7892089395930255,None,513
Mason Kinsey,WR,TEN,25,1.0,1.722822817035245,511,1.722822817035245,None,514
Kevin Rader,TE,TEN,28,1.0,1.6402823826944335,512,1.6402823826944335,None,515
Kwamie Lassiter II,WR,CIN,25,,1.4726067975551271,514,1.4726067975551271,None,516
Colton Dowell,WR,TEN,24,,1.387616772602046,516,1.387616772602046,None,517
Antoine Green,WR,DET,24,,1.2803137188420426,517,1.2803137188420426,None,518
Gunner Olszewski,WR,2TM,27,2.0,1.2284269360269355,518,1.2284269360269355,None,519
James Robinson,RB,GNB,25,,1.1155112246623329,519,1.1155112246623329,None,520
A.J. McCarron,QB,CIN,33,1.0,0.2581861743536562,523,0.5680095835780437,Backup_QB_Breakout,521
D'Wayne Eskridge,WR,SEA,26,1.0,0.4853481613578722,521,0.4853481613578722,None,522
Kyle Allen,QB,BUF,27,-1.0,0.1854911646649764,531,0.4080805622629481,Backup_QB_Breakout,523
Montrell Washington,WR,KAN,24,,0.3712301492270534,522,0.3712301492270534,None,524
Aaron Rodgers,QB,NYJ,40,,0.2418238425335537,524,0.2418238425335537,None,525
Sam Ehlinger,QB,IND,25,,0.2318186645400262,525,0.2318186645400262,None,526
Malik Cunningham,QB,2TM,25,,0.2318186645400262,526,0.2318186645400262,None,527
Kyle Trask,QB,TAM,25,,0.2158356748138575,527,0.2158356748138575,None,528
Matt Barkley,QB,JAX,33,,0.188944630011511,528,0.188944630011511,None,529
Nathan Peterman,QB,CHI,29,,0.188944630011511,529,0.188944630011511,None,530
Teddy Bridgewater,QB,DET,31,,0.188944630011511,530,0.188944630011511,None,531
Jonathan Williams,RB,WAS,29,,0.1619483004287299,532,0.1619483004287299,None,532
Dareke Young,WR,SEA,24,,0.1019509144934456,533,0.1019509144934456,None,533
N'Keal Harry,WR,MIN,26,,0.0751677692945859,534,0.0751677692945859,None,534
DJ Turner,WR,LVR,26,,0.0751677692945859,535,0.0751677692945859,None,535
Juwann Winfree,WR,IND,27,,0.0751677692945859,536,0.0751677692945859,None,536
Matthew Slater,WR,NWE,38,,0.0751677692945859,537,0.0751677692945859,None,537
Irvin Charles,WR,NYJ,26,,0.0751677692945859,538,0.0751677692945859,None,538
Jordan Mims,RB,NOR,24,,0.0649200710805451,540,0.0649200710805451,None,539
Jamycal Hasty,RB,2TM,27,,0.0649200710805451,539,0.0649200710805451,None,540
Dan Chisena,WR,2TM,26,,0.0577233264289371,541,0.0577233264289371,None,541
Shedrick Jackson,WR,CIN,24,,0.049164285897377,542,0.049164285897377,None,542
Andre Baccellia,WR,ARI,26,,0.049164285897377,543,0.049164285897377,None,543
Dylan Drummond,WR,DET,23,,0.0421884196776066,544,0.0421884196776066,None,544
Ryan Miller,WR,TAM,23,,0.0421884196776066,545,0.0421884196776066,None,545
Kirk Merritt,WR,NOR,26,,0.0412030364333998,565,0.0412030364333998,None,546
Stanley Morgan Jr.,WR,CIN,27,,0.0412030364333998,561,0.0412030364333998,None,547
Marquez Callaway,WR,NOR,25,,0.0412030364333998,562,0.0412030364333998,None,548
Lucky Jackson,WR,MIN,26,,0.0412030364333998,563,0.0412030364333998,None,549
Kristian Wilkerson,WR,LVR,26,,0.0412030364333998,564,0.0412030364333998,None,550
Michael Bandy,WR,DEN,26,,0.0412030364333998,567,0.0412030364333998,None,551
Kearis Jackson,WR,TEN,24,,0.0412030364333998,566,0.0412030364333998,None,552
Devon Allen,WR,PHI,29,,0.0412030364333998,559,0.0412030364333998,None,553
Johnny Johnson,WR,HOU,24,,0.0412030364333998,568,0.0412030364333998,None,554
Jaelon Darden,WR,CLE,24,,0.0412030364333998,569,0.0412030364333998,None,555
Jacob Harris,WR,JAX,26,,0.0412030364333998,570,0.0412030364333998,None,556
Frank Darby,WR,ATL,26,,0.0412030364333998,560,0.0412030364333998,None,557
Mitchell Tinsley,WR,WAS,24,,0.0412030364333998,550,0.0412030364333998,None,558
Easop Winston,WR,SEA,27,,0.0412030364333998,558,0.0412030364333998,None,559
David Sills,WR,DEN,27,,0.0412030364333998,551,0.0412030364333998,None,560
Amari Rodgers,WR,IND,24,,0.0412030364333998,557,0.0412030364333998,None,561
Phillip Dorsett,WR,DEN,30,,0.0412030364333998,546,0.0412030364333998,None,562
Terrell Bynum,WR,LAC,25,,0.0412030364333998,547,0.0412030364333998,None,563
Dez Fitzpatrick,WR,PIT,26,,0.0412030364333998,549,0.0412030364333998,None,564
Tay Martin,WR,SFO,26,,0.0412030364333998,548,0.0412030364333998,None,565
Tre'Quan Smith,WR,DEN,27,,0.0412030364333998,552,0.0412030364333998,None,566
Damiere Byrd,WR,ATL,30,,0.0412030364333998,553,0.0412030364333998,None,567
Ethan Fernea,WR,IND,25,,0.0412030364333998,554,0.0412030364333998,None,568
Chris Blair,WR,ATL,26,,0.0412030364333998,555,0.0412030364333998,None,569
Andy Isabella,WR,BUF,27,,0.0412030364333998,556,0.0412030364333998,None,570
Travis Homer,RB,CHI,25,,0.0359299745897461,571,0.0359299745897461,None,571
Xazavian Valladay,RB,NYJ,25,,0.0129321750937541,580,0.0129321750937541,None,572
Kenny McIntosh,RB,SEA,23,,0.0129321750937541,585,0.0129321750937541,None,573
Corey Clement,RB,ARI,29,,0.0129321750937541,584,0.0129321750937541,None,574
Julius Chestnut,RB,TEN,23,,0.0129321750937541,583,0.0129321750937541,None,575
Dwayne Washington,RB,DEN,29,,0.0129321750937541,582,0.0129321750937541,None,576
Godwin Igwebuike,RB,2TM,29,,0.0129321750937541,581,0.0129321750937541,None,577
Qadree Ollison,RB,PIT,27,,0.0129321750937541,579,0.0129321750937541,None,578
Myles Gaskin,RB,2TM,26,,0.0129321750937541,577,0.0129321750937541,None,579
Jeremy McNichols,RB,SFO,28,,0.0129321750937541,576,0.0129321750937541,None,580
Mohamed Ibrahim,RB,DET,25,,0.0129321750937541,575,0.0129321750937541,None,581
Malik Davis,RB,DAL,25,,0.0129321750937541,574,0.0129321750937541,None,582
SaRodorick Thompson,RB,SEA,24,,0.0129321750937541,573,0.0129321750937541,None,583
Deneric Prince,RB,KAN,23,,0.0129321750937541,572,0.0129321750937541,None,584
Owen Wright,RB,BAL,24,,0.0129321750937541,578,0.0129321750937541,None,585
Matt Sokol,TE,NWE,28,,0.0059999999999999,586,0.0059999999999999,None,586
Anthony Firkser,TE,DET,28,,0.0,601,0.0,None,587
Dalton Keene,TE,HOU,24,,0.0,607,0.0,None,588
J.P. Holtz,TE,NOR,30,,0.0,603,0.0,None,589
Jordan Matthews,TE,CAR,31,,0.0,604,0.0,None,590
Josh Pederson,TE,JAX,26,,0.0,605,0.0,None,591
Matt Bushman,TE,KAN,28,,0.0,606,0.0,None,592
Sean McKeon,TE,DAL,26,,0.0,612,0.0,None,593
Noah Togiai,TE,PHI,26,,0.0,608,0.0,None,594
Parker Hesse,TE,ATL,28,,0.0,609,0.0,None,595
Princeton Fant,TE,DAL,24,,0.0,610,0.0,None,596
Rodney Williams,TE,PIT,25,,0.0,611,0.0,None,597
Zack Kuntz,TE,NYJ,24,,0.0,613,0.0,None,598
Albert Okwuegbunam,TE,PHI,25,,0.0,602,0.0,None,599
Tre' McKitty,TE,LAC,24,,0.0,587,0.0,None,600
Blake Whiteheart,TE,ARI,23,,0.0,600,0.0,None,601
Hunter Long,TE,LAR,25,,0.0,599,0.0,None,602
Hunter Kampmoyer,TE,LAC,25,,0.0,598,0.0,None,603
Brady Russell,TE,SEA,25,,0.0,597,0.0,None,604
Brayden Willis,TE,SFO,24,,0.0,596,0.0,None,605
Stephen Anderson,TE,LAC,30,,0.0,595,0.0,None,606
Stephen Carlson,TE,CHI,27,,0.0,594,0.0,None,607
Darrell Daniels,TE,DET,29,,0.0,593,0.0,None,608
Zach Gentry,TE,LVR,27,,0.0,592,0.0,None,609
Tanner Conner,TE,MIA,25,,0.0,591,0.0,None,610
Tyree Jackson,TE,NYG,26,,0.0,590,0.0,None,611
Travis Vokolek,TE,ARI,25,,0.0,589,0.0,None,612
Tyler Kroft,TE,MIA,31,,0.0,588,0.0,None,613
Trent Taylor,WR,CHI,29,-2.0,-0.9226524363841578,614,-0.9226524363841578,None,614
James Proche,WR,CLE,27,-2.0,-1.5478868662459009,615,-1.5478868662459009,None,615
