ADP_Rank,Player,Team,Position,ADP_Average,Model_Rank,Model_Points,Expert_Rank,ADP_vs_Model,Value_Category,Likely_Rookie,Notes
1,Ja'Marr Chase,CIN,WR,1.0,11.0,267.9,9.0,10.0,Fair Value,True,Rookie prospect
2,Bijan Robinson,ATL,RB,2.8,8.0,290.8,2.0,6.0,Fair Value,True,Rookie prospect
3,Saquon Barkley,PHI,RB,2.8,6.0,294.0,1.0,3.0,Fair Value,True,Rookie prospect
4,Jahmyr Gibbs,DET,RB,4.6,14.0,259.6,4.0,10.0,Fair Value,True,Rookie prospect
5,Justin Jefferson,MIN,WR,4.6,29.0,234.7,18.0,24.0,Model Buy,True,Rookie prospect
6,CeeDee Lamb,DAL,WR,5.2,51.0,212.6,24.0,45.0,Model Buy,True,Rookie prospect
7,Christian McCaffrey,SF,RB,9.2,288.0,54.1,7.0,281.0,Strong Model Buy,False,
8,Amon-Ra St. Brown,DET,WR,9.2,71.0,196.6,541.0,63.0,Strong Model Buy,True,Rookie prospect
9,Puka Nacua,LAR,WR,9.4,26.0,237.4,26.0,17.0,Fair Value,False,
10,Malik Nabers,NYG,WR,9.6,47.0,215.9,32.0,37.0,Model Buy,True,Rookie prospect
11,Derrick Henry,BAL,RB,10.4,17.0,254.8,3.0,6.0,Fair Value,True,Rookie prospect
12,Ashton Jeanty,LV,RB,10.4,,,11.0,,Unknown,True,Rookie prospect
13,De'Von Achane,MIA,RB,12.4,15.0,257.6,8.0,2.0,Fair Value,False,
14,Nico Collins,HOU,WR,14.4,36.0,227.3,31.0,22.0,Model Buy,True,Rookie prospect
15,Brian Thomas Jr.,JAC,WR,14.8,52.0,211.5,30.0,37.0,Model Buy,True,Rookie prospect
16,Josh Jacobs,GB,RB,17.0,34.0,229.7,5.0,18.0,Fair Value,True,Rookie prospect
17,A.J. Brown,PHI,WR,17.4,55.0,211.1,541.0,38.0,Model Buy,False,
18,Brock Bowers,LV,TE,18.8,58.0,207.7,28.0,40.0,Model Buy,True,Rookie prospect
19,Jonathan Taylor,IND,RB,19.8,31.0,230.8,564.0,12.0,Fair Value,True,Rookie prospect
20,Drake London,ATL,WR,20.0,61.0,205.3,44.0,41.0,Model Buy,False,
21,Bucky Irving,TB,RB,21.8,35.0,229.7,12.0,14.0,Fair Value,False,
22,Lamar Jackson,BAL,QB,22.4,1.0,349.6,14.0,-21.0,Model Fade,True,Rookie prospect
23,Josh Allen,BUF,QB,23.0,10.0,272.5,15.0,-13.0,Fair Value,True,Rookie prospect
24,Kyren Williams,LAR,RB,24.2,39.0,225.4,109.0,15.0,Fair Value,False,
25,Ladd McConkey,LAC,WR,25.2,62.0,205.0,41.0,37.0,Model Buy,False,
26,Trey McBride,ARI,TE,26.6,23.0,239.3,34.0,-3.0,Fair Value,True,Rookie prospect
27,Chase Brown,CIN,RB,27.4,30.0,230.9,541.0,3.0,Fair Value,False,
28,Tyreek Hill,MIA,WR,28.8,50.0,212.6,204.0,22.0,Model Buy,False,
29,Jayden Daniels,WAS,QB,30.8,4.0,305.7,20.0,-25.0,Model Fade,True,Rookie prospect
30,Tee Higgins,CIN,WR,30.8,41.0,224.5,42.0,11.0,Fair Value,False,
31,James Cook,BUF,RB,31.2,25.0,238.5,13.0,-6.0,Fair Value,True,Rookie prospect
32,Breece Hall,NYJ,RB,33.6,57.0,208.8,19.0,25.0,Model Buy,False,
33,Jaxon Smith-Njigba,SEA,WR,34.0,75.0,193.7,62.0,42.0,Model Buy,True,Rookie prospect
34,Joe Burrow,CIN,QB,35.4,3.0,334.8,38.0,-31.0,Model Fade,True,Rookie prospect
35,Garrett Wilson,NYJ,WR,36.2,54.0,211.1,421.0,19.0,Fair Value,False,
36,Davante Adams,LAR,WR,37.8,68.0,199.1,46.0,32.0,Model Buy,False,
37,Jalen Hurts,PHI,QB,38.0,27.0,236.5,21.0,-10.0,Fair Value,False,
38,Alvin Kamara,NO,RB,38.2,12.0,264.8,23.0,-26.0,Model Fade,False,
39,George Kittle,SF,TE,38.2,77.0,192.6,27.0,38.0,Model Buy,True,Rookie prospect
40,Terry McLaurin,WAS,WR,38.4,67.0,199.3,48.0,27.0,Model Buy,True,Rookie prospect
41,Kenneth Walker III,SEA,RB,38.4,105.0,161.0,22.0,64.0,Strong Model Buy,True,Rookie prospect
42,Mike Evans,TB,WR,40.2,80.0,189.3,444.0,38.0,Model Buy,True,Rookie prospect
43,Marvin Harrison Jr.,ARI,WR,41.2,86.0,185.3,53.0,43.0,Model Buy,True,Rookie prospect
44,Omarion Hampton,LAC,RB,43.2,,,29.0,,Unknown,True,Rookie prospect
45,Chuba Hubbard,CAR,RB,45.4,19.0,244.3,25.0,-26.0,Model Fade,False,
46,James Conner,ARI,RB,47.4,25.0,238.5,16.0,-21.0,Model Fade,False,
47,DJ Moore,CHI,WR,48.4,314.0,41.3,63.0,267.0,Strong Model Buy,True,Rookie prospect
48,Rashee Rice,KC,WR,48.8,252.0,72.6,108.0,204.0,Strong Model Buy,False,
49,DK Metcalf,PIT,WR,49.6,,,60.0,,Unknown,True,Rookie prospect
50,Sam LaPorta,DET,TE,51.4,107.0,159.9,55.0,57.0,Strong Model Buy,False,
51,Joe Mixon,HOU,RB,52.0,44.0,221.8,36.0,-7.0,Fair Value,True,Rookie prospect
52,Courtland Sutton,DEN,WR,53.6,81.0,188.7,68.0,29.0,Model Buy,False,
53,Patrick Mahomes II,KC,QB,54.0,13.0,261.6,52.0,-40.0,Model Fade,False,
54,D'Andre Swift,CHI,RB,56.8,48.0,214.5,33.0,-6.0,Fair Value,False,
55,DeVonta Smith,PHI,WR,56.8,63.0,201.9,156.0,8.0,Fair Value,False,
56,Xavier Worthy,KC,WR,57.2,123.0,147.6,56.0,67.0,Strong Model Buy,False,
57,David Montgomery,DET,RB,59.4,101.0,167.2,35.0,44.0,Model Buy,False,
58,TreVeyon Henderson,NE,RB,61.8,,,47.0,,Unknown,True,Rookie prospect
59,Jameson Williams,DET,WR,61.8,70.0,197.4,109.0,11.0,Fair Value,False,
60,Zay Flowers,BAL,WR,61.8,40.0,224.5,71.0,-20.0,Model Fade,True,Rookie prospect
61,T.J. Hockenson,MIN,TE,62.2,181.0,112.2,72.0,120.0,Strong Model Buy,False,
62,RJ Harvey,DEN,RB,62.8,,,57.0,,Unknown,True,Rookie prospect
63,Travis Kelce,KC,TE,62.8,43.0,221.9,70.0,-20.0,Model Fade,True,Rookie prospect
64,Aaron Jones Sr.,MIN,RB,63.8,24.0,238.9,532.0,-40.0,Model Fade,False,
65,Travis Hunter,JAC,WR,64.2,,,256.0,,Unknown,True,Rookie prospect
66,Baker Mayfield,TB,QB,65.8,2.0,340.5,61.0,-64.0,Strong Model Fade,True,Rookie prospect
67,George Pickens,DAL,WR,66.0,87.0,183.8,73.0,20.0,Fair Value,False,
68,Isiah Pacheco,KC,RB,66.8,197.0,104.2,54.0,129.0,Strong Model Buy,False,
69,Tetairoa McMillan,CAR,WR,67.0,,,98.0,,Unknown,True,Rookie prospect
70,Calvin Ridley,TEN,WR,68.8,72.0,196.3,69.0,2.0,Fair Value,False,
71,Kaleb Johnson,PIT,RB,69.6,,,565.0,,Unknown,True,Rookie prospect
72,Tony Pollard,TEN,RB,74.6,42.0,222.4,43.0,-30.0,Model Fade,False,
73,Jaylen Waddle,MIA,WR,74.8,104.0,163.5,85.0,31.0,Model Buy,False,
74,Mark Andrews,BAL,TE,75.4,111.0,157.9,58.0,37.0,Model Buy,False,
75,Bo Nix,DEN,QB,75.6,9.0,275.4,65.0,-66.0,Strong Model Fade,False,
76,Jerry Jeudy,CLE,WR,76.2,53.0,211.2,79.0,-23.0,Model Fade,True,Rookie prospect
77,Chris Godwin,TB,WR,79.6,147.0,131.3,94.0,70.0,Strong Model Buy,False,
78,Chris Olave,NO,WR,80.2,147.0,131.3,120.0,69.0,Strong Model Buy,False,
79,Brian Robinson Jr.,WAS,RB,83.0,128.0,142.9,2.0,49.0,Model Buy,True,Rookie prospect
80,Jordan Addison,MIN,WR,83.4,88.0,182.6,100.0,8.0,Fair Value,False,
81,Rome Odunze,CHI,WR,85.2,116.0,153.4,92.0,35.0,Model Buy,False,
82,Kyler Murray,ARI,QB,87.2,16.0,255.1,59.0,-66.0,Strong Model Fade,False,
83,Evan Engram,DEN,TE,87.4,175.0,114.6,97.0,92.0,Strong Model Buy,False,
84,Cooper Kupp,SEA,WR,88.2,97.0,167.8,123.0,13.0,Fair Value,False,
85,David Njoku,CLE,TE,88.4,95.0,172.4,78.0,10.0,Fair Value,False,
86,Deebo Samuel Sr.,WAS,WR,88.4,126.0,145.8,81.0,40.0,Model Buy,False,
87,Stefon Diggs,NE,WR,89.2,160.0,124.9,121.0,73.0,Strong Model Buy,False,
88,Tyrone Tracy Jr.,NYG,RB,91.2,76.0,193.3,64.0,-12.0,Fair Value,True,Rookie prospect
89,Jaylen Warren,PIT,RB,93.4,138.0,137.7,76.0,49.0,Model Buy,False,
90,Jakobi Meyers,LV,WR,94.0,33.0,230.2,87.0,-57.0,Strong Model Fade,False,
91,Cam Skattebo,NYG,RB,94.0,228.0,87.9,94.0,137.0,Strong Model Buy,True,Rookie prospect
92,Quinshon Judkins,CLE,RB,94.6,,,99.0,,Unknown,True,Rookie prospect
93,Khalil Shakir,BUF,WR,96.8,78.0,192.3,129.0,-15.0,Fair Value,False,
94,Travis Etienne Jr.,JAC,RB,100.0,117.0,153.1,111.0,23.0,Model Buy,False,
95,Jauan Jennings,SF,WR,100.0,49.0,213.0,452.0,-46.0,Model Fade,False,
96,Matthew Golden,GB,WR,101.2,,,113.0,,Unknown,True,Rookie prospect
97,Javonte Williams,DAL,RB,103.6,93.0,177.3,109.0,-4.0,Fair Value,False,
98,Jared Goff,DET,QB,105.4,7.0,293.5,105.0,-91.0,Strong Model Fade,True,Rookie prospect
99,Brandon Aubrey,DAL,K,106.0,,,,,Unknown,True,Rookie prospect
100,Brock Purdy,SF,QB,106.0,20.0,244.0,67.0,-80.0,Strong Model Fade,False,
101,Ricky Pearsall,SF,WR,106.2,217.0,90.8,116.0,116.0,Strong Model Buy,False,
102,Dak Prescott,DAL,QB,107.8,182.0,112.1,94.0,80.0,Strong Model Buy,False,
103,Justin Fields,NYJ,QB,108.8,18.0,251.2,77.0,-85.0,Strong Model Fade,False,
104,Jayden Reed,GB,WR,110.2,102.0,166.8,96.0,-2.0,Fair Value,False,
105,Rhamondre Stevenson,NE,RB,110.6,96.0,171.5,83.0,-9.0,Fair Value,False,
106,Tyler Warren,IND,TE,112.6,161.0,124.5,76.0,55.0,Strong Model Buy,True,Rookie prospect
107,Najee Harris,LAC,RB,113.8,56.0,209.4,95.0,-51.0,Strong Model Fade,False,
108,Caleb Williams,CHI,QB,114.6,22.0,240.2,109.0,-86.0,Strong Model Fade,False,
109,Denver Broncos,DST,DST,115.2,,,,,Unknown,True,Rookie prospect
110,Jonnu Smith,PIT,TE,115.4,65.0,201.5,156.0,-45.0,Model Fade,True,Rookie prospect
111,Colston Loveland,CHI,TE,115.8,,,102.0,,Unknown,True,Rookie prospect
112,Tucker Kraft,GB,TE,116.2,131.0,141.9,84.0,19.0,Fair Value,False,
113,Justin Herbert,LAC,QB,116.6,18.0,251.2,91.0,-95.0,Strong Model Fade,False,
114,J.K. Dobbins,DEN,RB,117.4,83.0,188.4,86.0,-31.0,Model Fade,False,
115,Jordan Mason,MIN,RB,117.8,137.0,138.4,103.0,22.0,Model Buy,False,
116,Philadelphia Eagles,DST,DST,119.0,,,,,Unknown,True,Rookie prospect
117,Cameron Dicker,LAC,K,121.4,,,,,Unknown,True,Rookie prospect
118,Zach Charbonnet,SEA,RB,122.4,115.0,156.8,122.0,-3.0,Fair Value,False,
119,Brandon Aiyuk,SF,WR,122.4,249.0,75.4,144.0,130.0,Strong Model Buy,False,
120,Emeka Egbuka,TB,WR,123.0,,,158.0,,Unknown,True,Rookie prospect
121,Josh Downs,IND,WR,125.6,74.0,194.2,149.0,-47.0,Model Fade,False,
122,Keon Coleman,BUF,WR,125.6,190.0,109.2,112.0,68.0,Strong Model Buy,False,
123,Michael Pittman Jr.,IND,WR,127.8,92.0,179.6,141.0,-31.0,Model Fade,True,Rookie prospect
124,Darnell Mooney,ATL,WR,129.8,69.0,197.5,119.0,-55.0,Strong Model Fade,False,
125,Pittsburgh Steelers,DST,DST,130.0,,,,,Unknown,True,Rookie prospect
126,Rachaad White,TB,RB,131.4,100.0,167.6,131.0,-26.0,Model Fade,False,
127,Jake Bates,DET,K,131.6,,,313.0,,Unknown,True,Rookie prospect
128,Tyjae Spears,TEN,RB,131.6,127.0,144.3,126.0,-1.0,Fair Value,False,
129,Dalton Kincaid,BUF,TE,132.6,139.0,137.2,98.0,10.0,Fair Value,False,
130,Jordan Love,GB,QB,133.4,45.0,219.9,132.0,-85.0,Strong Model Fade,False,
131,Jake Ferguson,DAL,TE,134.8,122.0,148.5,104.0,-9.0,Fair Value,False,
132,Baltimore Ravens,DST,DST,135.8,,,,,Unknown,True,Rookie prospect
133,Dallas Goedert,PHI,TE,135.8,153.0,126.8,80.0,20.0,Fair Value,False,
134,Austin Ekeler,WAS,RB,136.4,177.0,113.8,107.0,43.0,Model Buy,False,
135,C.J. Stroud,HOU,QB,140.0,32.0,230.4,127.0,-103.0,Strong Model Fade,False,
136,Tank Bigsby,JAC,RB,140.2,140.0,136.1,124.0,4.0,Fair Value,False,
137,Jaydon Blue,DAL,RB,140.8,,,173.0,,Unknown,True,Rookie prospect
138,Kyle Pitts Sr.,ATL,TE,142.0,149.0,129.6,93.0,11.0,Fair Value,False,
139,Buffalo Bills,DST,DST,143.4,,,,,Unknown,True,Rookie prospect
140,Jayden Higgins,HOU,WR,146.0,102.0,166.8,42.0,-38.0,Model Fade,True,Rookie prospect
141,Tre' Harris,LAC,WR,146.0,,,95.0,,Unknown,True,Rookie prospect
142,J.J. McCarthy,MIN,QB,147.6,,,130.0,,Unknown,True,Rookie prospect
143,Drake Maye,NE,QB,148.2,91.0,181.9,142.0,-52.0,Strong Model Fade,True,Rookie prospect
144,Houston Texans,DST,DST,148.4,,,,,Unknown,True,Rookie prospect
145,Chase McLaughlin,TB,K,148.8,,,363.0,,Unknown,True,Rookie prospect
146,Isaac Guerendo,SF,RB,149.2,133.0,139.6,162.0,-13.0,Fair Value,False,
147,Minnesota Vikings,DST,DST,149.8,,,,,Unknown,True,Rookie prospect
148,Nick Chubb,HOU,RB,151.0,253.0,70.5,155.0,105.0,Strong Model Buy,False,
149,Rashid Shaheed,NO,WR,152.2,269.0,64.2,106.0,120.0,Strong Model Buy,False,
150,Bhayshul Tuten,JAC,RB,154.8,,,172.0,,Unknown,True,Rookie prospect
151,Zach Ertz,WAS,TE,155.4,109.0,158.7,569.0,-42.0,Model Fade,False,
152,Marvin Mims Jr.,DEN,WR,156.0,86.0,185.3,419.0,-66.0,Strong Model Fade,True,Rookie prospect
153,Chris Boswell,PIT,K,158.6,,,,,Unknown,True,Rookie prospect
154,Ka'imi Fairbairn,HOU,K,161.2,,,,,Unknown,True,Rookie prospect
155,Trey Benson,ARI,RB,162.8,158.0,125.4,145.0,3.0,Fair Value,False,
156,Luther Burden III,CHI,WR,163.2,,,188.0,,Unknown,True,Rookie prospect
157,Tyler Allgeier,ATL,RB,164.0,82.0,188.5,152.0,-75.0,Strong Model Fade,False,
158,Jerome Ford,CLE,RB,164.2,134.0,139.6,148.0,-24.0,Model Fade,False,
159,Jack Bech,LV,WR,165.0,536.0,0.3,189.0,377.0,Strong Model Buy,True,Rookie prospect
160,Marquise Brown,KC,WR,165.6,376.0,22.2,541.0,216.0,Strong Model Buy,False,
161,Jake Elliott,PHI,K,166.8,,,,,Unknown,True,Rookie prospect
162,Isaiah Likely,BAL,TE,168.0,164.0,120.2,118.0,2.0,Fair Value,False,
163,Trevor Lawrence,JAC,QB,168.8,155.0,126.2,138.0,-8.0,Fair Value,False,
164,Harrison Butker,KC,K,169.4,,,,,Unknown,True,Rookie prospect
165,Christian Kirk,HOU,WR,169.6,186.0,110.9,165.0,21.0,Model Buy,False,
166,Hunter Henry,NE,TE,170.2,98.0,167.7,3.0,-68.0,Strong Model Fade,False,
167,San Francisco 49ers,DST,DST,171.8,,,,,Unknown,True,Rookie prospect
168,Tua Tagovailoa,MIA,QB,172.0,94.0,176.2,154.0,-74.0,Strong Model Fade,False,
169,Ray Davis,BUF,RB,174.8,206.0,97.5,151.0,37.0,Model Buy,False,
170,Detroit Lions,DST,DST,175.8,,,,,Unknown,True,Rookie prospect
171,Rashod Bateman,BAL,WR,176.0,129.0,142.6,140.0,-42.0,Model Fade,False,
172,Cameron Ward,TEN,QB,176.6,,,197.0,,Unknown,True,Rookie prospect
173,Tyler Bass,BUF,K,178.6,,,,,Unknown,True,Rookie prospect
174,Dylan Sampson,CLE,RB,178.8,621.0,-2.0,163.0,447.0,Strong Model Buy,True,Rookie prospect
175,Xavier Legette,CAR,WR,181.2,123.0,147.6,179.0,-52.0,Strong Model Fade,False,
176,Michael Penix Jr.,ATL,QB,181.8,236.0,84.5,167.0,60.0,Strong Model Buy,False,
177,Kansas City Chiefs,DST,DST,182.2,,,,,Unknown,True,Rookie prospect
178,Adam Thielen,CAR,WR,182.4,68.0,199.1,166.0,-110.0,Strong Model Fade,False,
179,Matthew Stafford,LAR,QB,183.4,37.0,226.0,148.0,-142.0,Strong Model Fade,False,
180,Braelon Allen,NYJ,RB,186.4,156.0,125.7,15.0,-24.0,Model Fade,False,
181,Kyle Williams,NE,WR,187.0,,,109.0,,Unknown,True,Rookie prospect
182,Jaylen Wright,MIA,RB,190.0,138.0,137.7,177.0,-44.0,Model Fade,False,
183,Jason Sanders,MIA,K,190.8,,,538.0,,Unknown,True,Rookie prospect
184,Wil Lutz,DEN,K,192.8,,,,,Unknown,True,Rookie prospect
185,Dallas Cowboys,DST,DST,196.6,,,,,Unknown,True,Rookie prospect
186,Kareem Hunt,KC,RB,196.6,132.0,140.5,581.0,-54.0,Strong Model Fade,False,
187,Younghoe Koo,ATL,K,197.2,,,,,Unknown,True,Rookie prospect
188,Washington Commanders,DST,DST,197.6,,,,,Unknown,True,Rookie prospect
189,Brenton Strange,JAC,TE,198.8,224.0,89.7,125.0,35.0,Model Buy,False,
190,Jalen McMillan,TB,WR,200.0,157.0,125.5,98.0,-33.0,Model Fade,False,
191,Quentin Johnston,LAC,WR,200.4,120.0,151.1,137.0,-71.0,Strong Model Fade,False,
192,Darren Waller,MIA,TE,202.6,,,101.0,,Unknown,True,Rookie prospect
193,Pat Freiermuth,PIT,TE,202.6,110.0,158.7,136.0,-83.0,Strong Model Fade,False,
194,Green Bay Packers,DST,DST,202.8,,,,,Unknown,True,Rookie prospect
195,Evan McPherson,CIN,K,203.4,,,,,Unknown,True,Rookie prospect
196,Cedric Tillman,CLE,WR,206.6,244.0,77.8,169.0,48.0,Model Buy,False,
197,New York Jets,DST,DST,207.6,,,,,Unknown,True,Rookie prospect
198,Anthony Richardson Sr.,IND,QB,209.6,112.0,157.5,357.0,-86.0,Strong Model Fade,False,
199,Geno Smith,LV,QB,212.8,21.0,242.9,156.0,-178.0,Strong Model Fade,False,
200,Roschon Johnson,CHI,RB,213.4,218.0,90.4,565.0,18.0,Fair Value,False,
201,Romeo Doubs,GB,WR,214.2,152.0,127.6,180.0,-49.0,Model Fade,False,
202,Wan'Dale Robinson,NYG,WR,214.4,60.0,205.5,2.0,-142.0,Strong Model Fade,False,
203,Los Angeles Chargers,DST,DST,217.8,,,,,Unknown,True,Rookie prospect
204,Justice Hill,BAL,RB,218.2,185.0,111.0,204.0,-19.0,Fair Value,False,
205,Seattle Seahawks,DST,DST,170.8,,,,,Unknown,True,Rookie prospect
206,Rico Dowdle,CAR,RB,177.8,38.0,225.5,171.0,-168.0,Strong Model Fade,False,
207,DeAndre Hopkins,BAL,WR,187.3,136.0,138.6,218.0,-71.0,Strong Model Fade,False,
208,Chicago Bears,DST,DST,187.8,,,,,Unknown,True,Rookie prospect
209,Bryce Young,CAR,QB,189.3,106.0,160.0,168.0,-103.0,Strong Model Fade,False,
210,Matt Gay,WAS,K,191.3,,,,,Unknown,True,Rookie prospect
211,Tampa Bay Buccaneers,DST,DST,193.0,,,,,Unknown,True,Rookie prospect
212,Mike Gesicki,CIN,TE,202.5,108.0,158.9,117.0,-104.0,Strong Model Fade,False,
213,Tyler Loop,BAL,K,203.0,,,,,Unknown,True,Rookie prospect
214,Cade Otton,TB,TE,204.3,118.0,153.1,115.0,-96.0,Strong Model Fade,False,
215,Aaron Rodgers,PIT,QB,204.3,28.0,234.7,202.0,-187.0,Strong Model Fade,False,
216,Arizona Cardinals,DST,DST,204.5,,,,,Unknown,True,Rookie prospect
217,New England Patriots,DST,DST,204.8,,,,,Unknown,True,Rookie prospect
218,Sam Darnold,SEA,QB,207.3,5.0,303.0,193.0,-213.0,Strong Model Fade,True,Rookie prospect
219,Zack Moss,,RB,209.5,238.0,82.9,244.0,19.0,Fair Value,False,
220,New York Giants,DST,DST,210.0,,,,,Unknown,True,Rookie prospect
221,DeMario Douglas,NE,WR,210.3,121.0,150.4,186.0,-100.0,Strong Model Fade,False,
222,Brandon McManus,GB,K,211.3,,,,,Unknown,True,Rookie prospect
223,Chig Okonkwo,TEN,TE,211.5,141.0,135.9,135.0,-82.0,Strong Model Fade,True,Rookie prospect
224,Los Angeles Rams,DST,DST,215.8,,,,,Unknown,True,Rookie prospect
225,Joshua Palmer,BUF,WR,222.0,554.0,0.0,181.0,329.0,Strong Model Buy,True,Rookie prospect
226,Raheem Mostert,LV,RB,222.3,245.0,77.1,212.0,19.0,Fair Value,False,
227,MarShawn Lloyd,GB,RB,222.5,463.0,6.5,182.0,236.0,Strong Model Buy,False,
228,Elijah Arroyo,SEA,TE,222.8,316.0,40.9,159.0,88.0,Strong Model Buy,True,Rookie prospect
229,Blake Corum,LAR,RB,222.8,192.0,107.9,234.0,-37.0,Model Fade,False,
230,Daniel Carlson,LV,K,225.3,,,,,Unknown,True,Rookie prospect
231,Mason Taylor,NYJ,TE,226.0,,,564.0,,Unknown,True,Rookie prospect
232,Will Shipley,PHI,RB,229.5,39.0,225.4,279.0,-193.0,Strong Model Fade,False,
233,Dalton Schultz,HOU,TE,230.5,139.0,137.2,133.0,-94.0,Strong Model Fade,False,
234,DJ Giddens,IND,RB,232.5,,,358.0,,Unknown,True,Rookie prospect
235,Will Reichard,MIN,K,234.0,,,,,Unknown,True,Rookie prospect
236,Jake Moody,SF,K,237.8,,,,,Unknown,True,Rookie prospect
237,Elijah Mitchell,KC,RB,240.8,,,239.0,,Unknown,True,Rookie prospect
238,Taysom Hill,NO,TE,246.8,279.0,58.2,204.0,41.0,Model Buy,False,
239,Woody Marks,HOU,RB,252.8,,,305.0,,Unknown,True,Rookie prospect
240,Isaac TeSlaa,DET,WR,256.5,,,408.0,,Unknown,True,Rookie prospect
241,Jacory Croskey-Merritt,WAS,RB,265.0,,,359.0,,Unknown,True,Rookie prospect
242,Jarquez Hunter,LAR,RB,272.5,,,256.0,,Unknown,True,Rookie prospect
243,Pat Bryant,DEN,WR,269.0,214.0,92.4,278.0,-29.0,Model Fade,True,Rookie prospect
244,Cincinnati Bengals,DST,DST,194.3,,,,,Unknown,True,Rookie prospect
245,Cleveland Browns,DST,DST,201.7,,,,,Unknown,True,Rookie prospect
246,Shedeur Sanders,CLE,QB,218.7,,,538.0,,Unknown,True,Rookie prospect
247,Indianapolis Colts,DST,DST,222.0,,,,,Unknown,True,Rookie prospect
248,Miles Sanders,DAL,RB,223.0,255.0,68.8,538.0,7.0,Fair Value,False,
249,Alec Pierce,IND,WR,224.0,143.0,134.6,344.0,-106.0,Strong Model Fade,False,
250,Tyler Lockett,TEN,WR,228.0,171.0,117.8,211.0,-79.0,Strong Model Fade,False,
251,Dont'e Thornton Jr.,LV,WR,230.3,,,297.0,,Unknown,True,Rookie prospect
252,Joshua Karty,LAR,K,231.7,,,,,Unknown,True,Rookie prospect
253,Jalen Royals,KC,WR,298.5,157.0,125.5,367.0,-96.0,Strong Model Fade,True,Rookie prospect
254,Tahj Brooks,CIN,RB,301.3,,,255.0,,Unknown,True,Rookie prospect
255,Calvin Austin III,PIT,WR,237.3,72.0,196.3,200.0,-183.0,Strong Model Fade,True,Rookie prospect
256,Jaxson Dart,NYG,QB,238.3,,,535.0,,Unknown,True,Rookie prospect
257,Russell Wilson,NYG,QB,241.3,103.0,166.5,421.0,-154.0,Strong Model Fade,True,Rookie prospect
258,Cole Kmet,CHI,TE,241.7,174.0,115.3,192.0,-84.0,Strong Model Fade,False,
259,Las Vegas Raiders,DST,DST,243.0,,,,,Unknown,True,Rookie prospect
260,Miami Dolphins,DST,DST,244.3,,,,,Unknown,True,Rookie prospect
261,Kyle Monangai,CHI,RB,250.0,,,321.0,,Unknown,True,Rookie prospect
262,Jacksonville Jaguars,DST,DST,250.3,,,,,Unknown,True,Rookie prospect
263,Tennessee Titans,DST,DST,252.0,,,,,Unknown,True,Rookie prospect
264,New Orleans Saints,DST,DST,252.0,,,,,Unknown,True,Rookie prospect
265,Keenan Allen,,WR,255.3,90.0,182.1,15.0,-175.0,Strong Model Fade,False,
266,Trevor Etienne,CAR,RB,257.0,,,111.0,,Unknown,True,Rookie prospect
267,Andrei Iosivas,CIN,WR,258.3,201.0,99.1,250.0,-66.0,Strong Model Fade,False,
268,Noah Gray,KC,TE,259.7,163.0,121.4,437.0,-105.0,Strong Model Fade,False,
269,Brashard Smith,KC,RB,264.0,,,156.0,,Unknown,True,Rookie prospect
270,Jalen Milroe,SEA,QB,265.7,27.0,236.5,537.0,-243.0,Strong Model Fade,True,Rookie prospect
271,Justin Tucker,,K,266.0,,,282.0,,Unknown,True,Rookie prospect
272,Tyler Higbee,LAR,TE,267.0,161.0,124.5,143.0,-111.0,Strong Model Fade,False,
273,Ollie Gordon II,MIA,RB,273.3,474.0,5.4,373.0,201.0,Strong Model Buy,True,Rookie prospect
274,Jaylin Noel,HOU,WR,275.0,,,298.0,,Unknown,True,Rookie prospect
275,Ja'Tavion Sanders,CAR,TE,275.0,240.0,81.9,538.0,-35.0,Model Fade,False,
276,Terrance Ferguson,LAR,TE,277.0,,,104.0,,Unknown,True,Rookie prospect
277,Dontayvion Wicks,GB,WR,278.3,205.0,97.6,271.0,-72.0,Strong Model Fade,False,
278,Dyami Brown,JAC,WR,280.3,213.0,92.7,541.0,-65.0,Strong Model Fade,False,
279,Kendre Miller,NO,RB,285.0,246.0,76.8,568.0,-33.0,Model Fade,False,
280,Cairo Santos,CHI,K,199.5,,,,,Unknown,True,Rookie prospect
281,Jason Myers,SEA,K,207.5,,,,,Unknown,True,Rookie prospect
282,Joe Flacco,CLE,QB,307.0,3.0,334.8,531.0,-279.0,Strong Model Fade,False,
283,Devin Neal,NO,RB,322.0,204.0,97.6,322.0,-79.0,Strong Model Fade,True,Rookie prospect
284,Atlanta Falcons,DST,DST,222.5,,,,,Unknown,True,Rookie prospect
285,Jaleel McLaughlin,DEN,RB,233.5,114.0,156.9,363.0,-171.0,Strong Model Fade,False,
286,Roman Wilson,PIT,WR,322.7,556.0,0.0,421.0,270.0,Strong Model Buy,False,
287,Cam Little,JAC,K,241.5,,,,,Unknown,True,Rookie prospect
288,Kayshon Boutte,NE,WR,328.0,151.0,127.8,268.0,-137.0,Strong Model Fade,False,
289,Troy Franklin,DEN,WR,328.3,281.0,57.6,311.0,-8.0,Fair Value,False,
290,Carolina Panthers,DST,DST,245.0,,,,,Unknown,True,Rookie prospect
291,Blake Grupe,NO,K,245.0,,,,,Unknown,True,Rookie prospect
292,Samaje Perine,CIN,RB,246.0,241.0,81.1,243.0,-51.0,Strong Model Fade,False,
293,Tank Dell,HOU,WR,248.5,130.0,142.3,426.0,-163.0,Strong Model Fade,False,
294,Dawson Knox,BUF,TE,249.5,257.0,67.8,209.0,-37.0,Model Fade,False,
295,KaVontae Turpin,DAL,WR,251.0,219.0,90.2,293.0,-76.0,Strong Model Fade,True,Rookie prospect
296,Andy Borregales,NE,K,256.0,,,,,Unknown,True,Rookie prospect
297,Graham Gano,NYG,K,258.0,,,,,Unknown,True,Rookie prospect
298,A.J. Dillon,PHI,RB,260.5,,,343.0,,Unknown,True,Rookie prospect
299,Dustin Hopkins,CLE,K,266.0,,,218.0,,Unknown,True,Rookie prospect
300,Xavier Restrepo,TEN,WR,343.7,123.0,147.6,427.0,-177.0,Strong Model Fade,True,Rookie prospect
301,Jimmy Horn Jr.,CAR,WR,267.5,,,297.0,,Unknown,True,Rookie prospect
302,Juwan Johnson,NO,TE,268.0,146.0,132.7,565.0,-156.0,Strong Model Fade,False,
303,Kirk Cousins,ATL,QB,268.0,89.0,182.5,579.0,-214.0,Strong Model Fade,False,
304,Sean Tucker,TB,RB,270.5,243.0,79.5,282.0,-61.0,Strong Model Fade,False,
305,Antonio Gibson,NE,RB,271.0,189.0,109.3,294.0,-116.0,Strong Model Fade,False,
306,Elic Ayomanor,TEN,WR,272.0,,,314.0,,Unknown,True,Rookie prospect
307,Diontae Johnson,CLE,WR,272.0,226.0,88.4,565.0,-81.0,Strong Model Fade,False,
308,Jahan Dotson,PHI,WR,274.0,290.0,53.9,451.0,-18.0,Fair Value,False,
309,Joey Slye,TEN,K,277.0,,,,,Unknown,True,Rookie prospect
310,AJ Barner,SEA,TE,277.5,262.0,65.5,184.0,-48.0,Model Fade,False,
311,JuJu Smith-Schuster,KC,WR,280.5,298.0,48.7,404.0,-13.0,Fair Value,False,
312,Tyler Shough,NO,QB,284.0,148.0,130.2,501.0,-164.0,Strong Model Fade,True,Rookie prospect
313,Chad Ryland,ARI,K,284.5,,,,,Unknown,True,Rookie prospect
314,Darius Slayton,NYG,WR,285.0,178.0,113.4,207.0,-136.0,Strong Model Fade,False,
315,Tim Patrick,DET,WR,285.5,214.0,92.4,362.0,-101.0,Strong Model Fade,False,
316,Michael Wilson,ARI,WR,286.0,92.0,179.6,421.0,-224.0,Strong Model Fade,False,
317,Tyler Conklin,LAC,TE,286.0,161.0,124.5,170.0,-156.0,Strong Model Fade,False,
318,Tory Horton,SEA,WR,357.0,,,336.0,,Unknown,True,Rookie prospect
319,Luke McCaffrey,WAS,WR,288.0,317.0,40.8,7.0,-2.0,Fair Value,False,
320,Ray-Ray McCloud III,ATL,WR,289.0,119.0,152.4,240.0,-201.0,Strong Model Fade,False,
321,Luke Musgrave,GB,TE,290.0,271.0,63.4,224.0,-50.0,Strong Model Fade,False,
322,Theo Johnson,NYG,TE,292.0,242.0,80.8,565.0,-80.0,Strong Model Fade,False,
323,Parker Romo,NE,K,293.0,,,,,Unknown,True,Rookie prospect
324,Marquez Valdes-Scantling,SEA,WR,294.0,258.0,67.0,235.0,-66.0,Strong Model Fade,False,
325,Tutu Atwell,LAR,WR,295.5,173.0,116.9,227.0,-152.0,Strong Model Fade,False,
326,Daniel Jones,IND,QB,296.0,4.0,305.7,532.0,-322.0,Strong Model Fade,False,
327,Jalen Coker,CAR,WR,296.5,157.0,125.5,246.0,-170.0,Strong Model Fade,False,
328,Hunter Renfrow,CAR,WR,296.5,,,486.0,,Unknown,True,Rookie prospect
329,Michael Mayer,LV,TE,296.5,297.0,50.0,199.0,-32.0,Model Fade,False,
330,Jordan James,SF,RB,297.0,137.0,138.4,352.0,-193.0,Strong Model Fade,True,Rookie prospect
331,Harold Fannin Jr.,CLE,TE,371.0,,,210.0,,Unknown,True,Rookie prospect
332,Christian Watson,GB,WR,298.0,186.0,110.9,576.0,-146.0,Strong Model Fade,False,
333,Will Dissly,LAC,TE,298.0,159.0,125.0,176.0,-174.0,Strong Model Fade,False,
334,Grant Calcaterra,PHI,TE,298.5,266.0,65.1,254.0,-68.0,Strong Model Fade,False,
335,Will Howard,PIT,QB,299.5,22.0,240.2,571.0,-313.0,Strong Model Fade,True,Rookie prospect
336,Joe Milton III,DAL,QB,304.5,3.0,334.8,547.0,-333.0,Strong Model Fade,False,
337,Austin Hooper,NE,TE,308.5,183.0,111.3,206.0,-154.0,Strong Model Fade,False,
338,Ryan Fitzgerald,CAR,K,311.5,,,,,Unknown,True,Rookie prospect
339,Elijah Moore,BUF,WR,311.5,124.0,147.5,63.0,-215.0,Strong Model Fade,False,
340,Keaton Mitchell,BAL,RB,314.0,357.0,26.6,239.0,17.0,Fair Value,False,
341,Jameis Winston,NYG,QB,315.0,170.0,118.2,539.0,-171.0,Strong Model Fade,False,
342,Brock Wright,DET,TE,315.0,58.0,207.7,177.0,-284.0,Strong Model Fade,False,
343,Adonai Mitchell,IND,WR,323.0,264.0,65.4,239.0,-79.0,Strong Model Fade,False,
344,Harrison Mevis,NYJ,K,324.0,,,,,Unknown,True,Rookie prospect
345,Joshua Dobbs,NE,QB,324.5,301.0,48.3,557.0,-44.0,Model Fade,False,
346,Jake Bobo,SEA,WR,325.5,350.0,28.6,413.0,4.0,Fair Value,False,
347,Darnell Washington,PIT,TE,326.0,302.0,48.2,466.0,-45.0,Model Fade,False,
348,Audric Estime,DEN,RB,330.5,150.0,129.1,308.0,-198.0,Strong Model Fade,False,
349,Deshaun Watson,CLE,QB,331.0,84.0,188.0,576.0,-265.0,Strong Model Fade,False,
350,Tanner McKee,PHI,QB,334.5,282.0,56.9,560.0,-68.0,Strong Model Fade,False,
351,Kalif Raymond,DET,WR,334.5,308.0,44.5,400.0,-43.0,Model Fade,False,
352,Spencer Shrader,IND,K,337.0,,,,,Unknown,True,Rookie prospect
353,Jalen Nailor,MIN,WR,337.0,157.0,125.5,307.0,-196.0,Strong Model Fade,False,
354,Jermaine Burton,CIN,WR,394.7,403.0,16.2,390.0,49.0,Model Buy,False,
355,Noah Fant,CIN,TE,338.0,163.0,121.4,174.0,-192.0,Strong Model Fade,False,
356,Jordan Whittington,LAR,WR,339.0,88.0,182.6,276.0,-268.0,Strong Model Fade,False,
357,Josh Oliver,MIN,TE,340.5,260.0,66.0,225.0,-97.0,Strong Model Fade,False,
358,Carson Steele,KC,RB,341.5,212.0,92.7,387.0,-146.0,Strong Model Fade,False,
359,Greg Joseph,,K,342.0,,,,,Unknown,True,Rookie prospect
360,Craig Reynolds,DET,RB,342.5,363.0,25.1,407.0,3.0,Fair Value,False,
361,Malik Willis,GB,QB,346.5,247.0,76.2,540.0,-114.0,Strong Model Fade,False,
362,Drew Lock,SEA,QB,346.5,113.0,157.3,563.0,-249.0,Strong Model Fade,False,
363,Robert Woods,PIT,WR,349.5,300.0,48.5,391.0,-63.0,Strong Model Fade,False,
364,Zamir White,LV,RB,351.0,265.0,65.4,131.0,-99.0,Strong Model Fade,False,
365,Jalin Hyatt,NYG,WR,352.0,413.0,14.7,445.0,48.0,Model Buy,False,
366,Amari Cooper,,WR,352.5,154.0,126.5,,-212.0,Strong Model Fade,False,
367,Deuce Vaughn,DAL,RB,354.0,329.0,36.0,434.0,-38.0,Model Fade,False,
368,Mitchell Trubisky,BUF,QB,356.0,339.0,33.5,552.0,-29.0,Model Fade,False,
369,Sterling Shepard,TB,WR,356.0,225.0,89.1,443.0,-144.0,Strong Model Fade,False,
370,Oronde Gadsden II,LAC,TE,412.0,,,223.0,,Unknown,True,Rookie prospect
371,Mack Hollins,NE,WR,357.5,216.0,91.5,398.0,-155.0,Strong Model Fade,False,
372,Luke Schoonmaker,DAL,TE,358.0,271.0,63.4,245.0,-101.0,Strong Model Fade,False,
373,Ty Chandler,MIN,RB,358.0,76.0,193.3,379.0,-297.0,Strong Model Fade,False,
374,Mac Jones,SF,QB,359.5,59.0,205.7,532.0,-315.0,Strong Model Fade,False,
375,Kendrick Bourne,NE,WR,360.5,256.0,68.4,403.0,-119.0,Strong Model Fade,False,
376,Elijah Higgins,ARI,TE,361.5,316.0,40.9,42.0,-60.0,Strong Model Fade,False,
377,Quinn Ewers,MIA,QB,362.0,,,566.0,,Unknown,True,Rookie prospect
378,J.J. Taylor,HOU,RB,362.0,428.0,12.7,564.0,50.0,Model Buy,False,
379,Nick Folk,NYJ,K,364.5,,,,,Unknown,True,Rookie prospect
380,Hendon Hooker,DET,QB,365.5,500.0,2.8,551.0,120.0,Strong Model Buy,False,
381,Matthew Wright,CAR,K,365.5,,,177.0,,Unknown,True,Rookie prospect
382,Andy Dalton,CAR,QB,365.5,135.0,139.0,567.0,-247.0,Strong Model Fade,False,
383,Mecole Hardman Jr.,GB,WR,367.0,352.0,28.2,494.0,-31.0,Model Fade,False,
384,Kyle Juszczyk,SF,RB,238.0,,,369.0,,Unknown,True,Rookie prospect
385,Odell Beckham Jr.,,WR,368.5,386.0,19.7,,1.0,Fair Value,True,Rookie prospect
386,Ben Sinnott,WAS,TE,368.5,437.0,10.9,217.0,51.0,Strong Model Buy,False,
387,Devaughn Vele,DEN,WR,369.0,187.0,110.5,332.0,-200.0,Strong Model Fade,False,
388,Cooper Rush,BAL,QB,370.5,179.0,112.7,559.0,-209.0,Strong Model Fade,False,
389,Ainias Smith,PHI,WR,371.5,421.0,13.5,156.0,32.0,Model Buy,False,
390,Olamide Zaccheaus,CHI,WR,373.5,167.0,118.6,459.0,-223.0,Strong Model Fade,False,
391,Jimmy Garoppolo,LAR,QB,373.5,306.0,44.9,544.0,-85.0,Strong Model Fade,False,
392,Trey Lance,LAC,QB,375.5,351.0,28.4,555.0,-41.0,Model Fade,False,
393,Aidan O'Connell,LV,QB,376.0,79.0,191.5,546.0,-314.0,Strong Model Fade,False,
394,Devin Singletary,NYG,RB,258.0,204.0,97.6,318.0,-190.0,Strong Model Fade,False,
395,Jordan Travis,,QB,258.0,45.0,219.9,,-350.0,Strong Model Fade,True,Rookie prospect
396,KeAndre Lambert-Smith,LAC,WR,486.0,,,467.0,,Unknown,True,Rookie prospect
397,Dameon Pierce,HOU,RB,379.5,229.0,87.3,344.0,-168.0,Strong Model Fade,False,
398,Adam Trautman,DEN,TE,381.5,335.0,35.0,237.0,-63.0,Strong Model Fade,False,
399,Jermar Jefferson,TEN,RB,420.5,424.0,13.1,18.0,25.0,Model Buy,False,
400,Tylan Wallace,BAL,WR,383.0,315.0,41.2,456.0,-85.0,Strong Model Fade,False,
401,Jarrett Stidham,DEN,QB,383.5,527.0,0.6,554.0,126.0,Strong Model Buy,False,
402,Jaylin Lane,WAS,WR,386.0,,,430.0,,Unknown,True,Rookie prospect
403,Jude McAtamney,NYG,K,394.0,,,,,Unknown,True,Rookie prospect
404,Tommy Tremble,CAR,TE,388.0,280.0,58.0,215.0,-124.0,Strong Model Fade,False,
405,Kenneth Gainwell,PIT,RB,281.0,105.0,161.0,339.0,-300.0,Strong Model Fade,False,
406,Jalen Tolbert,DAL,WR,282.0,157.0,125.5,232.0,-249.0,Strong Model Fade,False,
407,Tre Tucker,LV,WR,284.0,180.0,112.4,282.0,-227.0,Strong Model Fade,False,
408,Equanimeous St. Brown,,WR,413.5,559.0,0.0,541.0,151.0,Strong Model Buy,False,
409,Scott Matlock,LAC,DT,290.0,,,454.0,,Unknown,True,Rookie prospect
410,Nathan Rourke,,QB,294.0,,,,,Unknown,True,Rookie prospect
411,Daniel Bellinger,NYG,TE,397.0,340.0,33.5,249.0,-71.0,Strong Model Fade,False,
412,C.J. Ham,MIN,RB,398.0,,,554.0,,Unknown,False,
413,Patrick Ricard,BAL,RB,399.0,293.0,52.0,431.0,-120.0,Strong Model Fade,True,Rookie prospect
414,Tez Johnson,TB,WR,399.5,491.0,3.3,565.0,77.0,Strong Model Buy,True,Rookie prospect
415,Tai Felton,MIN,WR,399.5,423.0,13.2,368.0,8.0,Fair Value,True,Rookie prospect
416,Tyson Bagent,CHI,QB,459.5,545.0,0.2,553.0,129.0,Strong Model Buy,False,
417,Julian Hill,MIA,TE,400.5,367.0,24.5,204.0,-50.0,Strong Model Fade,False,
418,Savion Williams,GB,WR,492.5,,,109.0,,Unknown,True,Rookie prospect
419,Brandin Cooks,NO,WR,303.0,285.0,55.9,228.0,-134.0,Strong Model Fade,False,
420,Mason Rudolph,PIT,QB,401.0,85.0,185.9,550.0,-335.0,Strong Model Fade,False,
421,Nick Westbrook-Ikhine,MIA,WR,306.0,196.0,104.2,214.0,-225.0,Strong Model Fade,False,
422,Ben DiNucci,,QB,306.0,,,,,Unknown,True,Rookie prospect
423,John Samuel Shenker,,TE,308.0,146.0,132.7,,-277.0,Strong Model Fade,False,
424,Marcus Mariota,WAS,QB,405.5,273.0,62.2,542.0,-151.0,Strong Model Fade,False,
425,Tommy DeVito,NYG,QB,408.0,360.0,25.7,,-65.0,Strong Model Fade,False,
426,Ezekiel Elliott,,RB,315.0,283.0,56.8,,-143.0,Strong Model Fade,False,
427,Allen Lazard,NYJ,WR,315.0,90.0,182.1,262.0,-337.0,Strong Model Fade,False,
428,Matt Barkley,,QB,316.0,37.0,226.0,1.0,-391.0,Strong Model Fade,True,Rookie prospect
429,Damien Martinez,SEA,RB,410.5,,,381.0,,Unknown,True,Rookie prospect
430,Kimani Vidal,LAC,RB,411.5,223.0,89.7,389.0,-207.0,Strong Model Fade,False,
431,Alexander Mattison,MIA,RB,326.0,125.0,147.1,372.0,-306.0,Strong Model Fade,False,
432,Mitchell Evans,CAR,TE,497.0,591.0,0.0,444.0,159.0,Strong Model Buy,True,Rookie prospect
433,Mason Crosby,,K,327.0,,,,,Unknown,True,Rookie prospect
434,Sione Vaki,DET,RB,413.0,364.0,24.8,464.0,-70.0,Strong Model Fade,False,
435,Zach Wilson,MIA,QB,543.0,,,421.0,,Unknown,True,Rookie prospect
436,Ty Johnson,BUF,RB,332.0,76.0,193.3,565.0,-360.0,Strong Model Fade,False,
437,Julio Jones,,WR,333.0,,,532.0,,Unknown,True,Rookie prospect
438,Connor Heyward,PIT,TE,416.0,427.0,12.7,220.0,-11.0,Fair Value,False,
439,Emanuel Wilson,GB,RB,335.0,215.0,92.3,421.0,-224.0,Strong Model Fade,False,
440,Johnny Wilson,PHI,WR,490.5,418.0,13.8,421.0,-22.0,Model Fade,False,
441,Drew Sample,CIN,TE,343.0,111.0,157.9,270.0,-330.0,Strong Model Fade,False,
442,Max Duggan,,QB,343.0,,,,,Unknown,True,Rookie prospect
443,Demarcus Robinson,SF,WR,422.5,198.0,103.3,2.0,-245.0,Strong Model Fade,False,
444,Zane Gonzalez,,K,424.0,,,,,Unknown,True,Rookie prospect
445,Terrace Marshall Jr.,PHI,WR,461.0,445.0,9.0,,0.0,Fair Value,True,Rookie prospect
446,Brandon Allen,TEN,QB,424.5,368.0,24.3,15.0,-78.0,Strong Model Fade,False,
447,Noah Brown,WAS,WR,351.0,203.0,97.7,541.0,-244.0,Strong Model Fade,False,
448,David Moore,CAR,WR,426.5,237.0,84.3,63.0,-211.0,Strong Model Fade,False,
449,Gavin Bartholomew,MIN,TE,438.0,,,272.0,,Unknown,True,Rookie prospect
450,DeWayne McBride,,RB,355.0,,,34.0,,Unknown,True,Rookie prospect
451,Spencer Rattler,NO,QB,357.0,99.0,167.6,534.0,-352.0,Strong Model Fade,False,
452,Dalvin Cook,,RB,358.0,482.0,4.0,13.0,30.0,Model Buy,False,
453,Devontez Walker,BAL,WR,496.0,491.0,3.3,22.0,38.0,Model Buy,False,
454,LaJohntay Wester,BAL,WR,513.5,,,527.0,,Unknown,True,Rookie prospect
455,Carson Wentz,,QB,447.5,480.0,4.5,,25.0,Model Buy,False,
456,Arian Smith,NYJ,WR,536.5,,,156.0,,Unknown,True,Rookie prospect
457,Curtis Samuel,BUF,WR,366.0,239.0,82.9,81.0,-218.0,Strong Model Fade,False,
458,Cade York,,K,432.5,,,,,Unknown,True,Rookie prospect
459,Stetson Bennett IV,LAR,QB,490.0,,,577.0,,Unknown,True,Rookie prospect
460,Greg Dortch,ARI,WR,369.0,227.0,88.0,319.0,-233.0,Strong Model Fade,False,
461,Derius Davis,LAC,WR,434.0,353.0,27.9,151.0,-108.0,Strong Model Fade,False,
462,Lil'Jordan Humphrey,NYG,WR,459.5,234.0,85.5,433.0,-228.0,Strong Model Fade,False,
463,Eddy Pineiro,,K,455.0,,,,,Unknown,True,Rookie prospect
464,Rondale Moore,MIN,WR,564.0,,,63.0,,Unknown,True,Rookie prospect
465,Darrynton Evans,BUF,RB,372.0,537.0,0.3,444.0,72.0,Strong Model Buy,False,
466,Travis Homer,CHI,RB,435.5,117.0,153.1,410.0,-349.0,Strong Model Fade,False,
467,Clyde Edwards-Helaire,NO,RB,373.0,382.0,20.2,380.0,-85.0,Strong Model Fade,False,
468,Avery Williams,PHI,RB,473.0,584.0,0.0,109.0,116.0,Strong Model Buy,False,
469,Anthony Brown Jr.,,QB,375.0,112.0,157.5,541.0,-357.0,Strong Model Fade,True,Rookie prospect
470,Hassan Haskins,LAC,RB,376.0,336.0,34.4,393.0,-134.0,Strong Model Fade,False,
471,Miles Boykin,CHI,WR,437.5,,,,,Unknown,True,Rookie prospect
472,Raheem Blackshear,CAR,RB,438.0,245.0,77.1,418.0,-227.0,Strong Model Fade,False,
473,Sincere McCormick,LV,RB,378.0,235.0,85.0,397.0,-238.0,Strong Model Fade,False,
474,Julius Chestnut,TEN,RB,440.0,320.0,39.5,424.0,-154.0,Strong Model Fade,False,
475,Kadarius Toney,,WR,569.0,620.0,-1.4,,145.0,Strong Model Buy,False,
476,Donovan Peoples-Jones,NO,WR,473.5,,,,,Unknown,True,Rookie prospect
477,DJ Chark Jr.,ATL,WR,560.5,314.0,41.3,428.0,-163.0,Strong Model Fade,False,
478,Tyler Scott,CHI,WR,389.0,171.0,117.8,94.0,-307.0,Strong Model Fade,False,
479,Charlie Kolar,BAL,TE,444.0,365.0,24.6,274.0,-114.0,Strong Model Fade,False,
480,Teddy Bridgewater,TB,QB,390.0,,,,,Unknown,True,Rookie prospect
481,Jeremy McNichols,WAS,RB,392.0,305.0,46.2,383.0,-176.0,Strong Model Fade,False,
482,Jalen Reagor,LAC,WR,479.5,157.0,125.5,,-325.0,Strong Model Fade,False,
483,Lucas Havrisik,,K,393.0,,,,,Unknown,True,Rookie prospect
484,Malachi Corley,NYJ,WR,597.0,451.0,8.2,384.0,-33.0,Model Fade,False,
485,Mo Alie-Cox,IND,TE,396.0,209.0,94.5,229.0,-276.0,Strong Model Fade,False,
486,Tom Kennedy,DET,WR,476.5,573.0,0.0,,87.0,Strong Model Buy,False,
487,Justin Watson,HOU,WR,398.0,29.0,234.7,576.0,-458.0,Strong Model Fade,False,
488,Louis Rees-Zammit,,RB,519.0,,,,,Unknown,True,Rookie prospect
489,Jaren Hall,,QB,401.0,,,19.0,,Unknown,True,Rookie prospect
490,D.J. Montgomery,IND,WR,479.0,46.0,218.4,35.0,-444.0,Strong Model Fade,True,Rookie prospect
491,E.J. Jenkins,PHI,TE,406.0,466.0,6.4,,-25.0,Model Fade,False,
492,LeQuint Allen Jr.,JAC,RB,625.5,,,15.0,,Unknown,True,Rookie prospect
493,Chris Brooks,GB,RB,407.0,195.0,105.9,255.0,-298.0,Strong Model Fade,False,
494,Sam Howell,MIN,QB,453.0,5.0,303.0,562.0,-489.0,Strong Model Fade,False,
495,Jonathan Mingo,DAL,WR,506.5,313.0,41.5,491.0,-182.0,Strong Model Fade,False,
496,Dorian Thompson-Robinson,PHI,QB,508.0,325.0,38.0,,-171.0,Strong Model Fade,False,
497,Baylor Cupp,BAL,TE,409.0,598.0,0.0,,101.0,Strong Model Buy,False,
498,Jacob Cowing,SF,WR,409.0,429.0,12.6,524.0,-69.0,Strong Model Fade,False,
499,Frank Gore Jr.,BUF,RB,410.0,,,429.0,,Unknown,True,Rookie prospect
500,Lenny Krieg,ATL,K,411.0,,,,,Unknown,True,Rookie prospect
501,Ja'Corey Brooks,WAS,WR,412.0,,,255.0,,Unknown,True,Rookie prospect
502,Ryan Tannehill,,QB,413.0,,,,,Unknown,True,Rookie prospect
503,Charlie Jones,CIN,WR,510.5,535.0,0.4,532.0,32.0,Model Buy,False,
504,Ben Sauls,PIT,K,415.0,,,,,Unknown,True,Rookie prospect
505,Javon Baker,NE,WR,607.5,506.0,2.3,469.0,1.0,Fair Value,False,
506,Matt Ammendola,,K,417.0,,,,,Unknown,True,Rookie prospect
507,Mitch Van Vooren,CLE,WR,418.0,264.0,65.4,,-243.0,Strong Model Fade,True,Rookie prospect
508,Chris Rodriguez Jr.,WAS,RB,458.5,195.0,105.9,375.0,-313.0,Strong Model Fade,False,
509,Xavier Gipson,NYJ,WR,519.0,123.0,147.6,521.0,-386.0,Strong Model Fade,False,
510,Ben Skowronek,PIT,WR,459.5,415.0,14.0,480.0,-95.0,Strong Model Fade,False,
511,Israel Abanikanda,GB,RB,518.0,,,395.0,,Unknown,True,Rookie prospect
512,Kyle Trask,TB,QB,502.0,16.0,255.1,574.0,-496.0,Strong Model Fade,False,
513,Malik Heath,GB,WR,521.0,47.0,215.9,488.0,-466.0,Strong Model Fade,False,
514,Ian Thomas,LV,TE,424.0,367.0,24.5,30.0,-147.0,Strong Model Fade,False,
515,Devin Duvernay,CHI,WR,491.0,359.0,25.8,512.0,-156.0,Strong Model Fade,False,
516,John Ross,,WR,425.0,120.0,151.1,,-396.0,Strong Model Fade,False,
517,Cam Akers,NO,RB,462.0,228.0,87.9,376.0,-289.0,Strong Model Fade,False,
518,Van Jefferson,TEN,WR,427.0,68.0,199.1,18.0,-450.0,Strong Model Fade,False,
519,Jonathan Ward,NYG,RB,428.0,31.0,230.8,197.0,-488.0,Strong Model Fade,False,
520,Jamari Thrash,CLE,WR,611.0,468.0,6.3,507.0,-52.0,Strong Model Fade,False,
521,Chimere Dike,TEN,WR,635.0,,,364.0,,Unknown,True,Rookie prospect
522,Sean Clifford,GB,QB,431.0,,,,,Unknown,True,Rookie prospect
523,Cade Stover,HOU,TE,534.5,118.0,153.1,242.0,-405.0,Strong Model Fade,False,
524,Melvin Gordon,III,RB,433.0,,,373.0,,Unknown,True,Rookie prospect
525,Kenny Pickett,CLE,QB,433.0,312.0,42.0,533.0,-213.0,Strong Model Fade,False,
526,Tyrion Davis-Price,,RB,434.0,477.0,5.2,,-49.0,Model Fade,False,
527,Laviska Shenault Jr.,BUF,WR,588.5,443.0,9.7,523.0,-84.0,Strong Model Fade,True,Rookie prospect
528,Brayden Narveson,,K,435.0,,,,,Unknown,True,Rookie prospect
529,Anders Carlson,,K,436.0,,,,,Unknown,True,Rookie prospect
530,Skyy Moore,KC,WR,467.5,540.0,0.2,63.0,10.0,Fair Value,False,
531,Parker Washington,JAC,WR,437.0,222.0,89.8,466.0,-309.0,Strong Model Fade,False,
532,Desmond Ridder,CIN,QB,468.0,292.0,52.4,,-240.0,Strong Model Fade,False,
533,Ryan Flournoy,DAL,WR,536.0,356.0,26.9,522.0,-177.0,Strong Model Fade,False,
534,Phillip Dorsett II,LV,WR,438.0,,,,,Unknown,True,Rookie prospect
535,Davis Allen,LAR,TE,438.0,431.0,12.0,15.0,-104.0,Strong Model Fade,False,
536,Nathan Peterman,,QB,439.0,,,,,Unknown,True,Rookie prospect
537,Leonard Fournette,,RB,440.0,,,,,Unknown,True,Rookie prospect
538,Trey Palmer,TB,WR,470.5,333.0,35.3,181.0,-205.0,Strong Model Fade,False,
539,Sam Ehlinger,DEN,QB,596.0,5.0,303.0,,-534.0,Strong Model Fade,True,Rookie prospect
540,Hunter Luepke,DAL,RB,443.0,251.0,72.8,441.0,-289.0,Strong Model Fade,False,
541,Malik Knowles,,WR,444.0,47.0,215.9,,-494.0,Strong Model Fade,True,Rookie prospect
542,Scotty Miller,PIT,WR,499.0,,,568.0,,Unknown,True,Rookie prospect
543,Cole Fotheringham,NE,TE,445.0,174.0,115.3,,-369.0,Strong Model Fade,True,Rookie prospect
544,Malik Washington,MIA,WR,446.0,47.0,215.9,466.0,-497.0,Strong Model Fade,False,
545,Ja'Lynn Polk,NE,WR,478.5,348.0,29.0,406.0,-197.0,Strong Model Fade,False,
546,Case Keenum,CHI,QB,447.0,,,561.0,,Unknown,True,Rookie prospect
547,Charlie Smyth,NO,K,447.0,,,310.0,,Unknown,True,Rookie prospect
548,Rasheen Ali,BAL,RB,478.5,430.0,12.2,405.0,-118.0,Strong Model Fade,False,
549,Kendall Milton,CIN,RB,449.0,588.0,0.0,547.0,39.0,Model Buy,False,
550,Tanner Brown,,K,450.0,,,541.0,,Unknown,True,Rookie prospect
551,Dillon Gabriel,CLE,QB,451.0,,,536.0,,Unknown,True,Rookie prospect
552,Quintez Cephus,,WR,507.0,,,,,Unknown,True,Rookie prospect
553,Kylen Granson,PHI,TE,602.0,321.0,39.0,334.0,-232.0,Strong Model Fade,False,
554,Efton Chism III,NE,WR,575.5,,,,,Unknown,True,Rookie prospect
555,Kyle McCord,PHI,QB,582.0,16.0,255.1,570.0,-539.0,Strong Model Fade,True,Rookie prospect
556,Jermaine Jackson,,WR,455.0,403.0,16.2,14.0,-153.0,Strong Model Fade,False,
557,Tyrod Taylor,NYJ,QB,456.0,349.0,28.9,564.0,-208.0,Strong Model Fade,False,
558,Mike White,BUF,QB,594.0,518.0,1.7,131.0,-40.0,Model Fade,False,
559,Cordarrelle Patterson,,RB,458.0,326.0,37.3,,-233.0,Strong Model Fade,False,
560,Michael Burton,DEN,RB,478.5,291.0,52.9,390.0,-269.0,Strong Model Fade,False,
561,Nick Mullens,JAC,QB,594.0,475.0,5.3,548.0,-86.0,Strong Model Fade,False,
562,Matt Corral,,QB,459.0,37.0,226.0,,-525.0,Strong Model Fade,True,Rookie prospect
563,Ihmir Smith-Marsette,NYG,WR,520.0,531.0,0.5,530.0,-32.0,Model Fade,False,
564,Laquon Treadwell,IND,WR,462.0,574.0,0.0,,10.0,Fair Value,False,
565,Charlie Woerner,ATL,TE,480.5,365.0,24.6,251.0,-200.0,Strong Model Fade,False,
566,Bub Means,NO,WR,487.0,374.0,22.7,378.0,-192.0,Strong Model Fade,False,
567,Jacoby Brissett,ARI,QB,463.0,231.0,86.4,545.0,-336.0,Strong Model Fade,False,
568,Robbie Ouzts,SEA,TE,666.5,,,465.0,,Unknown,True,Rookie prospect
569,Eric Saubert,SEA,TE,465.0,307.0,44.8,312.0,-262.0,Strong Model Fade,False,
570,Kyle Allen,DET,QB,505.0,16.0,255.1,15.0,-554.0,Strong Model Fade,False,
571,Harrison Bryant,PHI,TE,513.0,383.0,20.1,278.0,-188.0,Strong Model Fade,False,
572,Dante Pettis,NO,WR,467.0,355.0,27.3,493.0,-217.0,Strong Model Fade,False,
573,Tommy Mellott,LV,QB,580.5,360.0,25.7,490.0,-213.0,Strong Model Fade,True,Rookie prospect
574,Jeremy Ruckert,NYJ,TE,531.5,332.0,35.3,230.0,-242.0,Strong Model Fade,False,
575,KhaDarel Hodge,ATL,WR,469.0,344.0,30.2,432.0,-231.0,Strong Model Fade,True,Rookie prospect
576,Matt Prater,,K,499.0,,,,,Unknown,True,Rookie prospect
577,Braxton Berrios,HOU,WR,601.0,544.0,0.2,526.0,-33.0,Model Fade,False,
578,Trayveon Williams,CLE,RB,471.0,586.0,0.0,109.0,8.0,Fair Value,False,
579,Gardner Minshew II,KC,QB,511.5,200.0,101.6,558.0,-379.0,Strong Model Fade,True,Rookie prospect
580,Dominic Lovett,DET,WR,575.5,,,,,Unknown,True,Rookie prospect
581,Kalel Mullings,TEN,RB,657.0,,,382.0,,Unknown,True,Rookie prospect
582,Trenton Irwin,JAC,WR,474.0,462.0,6.6,,-120.0,Strong Model Fade,False,
583,Ko Kieft,TB,TE,622.0,141.0,135.9,,-442.0,Strong Model Fade,False,
584,Malik Taylor,DET,WR,475.0,47.0,215.9,564.0,-537.0,Strong Model Fade,True,Rookie prospect
585,Giovanni Ricci,MIN,TE,476.0,,,280.0,,Unknown,True,Rookie prospect
586,Gunnar Helm,TEN,TE,581.0,,,257.0,,Unknown,True,Rookie prospect
587,Patrick Taylor Jr.,SF,RB,477.0,293.0,52.0,564.0,-294.0,Strong Model Fade,False,
588,Zay Jones,ARI,WR,601.0,40.0,224.5,532.0,-548.0,Strong Model Fade,False,
589,Colby Parkinson,LAR,TE,479.0,250.0,74.7,252.0,-339.0,Strong Model Fade,False,
590,Irv Smith Jr.,HOU,TE,515.0,604.0,0.0,156.0,14.0,Fair Value,True,Rookie prospect
591,Kenny Yeboah,DET,TE,480.0,425.0,13.0,324.0,-166.0,Strong Model Fade,False,
592,Khalil Herbert,IND,RB,481.0,296.0,50.3,91.0,-296.0,Strong Model Fade,False,
593,John Bates,WAS,TE,532.0,146.0,132.7,313.0,-447.0,Strong Model Fade,False,
594,Chase Edmonds,,RB,482.0,30.0,230.9,,-564.0,Strong Model Fade,True,Rookie prospect
595,Brevin Jordan,HOU,TE,482.0,494.0,3.2,213.0,-101.0,Strong Model Fade,False,
596,Trey Sermon,PIT,RB,484.0,158.0,125.4,447.0,-438.0,Strong Model Fade,False,
597,Riley Leonard,IND,QB,502.0,,,578.0,,Unknown,True,Rookie prospect
598,Riley Patterson,,K,485.0,,,,,Unknown,True,Rookie prospect
599,Jordan Watkins,SF,WR,600.0,88.0,182.6,436.0,-511.0,Strong Model Fade,True,Rookie prospect
600,Jaret Patterson,LAC,RB,486.0,589.0,0.0,,-11.0,Fair Value,False,
601,Brady Russell,SEA,TE,633.0,599.0,0.0,,-2.0,Fair Value,False,
602,Gary Brightwell,CIN,RB,533.5,578.0,0.0,435.0,-24.0,Model Fade,False,
603,Carson Strong,,QB,488.0,480.0,4.5,414.0,-123.0,Strong Model Fade,True,Rookie prospect
604,Tyler Badie,DEN,RB,488.0,82.0,188.5,458.0,-522.0,Strong Model Fade,False,
605,Bailey Zappe,KC,QB,628.0,373.0,23.4,,-232.0,Strong Model Fade,False,
606,Tyler Goodson,IND,RB,490.0,82.0,188.5,353.0,-524.0,Strong Model Fade,False,
607,Jonathon Brooks,CAR,RB,641.5,366.0,24.5,255.0,-241.0,Strong Model Fade,False,
608,John Metchie III,HOU,WR,491.0,120.0,151.1,457.0,-488.0,Strong Model Fade,False,
609,Ricky White III,SEA,WR,681.0,217.0,90.8,131.0,-392.0,Strong Model Fade,True,Rookie prospect
610,Damien Harris,,RB,492.0,,,95.0,,Unknown,True,Rookie prospect
611,Randy Bullock,,K,493.0,,,,,Unknown,True,Rookie prospect
612,Skylar Thompson,PIT,QB,493.0,378.0,21.7,,-234.0,Strong Model Fade,False,
613,Bo Melton,GB,WR,494.0,126.0,145.8,477.0,-487.0,Strong Model Fade,False,
614,Danny Gray,,WR,494.0,,,437.0,,Unknown,True,Rookie prospect
615,Jha'Quan Jackson,TEN,WR,645.5,536.0,0.3,14.0,-79.0,Strong Model Fade,False,
616,Ameer Abdullah,SF,RB,609.5,191.0,108.3,337.0,-425.0,Strong Model Fade,False,
617,Justin Shorter,LV,WR,498.0,29.0,234.7,,-588.0,Strong Model Fade,False,
618,Josh Whyle,TEN,TE,499.0,260.0,66.0,231.0,-358.0,Strong Model Fade,False,
619,Xavier Hutchinson,HOU,WR,500.0,123.0,147.6,351.0,-496.0,Strong Model Fade,False,
620,Ronnie Bell,DET,WR,501.0,479.0,4.5,513.0,-141.0,Strong Model Fade,False,
621,Payne Durham,TB,TE,502.0,358.0,26.0,241.0,-263.0,Strong Model Fade,False,
622,Andre Szmyt,CLE,K,503.0,,,,,Unknown,True,Rookie prospect
623,Nikko Remigio,KC,WR,505.0,470.0,6.3,,-153.0,Strong Model Fade,False,
624,Jordan Mims,TEN,RB,506.0,137.0,138.4,419.0,-487.0,Strong Model Fade,False,
625,Nate Adkins,DEN,TE,507.0,341.0,33.4,233.0,-284.0,Strong Model Fade,False,
626,Ryan Miller,TB,WR,508.0,356.0,26.9,568.0,-270.0,Strong Model Fade,False,
627,George Holani,SEA,RB,513.0,498.0,2.9,,-129.0,Strong Model Fade,False,
628,Jabari Small,DET,RB,514.0,,,,,Unknown,True,Rookie prospect
629,Terrell Jennings,NE,RB,516.0,414.0,14.0,452.0,-215.0,Strong Model Fade,False,
630,Jahmal Banks,BAL,WR,517.0,,,,,Unknown,True,Rookie prospect
631,Michael Gallup,WAS,WR,517.5,92.0,179.6,476.0,-539.0,Strong Model Fade,True,Rookie prospect
632,Jalen White,GB,RB,519.0,,,131.0,,Unknown,True,Rookie prospect
633,Ryan Coe,TB,K,525.0,,,,,Unknown,True,Rookie prospect
634,Josh Johnson,WAS,QB,528.0,10.0,272.5,565.0,-624.0,Strong Model Fade,False,
635,Taylor Heinicke,LAC,QB,530.0,349.0,28.9,575.0,-286.0,Strong Model Fade,False,
636,Jamaal Williams,,RB,532.0,327.0,36.4,109.0,-309.0,Strong Model Fade,False,
637,Jamal Agnew,ATL,WR,533.0,,,489.0,,Unknown,True,Rookie prospect
638,Pharaoh Brown,MIA,TE,534.0,392.0,18.2,541.0,-246.0,Strong Model Fade,False,
639,Dare Ogunbowale,HOU,RB,535.0,276.0,59.0,402.0,-363.0,Strong Model Fade,False,
640,Hayden Hurst,,TE,537.0,385.0,19.8,,-255.0,Strong Model Fade,False,
641,John Kelly Jr.,,RB,538.0,218.0,90.4,,-423.0,Strong Model Fade,False,
642,Anthony Miller,BAL,WR,539.0,489.0,3.5,568.0,-153.0,Strong Model Fade,False,
643,Durham Smythe,CHI,TE,541.0,358.0,26.0,310.0,-285.0,Strong Model Fade,False,
644,Cedrick Wilson Jr.,NO,WR,543.0,289.0,54.1,421.0,-355.0,Strong Model Fade,True,Rookie prospect
645,Ross Dwelley,SF,TE,544.0,507.0,2.3,287.0,-138.0,Strong Model Fade,False,
646,Keith Kirkwood,BAL,WR,546.0,,,,,Unknown,True,Rookie prospect
647,Foster Moreau,NO,TE,547.0,209.0,94.5,175.0,-438.0,Strong Model Fade,False,
648,Kelvin Harmon,,WR,548.0,,,,,Unknown,True,Rookie prospect
649,Jake Browning,CIN,QB,549.0,343.0,32.7,541.0,-306.0,Strong Model Fade,False,
650,Jakob Johnson,HOU,RB,555.0,,,565.0,,Unknown,False,
651,Steven Sims Jr.,SEA,WR,556.0,619.0,-0.2,525.0,-32.0,Model Fade,False,
652,Isaiah Hodgins,SF,WR,559.0,487.0,3.5,,-165.0,Strong Model Fade,False,
653,Sean McKeon,IND,TE,562.0,,,,,Unknown,True,Rookie prospect
654,Cody White,SEA,WR,564.0,469.0,6.3,131.0,-185.0,Strong Model Fade,False,
655,Trishton Jackson,ARI,WR,565.0,572.0,0.0,14.0,-83.0,Strong Model Fade,False,
656,K.J. Osborn,WAS,WR,566.0,409.0,15.2,315.0,-247.0,Strong Model Fade,False,
657,DeeJay Dallas,ARI,RB,568.0,345.0,29.8,448.0,-312.0,Strong Model Fade,False,
658,Reggie Gilliam,BUF,RB,569.0,,,,,Unknown,False,
659,Mason Kinsey,TEN,WR,570.0,347.0,29.1,,-312.0,Strong Model Fade,False,
660,Tim Jones,MIN,WR,571.0,214.0,92.4,532.0,-446.0,Strong Model Fade,False,
661,Demetric Felton Jr.,WAS,RB,574.0,,,368.0,,Unknown,True,Rookie prospect
662,Davis Mills,HOU,QB,576.0,405.0,15.7,556.0,-257.0,Strong Model Fade,False,
663,Luke Farrell,SF,TE,577.0,271.0,63.4,303.0,-392.0,Strong Model Fade,False,
664,Zach Davidson,BUF,TE,578.0,109.0,158.7,342.0,-555.0,Strong Model Fade,False,
665,Michael Carter,ARI,RB,581.0,291.0,52.9,412.0,-374.0,Strong Model Fade,False,
666,Jack Stoll,NO,TE,584.0,485.0,3.8,349.0,-181.0,Strong Model Fade,False,
667,Michael Jacobson,NO,TE,585.0,297.0,50.0,,-370.0,Strong Model Fade,True,Rookie prospect
668,John FitzPatrick,GB,TE,586.0,146.0,132.7,,-522.0,Strong Model Fade,False,
669,Michael Woods II,CLE,WR,587.0,92.0,179.6,391.0,-577.0,Strong Model Fade,True,Rookie prospect
670,Greg Dulcich,NYG,TE,588.0,439.0,10.5,340.0,-231.0,Strong Model Fade,False,
671,Treylon Burks,TEN,WR,589.0,446.0,8.9,496.0,-225.0,Strong Model Fade,False,
672,Drew Ogletree,IND,TE,590.0,111.0,157.9,208.0,-561.0,Strong Model Fade,True,Rookie prospect
673,Nick Muse,PHI,TE,591.0,334.0,35.1,,-339.0,Strong Model Fade,False,
674,Tyquan Thornton,KC,WR,592.0,444.0,9.6,297.0,-230.0,Strong Model Fade,False,
675,Irvin Charles,NYJ,WR,593.0,547.0,0.1,422.0,-128.0,Strong Model Fade,False,
676,Zonovan Knight,NYJ,RB,594.0,,,450.0,,Unknown,True,Rookie prospect
677,Britain Covey,LAR,WR,596.0,423.0,13.2,506.0,-254.0,Strong Model Fade,False,
678,Justyn Ross,,WR,597.0,569.0,0.0,,-109.0,Strong Model Fade,False,
679,Kendric Pryor,CIN,WR,598.0,256.0,68.4,497.0,-423.0,Strong Model Fade,False,
680,Kaden Davis,CLE,WR,599.0,570.0,0.0,151.0,-110.0,Strong Model Fade,False,
681,Brandon Johnson,PIT,WR,600.0,249.0,75.4,565.0,-432.0,Strong Model Fade,False,
682,Seth Green,NO,TE,601.0,,,,,Unknown,True,Rookie prospect
683,Kevin Austin Jr.,NO,WR,602.0,338.0,33.8,200.0,-345.0,Strong Model Fade,False,
684,Jashaun Corbin,ATL,RB,603.0,,,,,Unknown,True,Rookie prospect
685,Stone Smartt,NYJ,TE,604.0,303.0,47.6,267.0,-382.0,Strong Model Fade,False,
686,Tucker Fisk,LAC,TE,605.0,131.0,141.9,329.0,-555.0,Strong Model Fade,False,
687,Jalen Brooks,DAL,WR,609.0,157.0,125.5,255.0,-530.0,Strong Model Fade,False,
688,Lew Nichols III,PIT,RB,610.0,,,383.0,,Unknown,True,Rookie prospect
689,Evan Hull,PIT,RB,612.0,537.0,0.3,,-152.0,Strong Model Fade,False,
690,Zach Evans,,RB,614.0,115.0,156.8,444.0,-575.0,Strong Model Fade,True,Rookie prospect
691,Brayden Willis,SF,TE,616.0,600.0,0.0,540.0,-91.0,Strong Model Fade,False,
692,Cameron Latu,PHI,TE,617.0,,,,,Unknown,True,Rookie prospect
693,Ben VanSumeren,PHI,LB,621.0,,,,,Unknown,True,Rookie prospect
694,Carlos Washington Jr.,ATL,RB,622.0,582.0,0.0,466.0,-112.0,Strong Model Fade,False,
695,Shedrick Jackson,LV,WR,623.0,,,14.0,,Unknown,True,Rookie prospect
696,Princeton Fant,DAL,TE,624.0,614.0,0.0,174.0,-82.0,Strong Model Fade,False,
697,Emari Demercado,ARI,RB,625.0,230.0,87.2,371.0,-467.0,Strong Model Fade,False,
698,Thayer Thomas,MIN,WR,626.0,,,30.0,,Unknown,True,Rookie prospect
699,Johnny Lumpkin,GB,TE,627.0,324.0,38.1,,-375.0,Strong Model Fade,True,Rookie prospect
700,Tyrell Shavers,BUF,WR,628.0,435.0,11.1,,-265.0,Strong Model Fade,False,
701,Rakim Jarrett,TB,WR,629.0,361.0,25.6,519.0,-340.0,Strong Model Fade,False,
702,Kazmeir Allen,WAS,WR,630.0,,,15.0,,Unknown,True,Rookie prospect
703,Lucky Jackson,MIN,WR,631.0,,,14.0,,Unknown,True,Rookie prospect
704,Devin Leary,BAL,QB,632.0,,,,,Unknown,True,Rookie prospect
705,Erick All Jr.,CIN,TE,634.0,307.0,44.8,15.0,-398.0,Strong Model Fade,False,
706,Jawhar Jordan,HOU,RB,636.0,,,213.0,,Unknown,True,Rookie prospect
707,Jared Wiley,KC,TE,639.0,521.0,1.7,281.0,-186.0,Strong Model Fade,False,
708,Dylan Laube,LV,RB,640.0,621.0,-2.0,463.0,-87.0,Strong Model Fade,False,
709,Tahj Washington,MIA,WR,641.0,,,466.0,,Unknown,True,Rookie prospect
710,Jaheim Bell,NE,TE,642.0,449.0,8.4,513.0,-261.0,Strong Model Fade,False,
711,Dante Miller,NYG,RB,643.0,587.0,0.0,568.0,-124.0,Strong Model Fade,False,
712,Isaiah Davis,NYJ,RB,644.0,221.0,89.9,151.0,-491.0,Strong Model Fade,False,
713,Tip Reiman,ARI,TE,646.0,419.0,13.7,300.0,-294.0,Strong Model Fade,False,
714,Brenden Rice,LAC,WR,647.0,557.0,0.0,108.0,-157.0,Strong Model Fade,False,
715,Devin Culp,TB,TE,648.0,397.0,16.9,266.0,-318.0,Strong Model Fade,False,
716,Messiah Swinson,GB,TE,649.0,,,,,Unknown,True,Rookie prospect
717,McCallan Castles,LAC,TE,650.0,,,,,Unknown,True,Rookie prospect
718,Emani Bailey,CAR,RB,651.0,,,,,Unknown,True,Rookie prospect
719,Brenden Bates,CLE,TE,652.0,601.0,0.0,313.0,-118.0,Strong Model Fade,False,
720,Austin Reed,CHI,QB,653.0,,,96.0,,Unknown,True,Rookie prospect
721,Cam Grandy,CIN,TE,654.0,432.0,11.8,285.0,-289.0,Strong Model Fade,False,
722,Blake Watson,DEN,RB,655.0,192.0,107.9,576.0,-530.0,Strong Model Fade,False,
723,David Martin-Robinson,TEN,TE,656.0,95.0,172.4,346.0,-628.0,Strong Model Fade,False,
724,Bryce Oliver,TEN,WR,657.0,393.0,17.9,225.0,-331.0,Strong Model Fade,False,
725,John Rhys Plumlee,SEA,QB,658.0,530.0,0.5,,-195.0,Strong Model Fade,True,Rookie prospect
726,Terique Owens,SF,WR,659.0,,,,,Unknown,True,Rookie prospect
727,Cody Schrader,LAR,RB,660.0,490.0,3.4,,-237.0,Strong Model Fade,False,
728,Sam Hartman,WAS,QB,661.0,5.0,303.0,,-723.0,Strong Model Fade,True,Rookie prospect
729,Drake Stoops,LAR,WR,662.0,61.0,205.3,,-668.0,Strong Model Fade,True,Rookie prospect
730,Alex Hale,,K,663.0,,,,,Unknown,True,Rookie prospect
731,Joshua Simon,ATL,TE,664.0,,,,,Unknown,True,Rookie prospect
732,Marcus Major Jr.,BAL,RB,665.0,,,,,Unknown,True,Rookie prospect
733,Lucas Scott,BAL,RB,666.0,,,94.0,,Unknown,True,Rookie prospect
734,Kayron Lynch-Adams,CAR,RB,669.0,,,,,Unknown,True,Rookie prospect
735,Jonathan Kim,CHI,K,670.0,,,,,Unknown,True,Rookie prospect
736,Jahdae Walker,CHI,WR,671.0,,,22.0,,Unknown,True,Rookie prospect
737,Quali Conley,CIN,RB,672.0,,,,,Unknown,True,Rookie prospect
738,Payton Thorne,CIN,QB,673.0,,,,,Unknown,True,Rookie prospect
739,Luke Floriea,CLE,WR,674.0,317.0,40.8,,-422.0,Strong Model Fade,True,Rookie prospect
740,Rivaldo Fairweather,DAL,TE,675.0,,,,,Unknown,True,Rookie prospect
741,Traeshon Holden,DAL,WR,676.0,,,,,Unknown,True,Rookie prospect
742,Courtney Jackson,DEN,WR,677.0,,,14.0,,Unknown,True,Rookie prospect
743,Kye Robichaux,,RB,680.0,,,,,Unknown,True,Rookie prospect
744,Amar Johnson,GB,RB,682.0,12.0,264.8,565.0,-732.0,Strong Model Fade,True,Rookie prospect
745,Drake Dabney,TEN,TE,685.0,,,,,Unknown,True,Rookie prospect
746,Graham Mertz,HOU,QB,687.0,,,569.0,,Unknown,True,Rookie prospect
747,Maddux Trujillo,IND,K,688.0,,,,,Unknown,True,Rookie prospect
748,Ja'Quinden Jackson,JAC,RB,689.0,,,14.0,,Unknown,True,Rookie prospect
749,Jake Briningstool,KC,TE,690.0,122.0,148.5,258.0,-627.0,Strong Model Fade,True,Rookie prospect
750,Jimmy Holiday,KC,WR,691.0,,,,,Unknown,True,Rookie prospect
751,Tru Edwards,LAR,WR,692.0,,,380.0,,Unknown,True,Rookie prospect
752,Konata Mumpfield,LAR,WR,693.0,,,,,Unknown,True,Rookie prospect
753,Silas Bolden,MIN,WR,695.0,,,,,Unknown,True,Rookie prospect
754,Tre Stewart,MIN,RB,696.0,158.0,125.4,,-596.0,Strong Model Fade,True,Rookie prospect
755,Ben Yurosek,MIN,TE,697.0,437.0,10.9,350.0,-318.0,Strong Model Fade,True,Rookie prospect
756,Gee Scott Jr.,NE,TE,699.0,,,94.0,,Unknown,True,Rookie prospect
757,Ben Wooldridge,NE,QB,700.0,,,,,Unknown,True,Rookie prospect
758,Moochie Dixon,NO,WR,701.0,,,,,Unknown,True,Rookie prospect
759,Chris Tyree,NO,RB,702.0,195.0,105.9,,-564.0,Strong Model Fade,True,Rookie prospect
760,Beaux Collins,NYG,WR,703.0,,,31.0,,Unknown,True,Rookie prospect
761,Thomas Fidone II,NYG,TE,704.0,458.0,7.1,299.0,-303.0,Strong Model Fade,True,Rookie prospect
762,Brady Cook,NYJ,QB,705.0,,,13.0,,Unknown,True,Rookie prospect
763,Donovan Edwards,NYJ,RB,707.0,,,380.0,,Unknown,True,Rookie prospect
764,Darius Cooper,PHI,WR,709.0,178.0,113.4,,-586.0,Strong Model Fade,True,Rookie prospect
765,JJ Galbreath,PIT,TE,711.0,,,,,Unknown,True,Rookie prospect
766,Max Hurleman,PIT,CB,712.0,,,,,Unknown,True,Rookie prospect
767,Tyrone Broden,SEA,WR,716.0,,,,,Unknown,True,Rookie prospect
768,Nick Kallerup,SEA,TE,717.0,334.0,35.1,,-434.0,Strong Model Fade,True,Rookie prospect
769,Nate McCollum,ARI,WR,718.0,,,,,Unknown,True,Rookie prospect
770,Sam Brown Jr.,GB,WR,719.0,126.0,145.8,541.0,-644.0,Strong Model Fade,True,Rookie prospect
771,Caden Prieskorn,DEN,TE,720.0,,,,,Unknown,True,Rookie prospect
772,Greg Zuerlein,,K,721.0,,,,,Unknown,True,Rookie prospect
773,DeAndre Carter,CLE,WR,723.0,136.0,138.6,412.0,-637.0,Strong Model Fade,False,
774,Chris Moore,WAS,WR,724.0,147.0,131.3,63.0,-627.0,Strong Model Fade,False,
775,Gerald Everett,,TE,726.0,407.0,15.4,,-368.0,Strong Model Fade,False,
776,Josh Reynolds,NYJ,WR,727.0,74.0,194.2,407.0,-702.0,Strong Model Fade,False,
777,Johnny Mundt,JAC,TE,728.0,324.0,38.1,260.0,-453.0,Strong Model Fade,False,
778,Zach Pascal,NYG,WR,729.0,549.0,0.1,504.0,-229.0,Strong Model Fade,False,
779,Deon Cain,BUF,WR,733.0,551.0,0.1,,-228.0,Strong Model Fade,True,Rookie prospect
780,Tim Boyle,TEN,QB,735.0,346.0,29.5,,-434.0,Strong Model Fade,False,
781,John Wolford,JAC,QB,736.0,530.0,0.5,,-251.0,Strong Model Fade,True,Rookie prospect
782,Will Grier,DAL,QB,737.0,22.0,240.2,,-760.0,Strong Model Fade,True,Rookie prospect
783,Ashton Dulin,IND,WR,738.0,436.0,11.0,487.0,-347.0,Strong Model Fade,False,
784,Alex Bachman,LV,WR,739.0,456.0,7.5,,-328.0,Strong Model Fade,False,
785,James Proche II,TEN,WR,740.0,70.0,197.4,,-715.0,Strong Model Fade,False,
786,KJ Hamler,BUF,WR,741.0,,,,,Unknown,True,Rookie prospect
787,Albert Okwuegbunam Jr.,LV,TE,742.0,,,,,Unknown,True,Rookie prospect
788,Salvon Ahmed,IND,RB,744.0,,,,,Unknown,True,Rookie prospect
789,Kristian Wilkerson,BUF,WR,745.0,483.0,4.0,,-306.0,Strong Model Fade,False,
790,Lawrence Cager,WAS,WR,746.0,,,261.0,,Unknown,True,Rookie prospect
791,Dominique Dafney,CAR,TE,747.0,,,,,Unknown,True,Rookie prospect
792,Chris Blair,ATL,WR,748.0,147.0,131.3,503.0,-645.0,Strong Model Fade,False,
793,Tarik Black,MIA,WR,749.0,,,418.0,,Unknown,True,Rookie prospect
794,Dez Fitzpatrick,LAC,WR,750.0,561.0,0.0,,-233.0,Strong Model Fade,False,
795,Hunter Long,JAC,TE,753.0,98.0,167.7,253.0,-697.0,Strong Model Fade,False,
796,Kene Nwangwu,NYJ,RB,754.0,460.0,6.8,,-336.0,Strong Model Fade,False,
797,Dee Eskridge,MIA,WR,758.0,51.0,212.6,495.0,-746.0,Strong Model Fade,True,Rookie prospect
798,Quintin Morris,JAC,TE,759.0,434.0,11.2,284.0,-364.0,Strong Model Fade,False,
799,Feleipe Franks,ATL,QB,760.0,,,347.0,,Unknown,False,
800,Austin Trammell,JAC,WR,761.0,184.0,111.2,508.0,-616.0,Strong Model Fade,False,
801,Shane Zylstra,DET,TE,762.0,496.0,3.1,,-305.0,Strong Model Fade,False,
802,Montrell Washington,NYG,WR,763.0,560.0,0.0,466.0,-242.0,Strong Model Fade,False,
803,Samori Toure,CHI,WR,764.0,,,482.0,,Unknown,True,Rookie prospect
804,Teagan Quitoriano,ATL,TE,765.0,608.0,0.0,259.0,-196.0,Strong Model Fade,False,
805,Jelani Woods,IND,TE,766.0,,,391.0,,Unknown,True,Rookie prospect
806,Chris Oladokun,KC,QB,768.0,486.0,3.6,,-320.0,Strong Model Fade,False,
807,Dareke Young,SEA,WR,769.0,548.0,0.1,168.0,-259.0,Strong Model Fade,False,
808,Zaire Mitchell-Paden,BAL,TE,771.0,,,,,Unknown,True,Rookie prospect
809,Jalen Virgil,BUF,WR,772.0,157.0,125.5,,-652.0,Strong Model Fade,False,
810,Tanner Conner,MIA,TE,773.0,311.0,42.3,16.0,-499.0,Strong Model Fade,False,
811,Lucas Krull,DEN,TE,774.0,319.0,40.0,263.0,-492.0,Strong Model Fade,False,
812,Ronnie Rivers,LAR,RB,775.0,342.0,33.0,420.0,-470.0,Strong Model Fade,False,
813,Xavier Smith,LAR,WR,776.0,123.0,147.6,156.0,-690.0,Strong Model Fade,False,
814,Jake Haener,NO,QB,777.0,343.0,32.7,573.0,-471.0,Strong Model Fade,False,
815,Clayton Tune,ARI,QB,778.0,552.0,0.1,580.0,-263.0,Strong Model Fade,False,
816,Zavier Scott,MIN,WR,779.0,,,94.0,,Unknown,True,Rookie prospect
817,Jalen Cropper,DAL,WR,781.0,157.0,125.5,,-660.0,Strong Model Fade,True,Rookie prospect
818,John Stephens Jr.,DAL,WR,782.0,120.0,151.1,,-698.0,Strong Model Fade,True,Rookie prospect
819,Jesse Matthews,ATL,WR,783.0,,,,,Unknown,True,Rookie prospect
820,Jared Wayne,HOU,WR,784.0,566.0,0.0,,-254.0,Strong Model Fade,False,
821,Elijah Cooks,PHI,WR,785.0,124.0,147.5,228.0,-697.0,Strong Model Fade,False,
822,Ben Sims,GB,TE,786.0,437.0,10.9,525.0,-385.0,Strong Model Fade,False,
823,Dylan Drummond,ATL,WR,787.0,,,,,Unknown,True,Rookie prospect
824,Ontaria Wilson,NYJ,WR,788.0,,,421.0,,Unknown,True,Rookie prospect
825,Tanner Taula,TB,TE,789.0,311.0,42.3,,-514.0,Strong Model Fade,True,Rookie prospect
826,Jordan Murray,CHI,TE,790.0,233.0,85.5,59.0,-593.0,Strong Model Fade,True,Rookie prospect
827,Jase McClellan,,RB,791.0,401.0,16.3,,-426.0,Strong Model Fade,False,
828,Casey Washington,ATL,WR,792.0,505.0,2.3,466.0,-323.0,Strong Model Fade,False,
829,Michael Pratt,TB,QB,795.0,236.0,84.5,,-593.0,Strong Model Fade,True,Rookie prospect
830,Anthony Gould,IND,WR,797.0,489.0,3.5,518.0,-341.0,Strong Model Fade,False,
831,Keilan Robinson,PHI,RB,798.0,577.0,0.0,2.0,-254.0,Strong Model Fade,False,
832,Cornelius Johnson,GB,WR,801.0,,,565.0,,Unknown,True,Rookie prospect
833,Chris Collier,LV,RB,802.0,195.0,105.9,,-638.0,Strong Model Fade,False,
834,Dayton Wade,BAL,WR,803.0,,,,,Unknown,True,Rookie prospect
835,Julian Hicks,GB,WR,804.0,,,,,Unknown,True,Rookie prospect
836,Xavier Johnson,HOU,WR,805.0,123.0,147.6,565.0,-713.0,Strong Model Fade,True,Rookie prospect
837,Jack Plummer,CAR,QB,806.0,1.0,349.6,,-836.0,Strong Model Fade,True,Rookie prospect
838,Ian Wheeler,CHI,RB,807.0,128.0,142.9,,-710.0,Strong Model Fade,True,Rookie prospect
839,Brevyn Spann-Ford,DAL,TE,808.0,380.0,20.5,275.0,-459.0,Strong Model Fade,False,
840,Isaiah Williams,CIN,WR,809.0,487.0,3.5,109.0,-353.0,Strong Model Fade,False,
841,Joshua Cephus,JAC,WR,810.0,554.0,0.0,,-287.0,Strong Model Fade,False,
842,Jeshaun Jones,MIN,WR,812.0,,,532.0,,Unknown,True,Rookie prospect
843,Dallin Holker,,TE,813.0,471.0,6.0,,-372.0,Strong Model Fade,False,
844,Mason Tipton,NO,WR,814.0,347.0,29.1,,-497.0,Strong Model Fade,False,
845,Xavier Weaver,ARI,WR,815.0,123.0,147.6,483.0,-722.0,Strong Model Fade,False,
846,Tanner Mordecai,,QB,816.0,282.0,56.9,,-564.0,Strong Model Fade,True,Rookie prospect
847,Mason Pline,,TE,817.0,,,,,Unknown,True,Rookie prospect
848,Kameron Johnson,TB,WR,818.0,529.0,0.5,565.0,-319.0,Strong Model Fade,False,
849,D.J. Williams,,RB,819.0,579.0,0.0,109.0,-270.0,Strong Model Fade,False,
850,British Brooks,HOU,RB,820.0,533.0,0.4,255.0,-317.0,Strong Model Fade,False,
851,Neal Johnson,NYJ,TE,821.0,,,565.0,,Unknown,True,Rookie prospect
852,Hayden Rucci,MIA,TE,822.0,385.0,19.8,,-467.0,Strong Model Fade,True,Rookie prospect
853,Jaelen Gill,,WR,823.0,,,,,Unknown,True,Rookie prospect
854,Geor'Quarius Spivey,KC,TE,824.0,,,,,Unknown,True,Rookie prospect
855,Nick Nash,ATL,WR,826.0,196.0,104.2,515.0,-659.0,Strong Model Fade,True,Rookie prospect
856,Kelly Akharaiyi,BUF,WR,827.0,,,,,Unknown,True,Rookie prospect
857,Jackson Hawes,BUF,TE,828.0,,,295.0,,Unknown,True,Rookie prospect
858,Keleki Latu,BUF,TE,829.0,,,,,Unknown,True,Rookie prospect
859,Gage Larvadain,CLE,WR,831.0,,,,,Unknown,True,Rookie prospect
860,Josh Kelly,DAL,WR,832.0,74.0,194.2,,-786.0,Strong Model Fade,True,Rookie prospect
861,Phil Mafah,DAL,RB,833.0,,,471.0,,Unknown,True,Rookie prospect
862,Tyler Neville,DAL,TE,834.0,161.0,124.5,,-701.0,Strong Model Fade,True,Rookie prospect
863,Caleb Lohner,DEN,TE,835.0,,,269.0,,Unknown,True,Rookie prospect
864,Zach Horton,DET,TE,836.0,109.0,158.7,336.0,-755.0,Strong Model Fade,True,Rookie prospect
865,Jakobie Keeney-James,DET,WR,837.0,,,,,Unknown,True,Rookie prospect
866,Jackson Meeks,DET,WR,838.0,536.0,0.3,,-330.0,Strong Model Fade,True,Rookie prospect
867,Taylor Elgersma,GB,QB,839.0,349.0,28.9,,-518.0,Strong Model Fade,True,Rookie prospect
868,TJ Sheffield,TEN,WR,842.0,,,,,Unknown,True,Rookie prospect
869,Ajou Ajou,IND,WR,843.0,,,,,Unknown,True,Rookie prospect
870,Coleman Owen,IND,WR,844.0,190.0,109.2,,-680.0,Strong Model Fade,True,Rookie prospect
871,Cam Camper,JAC,WR,846.0,433.0,11.3,,-438.0,Strong Model Fade,True,Rookie prospect
872,Patrick Herbert,JAC,TE,847.0,524.0,1.5,91.0,-348.0,Strong Model Fade,True,Rookie prospect
873,Elijhah Badger,KC,WR,848.0,,,,,Unknown,True,Rookie prospect
874,Tre Watson,KC,TE,849.0,23.0,239.3,576.0,-851.0,Strong Model Fade,True,Rookie prospect
875,Elijah Young,KC,RB,850.0,,,168.0,,Unknown,True,Rookie prospect
876,Brennan Presley,LAR,WR,851.0,,,,,Unknown,True,Rookie prospect
877,Anthony Torres,LAR,TE,852.0,597.0,0.0,,-280.0,Strong Model Fade,True,Rookie prospect
878,Ketron Jackson Jr.,LV,WR,853.0,,,14.0,,Unknown,True,Rookie prospect
879,Cam Miller,LV,QB,854.0,,,568.0,,Unknown,True,Rookie prospect
880,Andrew Armstrong,MIA,WR,855.0,,,,,Unknown,True,Rookie prospect
881,Jalin Conyers,MIA,TE,856.0,,,,,Unknown,True,Rookie prospect
882,AJ Henning,MIA,WR,857.0,,,,,Unknown,True,Rookie prospect
883,Max Brosmer,MIN,QB,858.0,,,,,Unknown,True,Rookie prospect
884,Myles Price,MIN,WR,859.0,,,,,Unknown,True,Rookie prospect
885,Lan Larison,NE,RB,860.0,401.0,16.3,461.0,-484.0,Strong Model Fade,True,Rookie prospect
886,Marcus Yarns,NO,RB,862.0,,,460.0,,Unknown,True,Rookie prospect
887,Montrell Johnson Jr.,PHI,RB,863.0,,,565.0,,Unknown,True,Rookie prospect
888,ShunDerrick Powell,PHI,RB,864.0,,,,,Unknown,True,Rookie prospect
889,Roc Taylor,PIT,WR,865.0,467.0,6.4,564.0,-422.0,Strong Model Fade,True,Rookie prospect
890,Raheim Sanders,LAC,RB,866.0,,,538.0,,Unknown,True,Rookie prospect
891,DJ Uiagalelei,LAC,QB,867.0,,,,,Unknown,True,Rookie prospect
892,Junior Bergen,SF,WR,868.0,,,,,Unknown,True,Rookie prospect
893,Corey Kiner,SF,RB,869.0,,,471.0,,Unknown,True,Rookie prospect
894,Jacardia Wright,SEA,RB,872.0,,,177.0,,Unknown,True,Rookie prospect
895,Connor Bazelak,TB,QB,873.0,,,,,Unknown,True,Rookie prospect
896,Jacoby Jones,WAS,LB,874.0,,,532.0,,Unknown,True,Rookie prospect
897,Mark McNamee,GB,K,875.0,,,,,Unknown,True,Rookie prospect
898,Winston Wright,,WR,876.0,,,177.0,,Unknown,True,Rookie prospect
899,Toa Taua,CLE,RB,877.0,,,,,Unknown,True,Rookie prospect
900,D.K. Kaufman,SEA,S,878.0,,,,,Unknown,True,Rookie prospect
