Rk,Player,Age,Team,Pos,G,GS,Tgt,Rec,Yds,Y/R,TD,1D,Succ%,Lng,R/G,Y/G,Ctch%,Y/Tgt,Fmb,Awards
1.0,Michael Thomas,25.0,NOR,WR,16.0,16.0,147.0,125.0,1405.0,11.2,9.0,74.0,72.8,72.0,7.8,87.8,85.0,9.6,2.0,"PB,AP-1"
2.0,Zach Ertz,28.0,PHI,TE,16.0,16.0,156.0,116.0,1163.0,10.0,8.0,66.0,57.1,34.0,7.3,72.7,74.4,7.5,1.0,PB
3.0,DeAndre Hopkins,26.0,HOU,WR,16.0,16.0,163.0,115.0,1572.0,13.7,11.0,81.0,61.3,49.0,7.2,98.3,70.6,9.6,2.0,"PB,AP-1,AP OPoY-3"
4.0,Julio Jones,29.0,ATL,WR,16.0,16.0,170.0,113.0,1677.0,14.8,8.0,80.0,59.4,58.0,7.1,104.8,66.5,9.9,2.0,"PB,AP-2"
5.0,Adam Thielen,28.0,MIN,WR,16.0,16.0,153.0,113.0,1373.0,12.2,9.0,74.0,64.1,68.0,7.1,85.8,73.9,9.0,1.0,PB
6.0,Davante Adams,26.0,GNB,WR,15.0,15.0,169.0,111.0,1386.0,12.5,13.0,64.0,53.3,57.0,7.4,92.4,65.7,8.2,0.0,PB
7.0,JuJu Smith-Schuster,22.0,PIT,WR,16.0,13.0,166.0,111.0,1426.0,12.8,7.0,67.0,57.2,97.0,6.9,89.1,66.9,8.6,1.0,PB
8.0,Christian McCaffrey,22.0,CAR,RB,16.0,16.0,124.0,107.0,867.0,8.1,6.0,41.0,55.6,38.0,6.7,54.2,86.3,7.0,4.0,AP-2
9.0,Antonio Brown,30.0,PIT,WR,15.0,15.0,168.0,104.0,1297.0,12.5,15.0,63.0,48.8,78.0,6.9,86.5,61.9,7.7,0.0,PB
10.0,Travis Kelce,29.0,KAN,TE,16.0,16.0,150.0,103.0,1336.0,13.0,10.0,68.0,62.7,43.0,6.4,83.5,68.7,8.9,2.0,"PB,AP-1"
11.0,Stefon Diggs,25.0,MIN,WR,15.0,14.0,149.0,102.0,1021.0,10.0,9.0,49.0,48.3,75.0,6.8,68.1,68.5,6.9,0.0,
12.0,Keenan Allen,26.0,LAC,WR,16.0,14.0,136.0,97.0,1196.0,12.3,6.0,62.0,63.2,54.0,6.1,74.8,71.3,8.8,3.0,PB
13.0,Saquon Barkley,21.0,NYG,RB,16.0,16.0,121.0,91.0,721.0,7.9,4.0,30.0,38.0,57.0,5.7,45.1,75.2,6.0,0.0,"PB,AP ORoY-1"
14.0,George Kittle,25.0,SFO,TE,16.0,16.0,136.0,88.0,1377.0,15.6,5.0,60.0,56.6,85.0,5.5,86.1,64.7,10.1,0.0,"PB,AP-2"
15.0,Tyreek Hill,24.0,KAN,WR,16.0,16.0,137.0,87.0,1479.0,17.0,12.0,60.0,55.5,75.0,5.4,92.4,63.5,10.8,0.0,"PB,AP-1"
16.0,James White,26.0,NWE,RB,16.0,3.0,123.0,87.0,751.0,8.6,7.0,38.0,52.8,42.0,5.4,46.9,70.7,6.1,0.0,
17.0,Mike Evans,25.0,TAM,WR,16.0,16.0,138.0,86.0,1524.0,17.7,8.0,68.0,61.6,72.0,5.4,95.3,62.3,11.0,2.0,PB
18.0,Robert Woods,26.0,LAR,WR,16.0,16.0,130.0,86.0,1219.0,14.2,6.0,66.0,59.2,39.0,5.4,76.2,66.2,9.4,0.0,
19.0,Alvin Kamara,23.0,NOR,RB,15.0,13.0,105.0,81.0,709.0,8.8,4.0,31.0,52.4,42.0,5.4,47.3,77.1,6.8,1.0,PB
20.0,Jarvis Landry,26.0,CLE,WR,16.0,14.0,149.0,81.0,976.0,12.0,4.0,44.0,40.9,51.0,5.1,61.0,54.4,6.6,1.0,PB
21.0,Brandin Cooks,25.0,LAR,WR,16.0,16.0,117.0,80.0,1204.0,15.1,5.0,56.0,57.3,57.0,5.0,75.3,68.4,10.3,1.0,
22.0,Odell Beckham Jr.,26.0,NYG,WR,12.0,12.0,124.0,77.0,1052.0,13.7,6.0,50.0,50.8,51.0,6.4,87.7,62.1,8.5,2.0,
23.0,Ezekiel Elliott,23.0,DAL,RB,15.0,15.0,95.0,77.0,567.0,7.4,3.0,22.0,41.1,38.0,5.1,37.8,81.1,6.0,6.0,"PB,AP-2"
24.0,Tyler Boyd,24.0,CIN,WR,14.0,14.0,108.0,76.0,1028.0,13.5,7.0,54.0,63.0,49.0,5.4,73.4,70.4,9.5,0.0,
25.0,T.Y. Hilton,29.0,IND,WR,14.0,14.0,120.0,76.0,1270.0,16.7,6.0,55.0,60.0,68.0,5.4,90.7,63.3,10.6,0.0,
26.0,Adam Humphries,25.0,TAM,WR,16.0,10.0,105.0,76.0,816.0,10.7,5.0,48.0,57.1,51.0,4.8,51.0,72.4,7.8,2.0,
27.0,Amari Cooper,24.0,2TM,WR,15.0,15.0,107.0,75.0,1005.0,13.4,7.0,53.0,62.6,90.0,5.0,67.0,70.1,9.4,2.0,PB
27.0,Amari Cooper,24.0,OAK,WR,6.0,6.0,31.0,22.0,280.0,12.7,1.0,14.0,67.7,36.0,3.7,46.7,71.0,9.0,0.0,
27.0,Amari Cooper,24.0,DAL,WR,9.0,9.0,76.0,53.0,725.0,13.7,6.0,39.0,60.5,90.0,5.9,80.6,69.7,9.5,2.0,
28.0,Julian Edelman,32.0,NWE,WR,12.0,12.0,108.0,74.0,850.0,11.5,6.0,41.0,57.4,36.0,6.2,70.8,68.5,7.9,1.0,
29.0,Golden Tate,30.0,2TM,WR,15.0,7.0,113.0,74.0,795.0,10.7,4.0,32.0,46.9,67.0,4.9,53.0,65.5,7.0,3.0,
29.0,Golden Tate,30.0,DET,WR,7.0,4.0,69.0,44.0,517.0,11.8,3.0,22.0,47.8,67.0,6.3,73.9,63.8,7.5,1.0,
29.0,Golden Tate,30.0,PHI,WR,8.0,3.0,44.0,30.0,278.0,9.3,1.0,10.0,45.5,32.0,3.8,34.8,68.2,6.3,2.0,
30.0,Tarik Cohen,23.0,CHI,RB,16.0,7.0,91.0,71.0,725.0,10.2,5.0,29.0,56.0,70.0,4.4,45.3,78.0,8.0,7.0,"PB,AP-1"
31.0,Austin Hooper,24.0,ATL,TE,16.0,7.0,88.0,71.0,660.0,9.3,4.0,30.0,59.1,36.0,4.4,41.3,80.7,7.5,0.0,PB
32.0,Emmanuel Sanders,31.0,DEN,WR,12.0,12.0,98.0,71.0,868.0,12.2,4.0,37.0,56.1,64.0,5.9,72.3,72.4,8.9,1.0,
33.0,Kenny Golladay,25.0,DET,WR,15.0,13.0,119.0,70.0,1063.0,15.2,5.0,55.0,53.8,60.0,4.7,70.9,58.8,8.9,1.0,
34.0,Larry Fitzgerald,35.0,ARI,WR,16.0,16.0,112.0,69.0,734.0,10.6,6.0,39.0,50.9,37.0,4.3,45.9,61.6,6.6,0.0,
35.0,Jared Cook,31.0,OAK,TE,16.0,14.0,101.0,68.0,896.0,13.2,6.0,46.0,57.4,45.0,4.3,56.0,67.3,8.9,0.0,PB
36.0,Jalen Richard,25.0,OAK,RB,16.0,1.0,81.0,68.0,607.0,8.9,0.0,23.0,53.1,32.0,4.3,37.9,84.0,7.5,3.0,
37.0,Taylor Gabriel,27.0,CHI,WR,16.0,11.0,93.0,67.0,688.0,10.3,2.0,31.0,53.8,54.0,4.2,43.0,72.0,7.4,1.0,
38.0,Eric Ebron,25.0,IND,TE,16.0,8.0,110.0,66.0,750.0,11.4,13.0,39.0,51.8,53.0,4.1,46.9,60.0,6.8,1.0,PB
39.0,Mohamed Sanu,29.0,ATL,WR,16.0,16.0,94.0,66.0,838.0,12.7,4.0,40.0,61.7,44.0,4.1,52.4,70.2,8.9,2.0,
40.0,Sterling Shepard,25.0,NYG,WR,16.0,16.0,107.0,66.0,872.0,13.2,4.0,47.0,51.4,58.0,4.1,54.5,61.7,8.1,1.0,
41.0,Dede Westbrook,25.0,JAX,WR,16.0,9.0,101.0,66.0,717.0,10.9,5.0,40.0,50.5,61.0,4.1,44.8,65.3,7.1,3.0,
42.0,Cole Beasley,29.0,DAL,WR,16.0,4.0,87.0,65.0,672.0,10.3,3.0,39.0,59.8,32.0,4.1,42.0,74.7,7.7,0.0,
43.0,Corey Davis,23.0,TEN,WR,16.0,16.0,112.0,65.0,891.0,13.7,4.0,47.0,50.9,51.0,4.1,55.7,58.0,8.0,1.0,
44.0,Alshon Jeffery,28.0,PHI,WR,13.0,13.0,92.0,65.0,843.0,13.0,6.0,48.0,60.9,52.0,5.0,64.8,70.7,9.2,1.0,
45.0,Nelson Agholor,25.0,PHI,WR,16.0,16.0,97.0,64.0,736.0,11.5,4.0,28.0,45.4,83.0,4.0,46.0,66.0,7.6,1.0,
46.0,Calvin Ridley,24.0,ATL,WR,16.0,5.0,92.0,64.0,821.0,12.8,10.0,39.0,51.1,75.0,4.0,51.3,69.6,8.9,2.0,
47.0,Kyle Rudolph,29.0,MIN,TE,16.0,16.0,82.0,64.0,634.0,9.9,4.0,32.0,61.0,44.0,4.0,39.6,78.0,7.7,0.0,
48.0,Nyheim Hines,22.0,IND,RB,16.0,4.0,81.0,63.0,425.0,6.7,2.0,29.0,46.9,28.0,3.9,26.6,77.8,5.2,1.0,
49.0,Jordy Nelson,33.0,OAK,WR,15.0,14.0,88.0,63.0,739.0,11.7,3.0,36.0,60.2,66.0,4.2,49.3,71.6,8.4,1.0,
50.0,Willie Snead,26.0,BAL,WR,16.0,10.0,95.0,62.0,651.0,10.5,1.0,37.0,50.5,28.0,3.9,40.7,65.3,6.9,0.0,
51.0,Theo Riddick,27.0,DET,RB,14.0,3.0,74.0,61.0,384.0,6.3,0.0,16.0,39.2,20.0,4.4,27.4,82.4,5.2,0.0,
52.0,Danny Amendola,33.0,MIA,WR,15.0,15.0,79.0,59.0,575.0,9.7,1.0,27.0,54.4,39.0,3.9,38.3,74.7,7.3,2.0,
53.0,Chris Godwin,22.0,TAM,WR,16.0,5.0,95.0,59.0,842.0,14.3,7.0,48.0,58.9,48.0,3.7,52.6,62.1,8.9,4.0,
54.0,Todd Gurley,24.0,LAR,RB,14.0,14.0,81.0,59.0,580.0,9.8,4.0,26.0,53.1,56.0,4.2,41.4,72.8,7.2,1.0,"PB,AP-1,AP OPoY-3"
55.0,Dion Lewis,28.0,TEN,RB,16.0,7.0,67.0,59.0,400.0,6.8,1.0,13.0,41.8,37.0,3.7,25.0,88.1,6.0,1.0,
56.0,Demaryius Thomas,31.0,2TM,WR,15.0,15.0,89.0,59.0,677.0,11.5,5.0,36.0,49.4,45.0,3.9,45.1,66.3,7.6,0.0,
56.0,Demaryius Thomas,31.0,DEN,WR,8.0,8.0,56.0,36.0,402.0,11.2,3.0,21.0,50.0,45.0,4.5,50.3,64.3,7.2,0.0,
56.0,Demaryius Thomas,31.0,HOU,WR,7.0,7.0,33.0,23.0,275.0,12.0,2.0,15.0,48.5,31.0,3.3,39.3,69.7,8.3,0.0,
57.0,Tyler Lockett,26.0,SEA,WR,16.0,14.0,70.0,57.0,965.0,16.9,10.0,37.0,65.7,52.0,3.6,60.3,81.4,13.8,2.0,
58.0,Zay Jones,23.0,BUF,WR,16.0,15.0,102.0,56.0,652.0,11.6,7.0,33.0,42.2,57.0,3.5,40.8,54.9,6.4,1.0,
59.0,David Njoku,22.0,CLE,TE,16.0,14.0,88.0,56.0,639.0,11.4,4.0,27.0,45.5,66.0,3.5,39.9,63.6,7.3,0.0,
60.0,James Conner,23.0,PIT,RB,13.0,12.0,71.0,55.0,497.0,9.0,1.0,20.0,52.1,29.0,4.2,38.2,77.5,7.0,4.0,PB
61.0,Jimmy Graham,32.0,GNB,TE,16.0,12.0,89.0,55.0,636.0,11.6,2.0,32.0,47.2,54.0,3.4,39.8,61.8,7.1,0.0,
62.0,D.J. Moore,21.0,CAR,WR,16.0,10.0,82.0,55.0,788.0,14.3,2.0,33.0,53.7,82.0,3.4,49.3,67.1,9.6,4.0,
63.0,Allen Robinson,25.0,CHI,WR,13.0,12.0,94.0,55.0,754.0,13.7,4.0,36.0,52.1,43.0,4.2,58.0,58.5,8.0,1.0,
64.0,T.J. Yeldon,25.0,JAX,RB,14.0,5.0,78.0,55.0,487.0,8.9,4.0,20.0,46.2,37.0,3.9,34.8,70.5,6.2,1.0,
65.0,Trey Burton,27.0,CHI,TE,16.0,16.0,76.0,54.0,569.0,10.5,6.0,29.0,57.9,47.0,3.4,35.6,71.1,7.5,1.0,
66.0,Michael Crabtree,31.0,BAL,WR,16.0,16.0,100.0,54.0,607.0,11.2,3.0,35.0,47.0,27.0,3.4,37.9,54.0,6.1,0.0,
67.0,Jordan Reed,28.0,WAS,TE,13.0,8.0,84.0,54.0,558.0,10.3,2.0,26.0,50.0,34.0,4.2,42.9,64.3,6.6,1.0,
68.0,Kenyan Drake,24.0,MIA,RB,16.0,7.0,73.0,53.0,477.0,9.0,5.0,23.0,45.2,52.0,3.3,29.8,72.6,6.5,2.0,
69.0,Chester Rogers,24.0,IND,WR,16.0,10.0,72.0,53.0,485.0,9.2,2.0,28.0,54.2,34.0,3.3,30.3,73.6,6.7,1.0,
70.0,Doug Baldwin,30.0,SEA,WR,13.0,13.0,73.0,50.0,618.0,12.4,5.0,32.0,54.8,42.0,3.8,47.5,68.5,8.5,0.0,
71.0,Robbie Chosen,25.0,NYJ,WR,14.0,9.0,94.0,50.0,752.0,15.0,6.0,30.0,46.8,76.0,3.6,53.7,53.2,8.0,2.0,
72.0,Melvin Gordon,25.0,LAC,RB,12.0,12.0,66.0,50.0,490.0,9.8,4.0,21.0,48.5,66.0,4.2,40.8,75.8,7.4,1.0,PB
73.0,David Johnson,27.0,ARI,RB,16.0,16.0,76.0,50.0,446.0,8.9,3.0,22.0,34.2,40.0,3.1,27.9,65.8,5.9,3.0,
74.0,Vance McDonald,28.0,PIT,TE,15.0,14.0,72.0,50.0,610.0,12.2,4.0,33.0,55.6,75.0,3.3,40.7,69.4,8.5,2.0,
75.0,Donte Moncrief,25.0,JAX,WR,16.0,14.0,89.0,48.0,668.0,13.9,3.0,28.0,50.6,80.0,3.0,41.8,53.9,7.5,1.0,
76.0,Rob Gronkowski,29.0,NWE,TE,13.0,11.0,72.0,47.0,682.0,14.5,3.0,34.0,62.5,42.0,3.6,52.5,65.3,9.5,1.0,
77.0,Duke Johnson,25.0,CLE,RB,16.0,2.0,62.0,47.0,429.0,9.1,3.0,25.0,46.8,32.0,2.9,26.8,75.8,6.9,1.0,
78.0,A.J. Green,30.0,CIN,WR,9.0,9.0,77.0,46.0,694.0,15.1,6.0,37.0,57.1,38.0,5.1,77.1,59.7,9.0,2.0,
79.0,Evan Engram,24.0,NYG,TE,11.0,8.0,64.0,45.0,577.0,12.8,3.0,22.0,43.8,54.0,4.1,52.5,70.3,9.0,0.0,
80.0,Seth Roberts,27.0,OAK,WR,15.0,7.0,64.0,45.0,494.0,11.0,2.0,24.0,53.1,44.0,3.0,32.9,70.3,7.7,0.0,
81.0,Josh Doctson,26.0,WAS,WR,15.0,12.0,78.0,44.0,532.0,12.1,2.0,31.0,51.3,32.0,2.9,35.5,56.4,6.8,0.0,
82.0,Devin Funchess,24.0,CAR,WR,14.0,12.0,79.0,44.0,549.0,12.5,4.0,35.0,50.6,27.0,3.1,39.2,55.7,6.9,0.0,
83.0,Antonio Callaway,21.0,CLE,WR,16.0,11.0,79.0,43.0,586.0,13.6,5.0,27.0,44.3,71.0,2.7,36.6,54.4,7.4,1.0,
84.0,Christian Kirk,22.0,ARI,WR,12.0,7.0,68.0,43.0,590.0,13.7,3.0,21.0,44.1,75.0,3.6,49.2,63.2,8.7,0.0,
85.0,Joe Mixon,22.0,CIN,RB,14.0,13.0,55.0,43.0,296.0,6.9,1.0,14.0,50.9,21.0,3.1,21.1,78.2,5.4,0.0,
86.0,C.J. Uzomah,25.0,CIN,TE,16.0,15.0,64.0,43.0,439.0,10.2,3.0,21.0,57.8,29.0,2.7,27.4,67.2,6.9,0.0,
87.0,Mike Williams,24.0,LAC,WR,16.0,5.0,66.0,43.0,664.0,15.4,10.0,36.0,59.1,55.0,2.7,41.5,65.2,10.1,0.0,
88.0,Jarius Wright,29.0,CAR,WR,16.0,6.0,59.0,43.0,447.0,10.4,1.0,24.0,57.6,33.0,2.7,27.9,72.9,7.6,3.0,
89.0,Kendrick Bourne,23.0,SFO,WR,16.0,8.0,66.0,42.0,487.0,11.6,4.0,30.0,54.5,33.0,2.6,30.4,63.6,7.4,1.0,
90.0,John Brown,28.0,BAL,WR,16.0,15.0,97.0,42.0,715.0,17.0,5.0,28.0,38.1,71.0,2.6,44.7,43.3,7.4,0.0,
91.0,Courtland Sutton,23.0,DEN,WR,16.0,9.0,84.0,42.0,704.0,16.8,4.0,30.0,45.2,42.0,2.6,44.0,50.0,8.4,0.0,
92.0,DeSean Jackson,32.0,TAM,WR,12.0,10.0,74.0,41.0,774.0,18.9,4.0,31.0,51.4,75.0,3.4,64.5,55.4,10.5,0.0,
93.0,Chris Thompson,28.0,WAS,RB,10.0,0.0,55.0,41.0,268.0,6.5,1.0,12.0,40.0,23.0,4.1,26.8,74.5,4.9,1.0,
94.0,Tyrell Williams,26.0,LAC,WR,16.0,10.0,65.0,41.0,653.0,15.9,5.0,30.0,53.8,75.0,2.6,40.8,63.1,10.0,2.0,
95.0,Josh Gordon,27.0,2TM,WR,12.0,12.0,71.0,41.0,737.0,18.0,4.0,30.0,52.1,55.0,3.4,61.4,57.7,10.4,0.0,
95.0,Josh Gordon,27.0,CLE,WR,1.0,1.0,3.0,1.0,17.0,17.0,1.0,1.0,33.3,17.0,1.0,17.0,33.3,5.7,0.0,
95.0,Josh Gordon,27.0,NWE,WR,11.0,11.0,68.0,40.0,720.0,18.0,3.0,29.0,52.9,55.0,3.6,65.5,58.8,10.6,0.0,
96.0,Dalvin Cook,23.0,MIN,RB,11.0,10.0,49.0,40.0,305.0,7.6,2.0,15.0,51.0,27.0,3.6,27.7,81.6,6.2,2.0,
97.0,Cooper Kupp,25.0,LAR,WR,8.0,8.0,55.0,40.0,566.0,14.2,6.0,25.0,60.0,70.0,5.0,70.8,72.7,10.3,0.0,
98.0,Sammy Watkins,25.0,KAN,WR,10.0,9.0,55.0,40.0,519.0,13.0,3.0,24.0,65.5,50.0,4.0,51.9,72.7,9.4,1.0,
99.0,Austin Ekeler,23.0,LAC,RB,14.0,3.0,53.0,39.0,404.0,10.4,3.0,18.0,52.8,44.0,2.8,28.9,73.6,7.6,1.0,
100.0,Chris Herndon,22.0,NYJ,TE,16.0,12.0,56.0,39.0,502.0,12.9,4.0,25.0,60.7,32.0,2.4,31.4,69.6,9.0,2.0,
101.0,Rashard Higgins,24.0,CLE,WR,13.0,1.0,53.0,39.0,572.0,14.7,4.0,27.0,64.2,40.0,3.0,44.0,73.6,10.8,2.0,
102.0,Curtis Samuel,22.0,CAR,WR,13.0,8.0,65.0,39.0,494.0,12.7,5.0,24.0,49.2,53.0,3.0,38.0,60.0,7.6,1.0,
103.0,Devontae Booker,26.0,DEN,RB,16.0,0.0,51.0,38.0,275.0,7.2,0.0,9.0,51.0,30.0,2.4,17.2,74.5,5.4,1.0,
104.0,Randall Cobb,28.0,GNB,WR,9.0,6.0,61.0,38.0,383.0,10.1,2.0,18.0,45.9,75.0,4.2,42.6,62.3,6.3,2.0,
105.0,Keelan Cole,25.0,JAX,WR,16.0,11.0,70.0,38.0,491.0,12.9,1.0,25.0,52.9,35.0,2.4,30.7,54.3,7.0,2.0,
106.0,Quincy Enunwa,26.0,NYJ,WR,11.0,10.0,68.0,38.0,449.0,11.8,1.0,22.0,42.6,42.0,3.5,40.8,55.9,6.6,2.0,
107.0,Jacquizz Rodgers,28.0,TAM,RB,16.0,0.0,45.0,38.0,304.0,8.0,0.0,13.0,55.6,24.0,2.4,19.0,84.4,6.8,1.0,
108.0,Marquez Valdes-Scantling,24.0,GNB,WR,16.0,10.0,73.0,38.0,581.0,15.3,2.0,23.0,43.8,60.0,2.4,36.3,52.1,8.0,0.0,
109.0,Jermaine Kearse,28.0,NYJ,WR,14.0,9.0,76.0,37.0,371.0,10.0,1.0,20.0,39.5,29.0,2.6,26.5,48.7,4.9,0.0,
110.0,Kenny Stills,26.0,MIA,WR,15.0,15.0,64.0,37.0,553.0,14.9,6.0,27.0,53.1,75.0,2.5,36.9,57.8,8.6,1.0,
111.0,Taywan Taylor,23.0,TEN,WR,13.0,5.0,56.0,37.0,466.0,12.6,1.0,19.0,57.1,55.0,2.8,35.8,66.1,8.3,1.0,
112.0,Ryan Switzer,24.0,PIT,WR,16.0,1.0,44.0,36.0,253.0,7.0,1.0,15.0,50.0,24.0,2.3,15.8,81.8,5.8,2.0,
113.0,Ian Thomas,22.0,CAR,TE,16.0,6.0,49.0,36.0,333.0,9.3,2.0,20.0,53.1,31.0,2.3,20.8,73.5,6.8,0.0,
114.0,Javorius Allen,27.0,BAL,RB,14.0,0.0,43.0,35.0,196.0,5.6,2.0,11.0,44.2,17.0,2.5,14.0,81.4,4.6,1.0,
115.0,Giovani Bernard,27.0,CIN,RB,12.0,4.0,48.0,35.0,218.0,6.2,0.0,8.0,41.7,26.0,2.9,18.2,72.9,4.5,0.0,
116.0,Ryan Grant,28.0,IND,WR,14.0,10.0,52.0,35.0,334.0,9.5,1.0,18.0,57.7,23.0,2.5,23.9,67.3,6.4,0.0,
117.0,Chris Hogan,31.0,NWE,WR,16.0,7.0,55.0,35.0,532.0,15.2,3.0,22.0,56.4,63.0,2.2,33.3,63.6,9.7,0.0,
118.0,Marvin Jones,28.0,DET,WR,9.0,9.0,62.0,35.0,508.0,14.5,5.0,27.0,51.6,39.0,3.9,56.4,56.5,8.2,0.0,
119.0,Phillip Lindsay,24.0,DEN,RB,15.0,8.0,47.0,35.0,241.0,6.9,1.0,12.0,44.7,29.0,2.3,16.1,74.5,5.1,0.0,PB
120.0,Laquon Treadwell,23.0,MIN,WR,15.0,7.0,53.0,35.0,302.0,8.6,1.0,16.0,45.3,22.0,2.3,20.1,66.0,5.7,0.0,
121.0,Ben Watson,38.0,NOR,TE,16.0,4.0,46.0,35.0,400.0,11.4,2.0,21.0,63.0,32.0,2.2,25.0,76.1,8.7,0.0,
122.0,Mark Andrews,23.0,BAL,TE,16.0,3.0,50.0,34.0,552.0,16.2,3.0,28.0,64.0,74.0,2.1,34.5,68.0,11.0,0.0,
123.0,Mike Davis,25.0,SEA,RB,15.0,2.0,42.0,34.0,214.0,6.3,1.0,10.0,47.6,18.0,2.3,14.3,81.0,5.1,0.0,
124.0,O.J. Howard,24.0,TAM,TE,10.0,8.0,48.0,34.0,565.0,16.6,5.0,28.0,64.6,75.0,3.4,56.5,70.8,11.8,0.0,
125.0,LeSean McCoy,30.0,BUF,RB,14.0,13.0,46.0,34.0,238.0,7.0,0.0,10.0,37.0,24.0,2.4,17.0,73.9,5.2,0.0,
126.0,Ricky Seals-Jones,23.0,ARI,TE,15.0,5.0,69.0,34.0,343.0,10.1,1.0,14.0,39.1,40.0,2.3,22.9,49.3,5.0,0.0,
127.0,Gerald Everett,24.0,LAR,TE,16.0,0.0,50.0,33.0,320.0,9.7,3.0,16.0,48.0,40.0,2.1,20.0,66.0,6.4,0.0,
128.0,Michael Gallup,22.0,DAL,WR,16.0,8.0,68.0,33.0,507.0,15.4,2.0,21.0,41.2,49.0,2.1,31.7,48.5,7.5,0.0,
129.0,Dallas Goedert,23.0,PHI,TE,16.0,8.0,44.0,33.0,334.0,10.1,4.0,15.0,59.1,32.0,2.1,20.9,75.0,7.6,0.0,
130.0,Anthony Miller,24.0,CHI,WR,15.0,4.0,54.0,33.0,423.0,12.8,7.0,19.0,50.0,55.0,2.2,28.2,61.1,7.8,1.0,
131.0,Tevin Coleman,25.0,ATL,RB,16.0,14.0,44.0,32.0,276.0,8.6,5.0,15.0,52.3,39.0,2.0,17.3,72.7,6.3,2.0,
132.0,Chris Conley,26.0,KAN,WR,16.0,13.0,52.0,32.0,334.0,10.4,5.0,18.0,55.8,27.0,2.0,20.9,61.5,6.4,2.0,
133.0,Phillip Dorsett,25.0,NWE,WR,16.0,2.0,42.0,32.0,290.0,9.1,3.0,14.0,59.5,20.0,2.0,18.1,76.2,6.9,0.0,
134.0,Will Fuller,24.0,HOU,WR,7.0,7.0,45.0,32.0,503.0,15.7,4.0,22.0,60.0,73.0,4.6,71.9,71.1,11.2,0.0,
135.0,Kerryon Johnson,21.0,DET,RB,10.0,7.0,39.0,32.0,213.0,6.7,1.0,11.0,53.8,24.0,3.2,21.3,82.1,5.5,1.0,
136.0,Jeff Heuerman,26.0,DEN,TE,11.0,10.0,48.0,31.0,281.0,9.1,2.0,14.0,54.2,36.0,2.8,25.5,64.6,5.9,0.0,
137.0,Bruce Ellington,27.0,2TM,WR,7.0,3.0,42.0,31.0,224.0,7.2,1.0,14.0,40.5,23.0,4.4,32.0,73.8,5.3,1.0,
137.0,Bruce Ellington,27.0,HOU,WR,3.0,1.0,12.0,8.0,92.0,11.5,1.0,5.0,50.0,23.0,2.7,30.7,66.7,7.7,0.0,
137.0,Bruce Ellington,27.0,DET,WR,4.0,2.0,30.0,23.0,132.0,5.7,0.0,9.0,36.7,21.0,5.8,33.0,76.7,4.4,1.0,
138.0,Cameron Brate,27.0,TAM,TE,16.0,2.0,49.0,30.0,289.0,9.6,6.0,18.0,49.0,21.0,1.9,18.1,61.2,5.9,1.0,
139.0,DaeSean Hamilton,23.0,DEN,WR,14.0,5.0,45.0,30.0,243.0,8.1,2.0,16.0,46.7,24.0,2.1,17.4,66.7,5.4,0.0,
140.0,Jesse James,24.0,PIT,TE,16.0,7.0,39.0,30.0,423.0,14.1,2.0,17.0,69.2,51.0,1.9,26.4,76.9,10.8,0.0,
141.0,Kyle Juszczyk,27.0,SFO,FB,16.0,14.0,41.0,30.0,324.0,10.8,1.0,15.0,51.2,56.0,1.9,20.3,73.2,7.9,2.0,PB
142.0,Jamison Crowder,25.0,WAS,WR,9.0,7.0,49.0,29.0,388.0,13.4,2.0,15.0,44.9,79.0,3.2,43.1,59.2,7.9,0.0,
143.0,Josh Reynolds,23.0,LAR,WR,16.0,8.0,53.0,29.0,402.0,13.9,5.0,23.0,47.2,33.0,1.8,25.1,54.7,7.6,0.0,
144.0,Nick Vannett,25.0,SEA,TE,15.0,9.0,43.0,29.0,269.0,9.3,3.0,17.0,58.1,32.0,1.9,17.9,67.4,6.3,1.0,
145.0,Keke Coutee,21.0,HOU,WR,6.0,2.0,41.0,28.0,287.0,10.3,1.0,13.0,48.8,40.0,4.7,47.8,68.3,7.0,0.0,
146.0,Antonio Gates,38.0,LAC,TE,16.0,1.0,45.0,28.0,333.0,11.9,2.0,19.0,53.3,27.0,1.8,20.8,62.2,7.4,1.0,
147.0,Maurice Harris,26.0,WAS,WR,12.0,7.0,47.0,28.0,304.0,10.9,0.0,12.0,40.4,42.0,2.3,25.3,59.6,6.5,1.0,
148.0,Dontrelle Inman,29.0,IND,WR,9.0,4.0,39.0,28.0,304.0,10.9,3.0,16.0,64.1,29.0,3.1,33.8,71.8,7.8,0.0,
149.0,Wendell Smallwood,24.0,PHI,RB,16.0,6.0,35.0,28.0,230.0,8.2,2.0,9.0,42.9,36.0,1.8,14.4,80.0,6.6,2.0,
150.0,Tre'Quan Smith,22.0,NOR,WR,15.0,7.0,44.0,28.0,427.0,15.3,5.0,23.0,61.4,62.0,1.9,28.5,63.6,9.7,0.0,
151.0,Matt Breida,23.0,SFO,RB,14.0,13.0,31.0,27.0,261.0,9.7,2.0,12.0,67.7,26.0,1.9,18.6,87.1,8.4,1.0,
152.0,Robert Foster,24.0,BUF,WR,13.0,3.0,44.0,27.0,541.0,20.0,3.0,20.0,52.3,75.0,2.1,41.6,61.4,12.3,0.0,
153.0,Blake Jarwin,24.0,DAL,TE,16.0,4.0,36.0,27.0,307.0,11.4,3.0,16.0,61.1,39.0,1.7,19.2,75.0,8.5,0.0,
154.0,Greg Olsen,33.0,CAR,TE,9.0,9.0,38.0,27.0,291.0,10.8,4.0,18.0,65.8,23.0,3.0,32.3,71.1,7.7,0.0,
155.0,Zach Pascal,24.0,IND,WR,16.0,4.0,46.0,27.0,268.0,9.9,2.0,15.0,47.8,28.0,1.7,16.8,58.7,5.8,0.0,
156.0,Dante Pettis,23.0,SFO,WR,12.0,7.0,45.0,27.0,467.0,17.3,5.0,19.0,44.4,75.0,2.3,38.9,60.0,10.4,2.0,
157.0,Ito Smith,23.0,ATL,RB,14.0,0.0,32.0,27.0,152.0,5.6,0.0,9.0,46.9,20.0,1.9,10.9,84.4,4.8,1.0,
158.0,Jamaal Williams,23.0,GNB,RB,16.0,8.0,41.0,27.0,210.0,7.8,0.0,11.0,48.8,26.0,1.7,13.1,65.9,5.1,0.0,
159.0,Jack Doyle,28.0,IND,TE,6.0,6.0,33.0,26.0,245.0,9.4,2.0,14.0,63.6,20.0,4.3,40.8,78.8,7.4,1.0,
160.0,Kareem Hunt,23.0,KAN,RB,11.0,11.0,35.0,26.0,378.0,14.5,7.0,16.0,62.9,67.0,2.4,34.4,74.3,10.8,0.0,
161.0,Aaron Jones,24.0,GNB,RB,12.0,8.0,35.0,26.0,206.0,7.9,1.0,12.0,51.4,24.0,2.2,17.2,74.3,5.9,1.0,
162.0,David Moore,23.0,SEA,WR,16.0,7.0,53.0,26.0,445.0,17.1,5.0,19.0,37.7,54.0,1.6,27.8,49.1,8.4,2.0,
163.0,Jaylen Samuels,22.0,PIT,RB,14.0,3.0,29.0,26.0,199.0,7.7,3.0,10.0,62.1,23.0,1.9,14.2,89.7,6.9,1.0,
164.0,Tajae Sharpe,24.0,TEN,WR,16.0,13.0,47.0,26.0,316.0,12.2,2.0,22.0,46.8,28.0,1.6,19.8,55.3,6.7,0.0,
165.0,Geoff Swaim,25.0,DAL,TE,9.0,9.0,32.0,26.0,242.0,9.3,1.0,11.0,46.9,43.0,2.9,26.9,81.3,7.6,0.0,
166.0,Trent Taylor,24.0,SFO,WR,14.0,0.0,41.0,26.0,215.0,8.3,1.0,11.0,41.5,23.0,1.9,15.4,63.4,5.2,1.0,
167.0,Albert Wilson,26.0,MIA,WR,7.0,3.0,35.0,26.0,391.0,15.0,4.0,11.0,45.7,75.0,3.7,55.9,74.3,11.2,0.0,
168.0,Vernon Davis,34.0,WAS,TE,14.0,8.0,36.0,25.0,367.0,14.7,2.0,15.0,52.8,53.0,1.8,26.2,69.4,10.2,0.0,
169.0,Rhett Ellison,30.0,NYG,TE,14.0,12.0,34.0,25.0,272.0,10.9,1.0,13.0,58.8,29.0,1.8,19.4,73.5,8.0,0.0,
170.0,Lamar Miller,27.0,HOU,RB,14.0,14.0,35.0,25.0,163.0,6.5,1.0,8.0,34.3,16.0,1.8,11.6,71.4,4.7,1.0,PB
171.0,Kelvin Benjamin,27.0,2TM,WR,15.0,10.0,67.0,25.0,380.0,15.2,1.0,16.0,32.8,40.0,1.7,25.3,37.3,5.7,0.0,
171.0,Kelvin Benjamin,27.0,BUF,WR,12.0,10.0,62.0,23.0,354.0,15.4,1.0,15.0,32.3,40.0,1.9,29.5,37.1,5.7,0.0,
171.0,Kelvin Benjamin,27.0,KAN,WR,3.0,0.0,5.0,2.0,26.0,13.0,0.0,1.0,40.0,17.0,0.7,8.7,40.0,5.2,0.0,
172.0,Ty Montgomery,25.0,2TM,WR,13.0,0.0,40.0,25.0,235.0,9.4,0.0,7.0,42.5,43.0,1.9,18.1,62.5,5.9,2.0,
172.0,Ty Montgomery,25.0,GNB,WR,7.0,0.0,23.0,15.0,170.0,11.3,0.0,5.0,43.5,43.0,2.1,24.3,65.2,7.4,2.0,
172.0,Ty Montgomery,25.0,BAL,WR,6.0,0.0,17.0,10.0,65.0,6.5,0.0,2.0,41.2,14.0,1.7,10.8,58.8,3.8,0.0,
173.0,Pierre Garcon,32.0,SFO,WR,8.0,8.0,46.0,24.0,286.0,11.9,1.0,14.0,45.7,25.0,3.0,35.8,52.2,6.2,0.0,
174.0,Ryan Griffin,28.0,HOU,TE,14.0,11.0,43.0,24.0,305.0,12.7,0.0,15.0,46.5,47.0,1.7,21.8,55.8,7.1,0.0,
175.0,Tyler Higbee,25.0,LAR,TE,16.0,16.0,34.0,24.0,292.0,12.2,2.0,16.0,64.7,36.0,1.5,18.3,70.6,8.6,1.0,
176.0,Matt LaCosse,26.0,DEN,TE,15.0,5.0,37.0,24.0,250.0,10.4,1.0,11.0,51.4,44.0,1.6,16.7,64.9,6.8,0.0,
177.0,James O'Shaughnessy,26.0,JAX,TE,14.0,9.0,38.0,24.0,214.0,8.9,0.0,10.0,44.7,17.0,1.7,15.3,63.2,5.6,0.0,
178.0,DeVante Parker,25.0,MIA,WR,11.0,7.0,47.0,24.0,309.0,12.9,1.0,14.0,36.2,46.0,2.2,28.1,51.1,6.6,0.0,
179.0,Nick Boyle,25.0,BAL,TE,16.0,13.0,37.0,23.0,213.0,9.3,0.0,10.0,51.4,25.0,1.4,13.3,62.2,5.8,0.0,
180.0,Marquise Goodwin,28.0,SFO,WR,11.0,8.0,43.0,23.0,395.0,17.2,4.0,19.0,53.5,67.0,2.1,35.9,53.5,9.2,1.0,
181.0,Tim Patrick,25.0,DEN,WR,16.0,4.0,41.0,23.0,315.0,13.7,1.0,15.0,43.9,26.0,1.4,19.7,56.1,7.7,2.0,
182.0,Damien Williams,26.0,KAN,RB,16.0,3.0,24.0,23.0,160.0,7.0,2.0,9.0,66.7,32.0,1.4,10.0,95.8,6.7,1.0,
183.0,Corey Clement,24.0,PHI,RB,11.0,0.0,25.0,22.0,192.0,8.7,0.0,10.0,56.0,23.0,2.0,17.5,88.0,7.7,4.0,
184.0,Jason Croom,24.0,BUF,TE,15.0,3.0,35.0,22.0,259.0,11.8,1.0,10.0,48.6,26.0,1.5,17.3,62.9,7.4,2.0,
185.0,Leonard Fournette,23.0,JAX,RB,8.0,8.0,26.0,22.0,185.0,8.4,1.0,10.0,50.0,31.0,2.8,23.1,84.6,7.1,0.0,
186.0,Mike Gesicki,23.0,MIA,TE,16.0,7.0,32.0,22.0,202.0,9.2,0.0,9.0,46.9,27.0,1.4,12.6,68.8,6.3,1.0,
187.0,Latavius Murray,28.0,MIN,RB,16.0,6.0,26.0,22.0,141.0,6.4,0.0,7.0,42.3,16.0,1.4,8.8,84.6,5.4,0.0,
188.0,Demarcus Robinson,24.0,KAN,WR,16.0,5.0,33.0,22.0,288.0,13.1,4.0,12.0,54.5,89.0,1.4,18.0,66.7,8.7,0.0,
189.0,DeAndre Carter,25.0,2TM,WR,14.0,4.0,25.0,22.0,216.0,9.8,0.0,10.0,52.0,50.0,1.6,15.4,88.0,8.6,5.0,
189.0,DeAndre Carter,25.0,PHI,WR,7.0,1.0,2.0,2.0,21.0,10.5,0.0,1.0,50.0,11.0,0.3,3.0,100.0,10.5,1.0,
189.0,DeAndre Carter,25.0,HOU,WR,7.0,3.0,23.0,20.0,195.0,9.8,0.0,9.0,52.2,50.0,2.9,27.9,87.0,8.5,4.0,
190.0,Charles Clay,29.0,BUF,TE,13.0,12.0,36.0,21.0,184.0,8.8,0.0,11.0,41.7,21.0,1.6,14.2,58.3,5.1,1.0,
191.0,Isaiah Crowell,25.0,NYJ,RB,13.0,6.0,28.0,21.0,152.0,7.2,0.0,7.0,46.4,21.0,1.6,11.7,75.0,5.4,0.0,
192.0,Jakeem Grant,26.0,MIA,WR,10.0,2.0,34.0,21.0,268.0,12.8,2.0,13.0,50.0,52.0,2.1,26.8,61.8,7.9,0.0,
193.0,Mark Ingram,29.0,NOR,RB,12.0,6.0,27.0,21.0,170.0,8.1,1.0,5.0,37.0,28.0,1.8,14.2,77.8,6.3,3.0,
194.0,Cordarrelle Patterson,27.0,NWE,WR,15.0,5.0,28.0,21.0,247.0,11.8,3.0,11.0,50.0,55.0,1.4,16.5,75.0,8.8,1.0,AP-2
195.0,John Ross,23.0,CIN,WR,13.0,10.0,58.0,21.0,210.0,10.0,7.0,13.0,25.9,39.0,1.6,16.2,36.2,3.6,0.0,
196.0,Equanimeous St. Brown,22.0,GNB,WR,12.0,7.0,36.0,21.0,328.0,15.6,0.0,13.0,47.2,54.0,1.8,27.3,58.3,9.1,0.0,
197.0,Levine Toilolo,27.0,DET,TE,16.0,10.0,24.0,21.0,263.0,12.5,1.0,15.0,75.0,39.0,1.3,16.4,87.5,11.0,0.0,
198.0,Geronimo Allison,24.0,GNB,WR,5.0,4.0,30.0,20.0,303.0,15.2,2.0,11.0,56.7,64.0,4.0,60.6,66.7,10.1,1.0,
199.0,Peyton Barber,24.0,TAM,RB,16.0,16.0,29.0,20.0,92.0,4.6,1.0,4.0,34.5,10.0,1.3,5.8,69.0,3.2,1.0,
200.0,Alfred Blue,27.0,HOU,RB,16.0,2.0,27.0,20.0,154.0,7.7,0.0,4.0,48.1,28.0,1.3,9.6,74.1,5.7,0.0,
201.0,Chris Carson,24.0,SEA,RB,14.0,14.0,24.0,20.0,163.0,8.2,0.0,7.0,50.0,27.0,1.4,11.6,83.3,6.8,3.0,
202.0,Nick Chubb,23.0,CLE,RB,16.0,9.0,29.0,20.0,149.0,7.5,2.0,5.0,41.4,24.0,1.3,9.3,69.0,5.1,0.0,
203.0,Chase Edmonds,22.0,ARI,RB,16.0,0.0,23.0,20.0,103.0,5.2,0.0,5.0,39.1,13.0,1.3,6.4,87.0,4.5,1.0,
204.0,Alex Erickson,26.0,CIN,WR,16.0,6.0,29.0,20.0,167.0,8.4,0.0,7.0,44.8,28.0,1.3,10.4,69.0,5.8,1.0,
205.0,Jordan Howard,24.0,CHI,RB,16.0,15.0,26.0,20.0,145.0,7.3,0.0,7.0,42.3,18.0,1.3,9.1,76.9,5.6,2.0,
206.0,Allen Hurns,27.0,DAL,WR,16.0,7.0,35.0,20.0,295.0,14.8,2.0,11.0,54.3,49.0,1.3,18.4,57.1,8.4,1.0,
207.0,Jordan Matthews,26.0,PHI,WR,14.0,3.0,28.0,20.0,300.0,15.0,2.0,14.0,57.1,56.0,1.4,21.4,71.4,10.7,0.0,
208.0,Adrian Peterson,33.0,WAS,RB,16.0,16.0,26.0,20.0,208.0,10.4,1.0,9.0,50.0,52.0,1.3,13.0,76.9,8.0,3.0,AP CPoY-3
209.0,Paul Richardson,26.0,WAS,WR,7.0,4.0,35.0,20.0,262.0,13.1,2.0,12.0,48.6,46.0,2.9,37.4,57.1,7.5,0.0,
210.0,Jonnu Smith,23.0,TEN,TE,13.0,12.0,30.0,20.0,258.0,12.9,3.0,10.0,56.7,61.0,1.5,19.8,66.7,8.6,1.0,
211.0,Jordan Thomas,22.0,HOU,TE,16.0,10.0,27.0,20.0,215.0,10.8,4.0,12.0,55.6,39.0,1.3,13.4,74.1,8.0,0.0,
212.0,Spencer Ware,27.0,KAN,RB,13.0,2.0,23.0,20.0,224.0,11.2,0.0,9.0,56.5,31.0,1.5,17.2,87.0,9.7,0.0,
213.0,Martavis Bryant,27.0,OAK,WR,8.0,2.0,27.0,19.0,266.0,14.0,0.0,10.0,59.3,47.0,2.4,33.3,70.4,9.9,1.0,
214.0,Anthony Firkser,23.0,TEN,FB,12.0,0.0,20.0,19.0,225.0,11.8,1.0,11.0,75.0,28.0,1.6,18.8,95.0,11.3,0.0,
215.0,Virgil Green,30.0,LAC,TE,16.0,16.0,27.0,19.0,210.0,11.1,1.0,10.0,59.3,26.0,1.2,13.1,70.4,7.8,0.0,
216.0,T.J. Jones,26.0,DET,WR,15.0,3.0,26.0,19.0,190.0,10.0,2.0,10.0,61.5,26.0,1.3,12.7,73.1,7.3,0.0,
217.0,Lance Kendricks,30.0,GNB,TE,16.0,3.0,25.0,19.0,170.0,8.9,1.0,9.0,64.0,22.0,1.2,10.6,76.0,6.8,0.0,
218.0,Elijah McGuire,24.0,NYJ,RB,8.0,3.0,31.0,19.0,193.0,10.2,1.0,10.0,51.6,20.0,2.4,24.1,61.3,6.2,2.0,
219.0,Chris Moore,25.0,BAL,WR,16.0,0.0,25.0,19.0,196.0,10.3,1.0,8.0,48.0,30.0,1.2,12.3,76.0,7.8,0.0,
220.0,Trent Sherfield,22.0,ARI,WR,13.0,2.0,28.0,19.0,210.0,11.1,1.0,11.0,57.1,21.0,1.5,16.2,67.9,7.5,0.0,
221.0,Doug Martin,29.0,OAK,RB,16.0,9.0,24.0,18.0,116.0,6.4,0.0,6.0,41.7,23.0,1.1,7.3,75.0,4.8,3.0,
222.0,Isaiah McKenzie,23.0,BUF,WR,7.0,1.0,30.0,18.0,179.0,9.9,0.0,10.0,46.7,23.0,2.6,25.6,60.0,6.0,2.0,
223.0,Jordan Akins,26.0,HOU,TE,16.0,6.0,25.0,17.0,225.0,13.2,0.0,11.0,52.0,28.0,1.1,14.1,68.0,9.0,0.0,
224.0,Trenton Cannon,24.0,NYJ,RB,16.0,0.0,25.0,17.0,144.0,8.5,0.0,4.0,40.0,35.0,1.1,9.0,68.0,5.8,0.0,
225.0,Ted Ginn Jr.,33.0,NOR,WR,5.0,3.0,30.0,17.0,209.0,12.3,2.0,10.0,50.0,42.0,3.4,41.8,56.7,7.0,1.0,
226.0,Marlon Mack,22.0,IND,RB,12.0,10.0,26.0,17.0,103.0,6.1,1.0,3.0,50.0,29.0,1.4,8.6,65.4,4.0,2.0,
227.0,Aldrick Robinson,30.0,MIN,WR,14.0,0.0,35.0,17.0,231.0,13.6,5.0,12.0,48.6,40.0,1.2,16.5,48.6,6.6,0.0,
228.0,Torrey Smith,29.0,CAR,WR,11.0,6.0,31.0,17.0,190.0,11.2,2.0,12.0,48.4,35.0,1.5,17.3,54.8,6.1,0.0,
229.0,Chad Williams,24.0,ARI,WR,10.0,7.0,46.0,17.0,171.0,10.1,1.0,9.0,30.4,22.0,1.7,17.1,37.0,3.7,0.0,
230.0,Deonte Thompson,29.0,2TM,WR,13.0,6.0,30.0,17.0,161.0,9.5,0.0,10.0,50.0,15.0,1.3,12.4,56.7,5.4,0.0,
230.0,Deonte Thompson,29.0,DAL,WR,8.0,4.0,20.0,14.0,124.0,8.9,0.0,7.0,60.0,15.0,1.8,15.5,70.0,6.2,0.0,
230.0,Deonte Thompson,29.0,BUF,WR,5.0,2.0,10.0,3.0,37.0,12.3,0.0,3.0,30.0,14.0,0.6,7.4,30.0,3.7,0.0,
231.0,Bennie Fowler,27.0,NYG,WR,10.0,5.0,27.0,16.0,199.0,12.4,1.0,11.0,44.4,26.0,1.6,19.9,59.3,7.4,1.0,
232.0,Josh Hill,28.0,NOR,TE,16.0,11.0,24.0,16.0,185.0,11.6,1.0,11.0,58.3,23.0,1.0,11.6,66.7,7.7,0.0,
233.0,Breshad Perriman,25.0,CLE,WR,10.0,2.0,25.0,16.0,340.0,21.3,2.0,13.0,56.0,66.0,1.6,34.0,64.0,13.6,0.0,
234.0,James Washington,22.0,PIT,WR,14.0,6.0,38.0,16.0,217.0,13.6,1.0,11.0,42.1,47.0,1.1,15.5,42.1,5.7,0.0,
235.0,Jordan Wilkins,24.0,IND,RB,16.0,3.0,17.0,16.0,85.0,5.3,0.0,2.0,64.7,17.0,1.0,5.3,94.1,5.0,2.0,
236.0,Maxx Williams,24.0,BAL,TE,13.0,6.0,17.0,16.0,143.0,8.9,1.0,7.0,58.8,25.0,1.2,11.0,94.1,8.4,0.0,
237.0,Terrelle Pryor,29.0,2TM,WR,8.0,1.0,30.0,16.0,252.0,15.8,2.0,11.0,50.0,44.0,2.0,31.5,53.3,8.4,0.0,
237.0,Terrelle Pryor,29.0,NYJ,WR,6.0,0.0,22.0,14.0,235.0,16.8,2.0,11.0,59.1,44.0,2.3,39.2,63.6,10.7,0.0,
237.0,Terrelle Pryor,29.0,BUF,WR,2.0,1.0,8.0,2.0,17.0,8.5,0.0,0.0,25.0,11.0,1.0,8.5,25.0,2.1,0.0,
238.0,Kapri Bibbs,25.0,2TM,RB,12.0,0.0,23.0,16.0,115.0,7.2,1.0,4.0,43.5,23.0,1.3,9.6,69.6,5.0,1.0,
238.0,Kapri Bibbs,25.0,WAS,RB,10.0,0.0,18.0,13.0,102.0,7.8,1.0,4.0,38.9,23.0,1.3,10.2,72.2,5.7,1.0,
238.0,Kapri Bibbs,25.0,GNB,RB,2.0,0.0,5.0,3.0,13.0,4.3,0.0,0.0,60.0,5.0,1.5,6.5,60.0,2.6,0.0,
239.0,Marcell Ateman,24.0,OAK,WR,7.0,6.0,31.0,15.0,154.0,10.3,1.0,7.0,35.5,32.0,2.1,22.0,48.4,5.0,0.0,
240.0,Alex Collins,24.0,BAL,RB,10.0,10.0,21.0,15.0,105.0,7.0,1.0,6.0,52.4,24.0,1.5,10.5,71.4,5.0,3.0,
241.0,Tyler Eifert,28.0,CIN,TE,4.0,2.0,19.0,15.0,179.0,11.9,1.0,10.0,63.2,29.0,3.8,44.8,78.9,9.4,0.0,
242.0,Derrick Henry,24.0,TEN,RB,16.0,12.0,18.0,15.0,99.0,6.6,0.0,4.0,44.4,21.0,0.9,6.2,83.3,5.5,1.0,
243.0,Justin Jackson,22.0,LAC,RB,13.0,1.0,19.0,15.0,135.0,9.0,0.0,5.0,47.4,19.0,1.2,10.4,78.9,7.1,0.0,
244.0,Marshawn Lynch,32.0,OAK,RB,6.0,6.0,20.0,15.0,84.0,5.6,0.0,6.0,40.0,17.0,2.5,14.0,75.0,4.2,0.0,
245.0,Darren Sproles,35.0,PHI,RB,6.0,2.0,23.0,15.0,160.0,10.7,2.0,6.0,34.8,37.0,2.5,26.7,65.2,7.0,0.0,
246.0,Luke Stocker,30.0,TEN,TE,16.0,11.0,21.0,15.0,165.0,11.0,2.0,10.0,57.1,31.0,0.9,10.3,71.4,7.9,0.0,
247.0,Josh Bellamy,29.0,CHI,WR,16.0,2.0,25.0,14.0,117.0,8.4,1.0,8.0,48.0,20.0,0.9,7.3,56.0,4.7,0.0,
248.0,Jaron Brown,28.0,SEA,WR,16.0,2.0,19.0,14.0,166.0,11.9,5.0,9.0,63.2,45.0,0.9,10.4,73.7,8.7,0.0,
249.0,Rex Burkhead,28.0,NWE,RB,8.0,4.0,20.0,14.0,131.0,9.4,1.0,4.0,55.0,25.0,1.8,16.4,70.0,6.6,2.0,
250.0,DJ Chark,22.0,JAX,WR,11.0,0.0,32.0,14.0,174.0,12.4,0.0,6.0,40.6,38.0,1.3,15.8,43.8,5.4,1.0,
251.0,Royce Freeman,22.0,DEN,RB,14.0,8.0,20.0,14.0,72.0,5.1,0.0,2.0,45.0,9.0,1.0,5.1,70.0,3.6,1.0,
252.0,Wayne Gallman,24.0,NYG,RB,15.0,1.0,22.0,14.0,89.0,6.4,0.0,5.0,31.8,21.0,0.9,5.9,63.6,4.0,2.0,
253.0,Justin Hardy,27.0,ATL,WR,16.0,0.0,22.0,14.0,133.0,9.5,2.0,8.0,59.1,19.0,0.9,8.3,63.6,6.0,1.0,
254.0,Jordan Leggett,23.0,NYJ,TE,15.0,4.0,24.0,14.0,114.0,8.1,1.0,6.0,54.2,16.0,0.9,7.6,58.3,4.8,0.0,
255.0,Cody Core,24.0,CIN,WR,14.0,3.0,28.0,13.0,160.0,12.3,1.0,7.0,42.9,30.0,0.9,11.4,46.4,5.7,0.0,
256.0,Hayden Hurst,25.0,BAL,TE,12.0,0.0,23.0,13.0,163.0,12.5,1.0,8.0,39.1,32.0,1.1,13.6,56.5,7.1,0.0,
257.0,Chris Ivory,30.0,BUF,RB,13.0,1.0,21.0,13.0,205.0,15.8,0.0,7.0,47.6,55.0,1.0,15.8,61.9,9.8,1.0,
258.0,Keith Kirkwood,24.0,NOR,WR,8.0,1.0,21.0,13.0,209.0,16.1,2.0,10.0,57.1,42.0,1.6,26.1,61.9,10.0,0.0,
259.0,Damion Ratley,23.0,CLE,WR,13.0,3.0,20.0,13.0,144.0,11.1,0.0,5.0,55.0,27.0,1.0,11.1,65.0,7.2,0.0,
260.0,Luke Willson,28.0,DET,TE,14.0,8.0,19.0,13.0,87.0,6.7,0.0,5.0,52.6,13.0,0.9,6.2,68.4,4.6,0.0,
261.0,Andre Holmes,30.0,2TM,WR,15.0,3.0,24.0,13.0,162.0,12.5,0.0,8.0,37.5,24.0,0.9,10.8,54.2,6.8,0.0,
261.0,Andre Holmes,30.0,BUF,WR,12.0,3.0,23.0,12.0,157.0,13.1,0.0,7.0,34.8,24.0,1.0,13.1,52.2,6.8,0.0,
261.0,Andre Holmes,30.0,DEN,WR,3.0,0.0,1.0,1.0,5.0,5.0,0.0,1.0,100.0,5.0,0.3,1.7,100.0,5.0,0.0,
262.0,Dan Arnold,23.0,NOR,WR,10.0,1.0,19.0,12.0,150.0,12.5,1.0,9.0,57.9,25.0,1.2,15.0,63.2,7.9,1.0,
263.0,Travis Benjamin,29.0,LAC,WR,12.0,3.0,24.0,12.0,186.0,15.5,1.0,9.0,37.5,46.0,1.0,15.5,50.0,7.8,0.0,
264.0,James Develin,30.0,NWE,FB,16.0,8.0,17.0,12.0,61.0,5.1,0.0,3.0,35.3,11.0,0.8,3.8,70.6,3.6,0.0,
265.0,Ed Dickson,31.0,SEA,TE,10.0,1.0,13.0,12.0,143.0,11.9,3.0,6.0,76.9,42.0,1.2,14.3,92.3,11.0,0.0,
266.0,Frank Gore,35.0,MIA,RB,14.0,14.0,16.0,12.0,124.0,10.3,1.0,8.0,68.8,24.0,0.9,8.9,75.0,7.8,1.0,
267.0,Demetrius Harris,27.0,KAN,TE,15.0,3.0,25.0,12.0,164.0,13.7,3.0,9.0,40.0,35.0,0.8,10.9,48.0,6.6,0.0,
268.0,Brandon LaFell,32.0,OAK,WR,6.0,5.0,16.0,12.0,135.0,11.3,2.0,9.0,56.3,24.0,2.0,22.5,75.0,8.4,0.0,
269.0,Eli Rogers,26.0,PIT,WR,3.0,3.0,14.0,12.0,79.0,6.6,0.0,5.0,64.3,17.0,4.0,26.3,85.7,5.6,1.0,
270.0,Dalton Schultz,22.0,DAL,TE,11.0,7.0,17.0,12.0,116.0,9.7,0.0,6.0,64.7,17.0,1.1,10.5,70.6,6.8,0.0,
271.0,Logan Thomas,27.0,BUF,TE,12.0,3.0,17.0,12.0,77.0,6.4,0.0,3.0,41.2,24.0,1.0,6.4,70.6,4.5,0.0,
272.0,Jeff Wilson,23.0,SFO,RB,6.0,2.0,15.0,12.0,98.0,8.2,0.0,5.0,53.3,24.0,2.0,16.3,80.0,6.5,3.0,
273.0,Darren Fells,32.0,CLE,TE,16.0,11.0,12.0,11.0,117.0,10.6,3.0,6.0,83.3,49.0,0.7,7.3,91.7,9.8,0.0,
274.0,C.J. Ham,25.0,MIN,RB,15.0,2.0,15.0,11.0,85.0,7.7,0.0,4.0,53.3,17.0,0.7,5.7,73.3,5.7,0.0,
275.0,Darius Jennings,26.0,TEN,WR,16.0,0.0,15.0,11.0,101.0,9.2,0.0,2.0,60.0,36.0,0.7,6.3,73.3,6.7,0.0,
276.0,Andy Jones,24.0,DET,WR,8.0,3.0,24.0,11.0,80.0,7.3,1.0,6.0,45.8,15.0,1.4,10.0,45.8,3.3,0.0,
277.0,Cody Latimer,26.0,NYG,WR,6.0,2.0,16.0,11.0,190.0,17.3,1.0,6.0,50.0,39.0,1.8,31.7,68.8,11.9,0.0,
278.0,Brandon Marshall,34.0,SEA,WR,7.0,2.0,23.0,11.0,136.0,12.4,1.0,7.0,34.8,27.0,1.6,19.4,47.8,5.9,0.0,
279.0,Marcus Murphy,27.0,BUF,RB,11.0,1.0,19.0,11.0,26.0,2.4,0.0,2.0,21.1,8.0,1.0,2.4,57.9,1.4,1.0,
280.0,Bilal Powell,30.0,NYJ,RB,7.0,7.0,18.0,11.0,110.0,10.0,1.0,3.0,33.3,28.0,1.6,15.7,61.1,6.1,2.0,
281.0,Brandon Powell,23.0,DET,WR,6.0,1.0,17.0,11.0,129.0,11.7,0.0,6.0,52.9,41.0,1.8,21.5,64.7,7.6,0.0,
282.0,Austin Seferian-Jenkins,26.0,JAX,TE,5.0,5.0,19.0,11.0,90.0,8.2,1.0,6.0,36.8,21.0,2.2,18.0,57.9,4.7,0.0,
283.0,LeGarrette Blount,32.0,DET,RB,16.0,8.0,15.0,10.0,67.0,6.7,0.0,4.0,40.0,23.0,0.6,4.2,66.7,4.5,2.0,
284.0,Deontay Burnett,21.0,NYJ,WR,5.0,1.0,15.0,10.0,143.0,14.3,0.0,7.0,53.3,29.0,2.0,28.6,66.7,9.5,0.0,
285.0,Michael Floyd,29.0,WAS,WR,13.0,3.0,24.0,10.0,100.0,10.0,1.0,5.0,37.5,20.0,0.8,7.7,41.7,4.2,0.0,
286.0,Marvin Hall,25.0,ATL,WR,16.0,0.0,19.0,10.0,149.0,14.9,1.0,5.0,42.1,47.0,0.6,9.3,52.6,7.8,0.0,
287.0,Niles Paul,29.0,JAX,WR,6.0,1.0,13.0,10.0,98.0,9.8,0.0,5.0,53.8,22.0,1.7,16.3,76.9,7.5,0.0,
288.0,Andre Roberts,30.0,NYJ,WR,16.0,1.0,17.0,10.0,79.0,7.9,1.0,4.0,29.4,20.0,0.6,4.9,58.8,4.6,3.0,"PB,AP-1"
289.0,Russell Shepard,28.0,NYG,WR,12.0,0.0,19.0,10.0,188.0,18.8,2.0,7.0,47.4,49.0,0.8,15.7,52.6,9.9,0.0,
290.0,Lee Smith,31.0,OAK,TE,16.0,4.0,11.0,10.0,73.0,7.3,3.0,5.0,90.9,30.0,0.6,4.6,90.9,6.6,0.0,
291.0,Carlos Hyde,28.0,2TM,RB,14.0,7.0,16.0,10.0,33.0,3.3,0.0,0.0,25.0,9.0,0.7,2.4,62.5,2.1,2.0,
291.0,Carlos Hyde,28.0,CLE,RB,6.0,5.0,9.0,6.0,29.0,4.8,0.0,0.0,33.3,9.0,1.0,4.8,66.7,3.2,1.0,
291.0,Carlos Hyde,28.0,JAX,RB,8.0,2.0,7.0,4.0,4.0,1.0,0.0,0.0,14.3,6.0,0.5,0.5,57.1,0.6,1.0,
292.0,Kalen Ballage,23.0,MIA,RB,12.0,0.0,11.0,9.0,56.0,6.2,0.0,2.0,45.5,31.0,0.8,4.7,81.8,5.1,1.0,
293.0,Austin Carr,25.0,NOR,WR,14.0,2.0,14.0,9.0,97.0,10.8,2.0,5.0,50.0,25.0,0.6,6.9,64.3,6.9,0.0,
294.0,Corey Grant,27.0,JAX,RB,5.0,1.0,12.0,9.0,67.0,7.4,0.0,5.0,50.0,16.0,1.8,13.4,75.0,5.6,0.0,
295.0,Jermaine Gresham,30.0,ARI,TE,13.0,11.0,12.0,9.0,94.0,10.4,0.0,6.0,58.3,26.0,0.7,7.2,75.0,7.8,1.0,
296.0,Dontrell Hilliard,23.0,CLE,RB,11.0,0.0,10.0,9.0,105.0,11.7,0.0,4.0,60.0,24.0,0.8,9.5,90.0,10.5,0.0,
297.0,Richie James,23.0,SFO,WR,13.0,2.0,14.0,9.0,130.0,14.4,1.0,4.0,50.0,53.0,0.7,10.0,64.3,9.3,2.0,
298.0,Cameron Meredith,26.0,NOR,WR,6.0,1.0,10.0,9.0,114.0,12.7,1.0,4.0,50.0,46.0,1.5,19.0,90.0,11.4,1.0,
299.0,Logan Paulsen,31.0,ATL,TE,15.0,10.0,9.0,9.0,91.0,10.1,1.0,6.0,88.9,19.0,0.6,6.1,100.0,10.1,0.0,
300.0,Rashaad Penny,22.0,SEA,RB,14.0,0.0,12.0,9.0,75.0,8.3,0.0,3.0,25.0,24.0,0.6,5.4,75.0,6.3,0.0,
301.0,MyCole Pruitt,26.0,TEN,TE,15.0,1.0,11.0,9.0,102.0,11.3,1.0,6.0,54.5,27.0,0.6,6.8,81.8,9.3,0.0,
302.0,Trey Quinn,23.0,WAS,WR,3.0,2.0,10.0,9.0,75.0,8.3,1.0,5.0,70.0,15.0,3.0,25.0,90.0,7.5,0.0,
303.0,Michael Roberts,24.0,DET,TE,8.0,2.0,20.0,9.0,100.0,11.1,3.0,5.0,30.0,29.0,1.1,12.5,45.0,5.0,0.0,
304.0,Scott Simonson,26.0,NYG,TE,16.0,4.0,14.0,9.0,86.0,9.6,1.0,6.0,57.1,24.0,0.6,5.4,64.3,6.1,0.0,
305.0,Rod Smith,26.0,DAL,RB,16.0,1.0,12.0,9.0,60.0,6.7,0.0,1.0,41.7,14.0,0.6,3.8,75.0,5.0,0.0,
306.0,Tavon Austin,28.0,DAL,WR,7.0,0.0,13.0,8.0,140.0,17.5,2.0,5.0,46.2,64.0,1.1,20.0,61.5,10.8,0.0,
307.0,Cameron Batson,23.0,TEN,WR,11.0,2.0,11.0,8.0,82.0,10.3,0.0,5.0,63.6,26.0,0.7,7.5,72.7,7.5,1.0,
308.0,Blake Bell,27.0,JAX,TE,10.0,4.0,11.0,8.0,67.0,8.4,0.0,3.0,63.6,16.0,0.8,6.7,72.7,6.1,0.0,
309.0,Jake Butt,23.0,DEN,TE,3.0,3.0,13.0,8.0,85.0,10.6,0.0,4.0,30.8,22.0,2.7,28.3,61.5,6.5,0.0,
310.0,Will Dissly,22.0,SEA,TE,4.0,4.0,14.0,8.0,156.0,19.5,2.0,5.0,50.0,66.0,2.0,39.0,57.1,11.1,0.0,
311.0,Andy Janovich,25.0,DEN,FB,16.0,7.0,10.0,8.0,112.0,14.0,1.0,5.0,60.0,32.0,0.5,7.0,80.0,11.2,0.0,
312.0,Jake Kumerow,26.0,GNB,WR,5.0,2.0,11.0,8.0,103.0,12.9,1.0,4.0,72.7,49.0,1.6,20.6,72.7,9.4,0.0,
313.0,Taquan Mizzell,25.0,CHI,RB,9.0,1.0,10.0,8.0,78.0,9.8,1.0,4.0,50.0,26.0,0.9,8.7,80.0,7.8,0.0,
314.0,Alfred Morris,30.0,SFO,RB,12.0,1.0,13.0,8.0,73.0,9.1,0.0,5.0,53.8,16.0,0.7,6.1,61.5,5.6,2.0,
315.0,Nick O'Leary,26.0,MIA,TE,12.0,7.0,10.0,8.0,86.0,10.8,1.0,6.0,80.0,19.0,0.7,7.2,80.0,8.6,0.0,
316.0,Elijhaa Penny,25.0,NYG,RB,14.0,3.0,9.0,8.0,50.0,6.3,0.0,1.0,55.6,16.0,0.6,3.6,88.9,5.6,0.0,
317.0,Anthony Sherman,30.0,KAN,RB,16.0,1.0,9.0,8.0,96.0,12.0,1.0,5.0,55.6,36.0,0.5,6.0,88.9,10.7,0.0,PB
318.0,Erik Swoope,26.0,IND,TE,7.0,2.0,10.0,8.0,87.0,10.9,3.0,5.0,70.0,26.0,1.1,12.4,80.0,8.7,0.0,
319.0,Eric Tomlinson,26.0,NYJ,TE,15.0,12.0,14.0,8.0,72.0,9.0,0.0,3.0,42.9,24.0,0.5,4.8,57.1,5.1,0.0,
320.0,Josh Adams,22.0,PHI,RB,14.0,5.0,13.0,7.0,58.0,8.3,0.0,3.0,38.5,13.0,0.5,4.1,53.8,4.5,1.0,
321.0,Mo Alie-Cox,25.0,IND,TE,9.0,1.0,13.0,7.0,133.0,19.0,2.0,6.0,46.2,34.0,0.8,14.8,53.8,10.2,0.0,
322.0,Antony Auclair,25.0,TAM,TE,16.0,10.0,8.0,7.0,48.0,6.9,0.0,1.0,75.0,12.0,0.4,3.0,87.5,6.0,0.0,
323.0,Derek Carrier,28.0,OAK,TE,16.0,2.0,12.0,7.0,67.0,9.6,1.0,3.0,50.0,23.0,0.4,4.2,58.3,5.6,0.0,
324.0,Ronald Jones II,21.0,TAM,RB,9.0,0.0,9.0,7.0,33.0,4.7,0.0,2.0,22.2,15.0,0.8,3.7,77.8,3.7,0.0,
325.0,T.J. Logan,24.0,ARI,FB,10.0,0.0,7.0,7.0,37.0,5.3,0.0,1.0,14.3,17.0,0.7,3.7,100.0,5.3,0.0,
326.0,Sony Michel,23.0,NWE,RB,13.0,8.0,11.0,7.0,50.0,7.1,0.0,3.0,45.5,13.0,0.5,3.8,63.6,4.5,1.0,
327.0,JJ Nelson,26.0,ARI,WR,14.0,2.0,19.0,7.0,64.0,9.1,0.0,4.0,26.3,17.0,0.5,4.6,36.8,3.4,0.0,
328.0,Zach Zenner,27.0,DET,RB,8.0,1.0,10.0,7.0,56.0,8.0,0.0,3.0,50.0,30.0,0.9,7.0,70.0,5.6,0.0,
329.0,Kamar Aiken,29.0,PHI,WR,5.0,1.0,7.0,6.0,53.0,8.8,0.0,2.0,28.6,18.0,1.2,10.6,85.7,7.6,0.0,
330.0,Tommy Bohanon,28.0,JAX,FB,16.0,6.0,9.0,6.0,41.0,6.8,0.0,1.0,66.7,12.0,0.4,2.6,66.7,4.6,0.0,
331.0,Brice Butler,28.0,2TM,WR,8.0,1.0,10.0,6.0,60.0,10.0,1.0,4.0,50.0,23.0,0.8,7.5,60.0,6.0,0.0,
331.0,Brice Butler,28.0,DAL,WR,2.0,0.0,1.0,0.0,0.0,,0.0,0.0,0.0,,0.0,0.0,0.0,0.0,0.0,
331.0,Brice Butler,28.0,MIA,WR,6.0,1.0,9.0,6.0,60.0,10.0,1.0,4.0,55.6,23.0,1.0,10.0,66.7,6.7,0.0,
332.0,Kenneth Dixon,24.0,BAL,RB,6.0,0.0,7.0,6.0,51.0,8.5,0.0,2.0,57.1,21.0,1.0,8.5,85.7,7.3,2.0,
333.0,Russell Gage,22.0,ATL,WR,15.0,0.0,10.0,6.0,63.0,10.5,0.0,2.0,60.0,22.0,0.4,4.2,60.0,6.3,0.0,
334.0,Rashad Greene,26.0,JAX,WR,8.0,1.0,8.0,6.0,60.0,10.0,0.0,3.0,62.5,12.0,0.8,7.5,75.0,7.5,2.0,
335.0,Xavier Grimble,26.0,PIT,TE,16.0,2.0,8.0,6.0,86.0,14.3,0.0,4.0,62.5,23.0,0.4,5.4,75.0,10.8,1.0,
336.0,David Grinnage,24.0,JAX,TE,4.0,2.0,8.0,6.0,61.0,10.2,0.0,2.0,62.5,24.0,1.5,15.3,75.0,7.6,0.0,
337.0,Dwayne Harris,31.0,OAK,WR,15.0,1.0,6.0,6.0,40.0,6.7,0.0,1.0,66.7,13.0,0.4,2.7,100.0,6.7,2.0,
338.0,Marcus Johnson,24.0,IND,WR,5.0,0.0,8.0,6.0,102.0,17.0,1.0,5.0,75.0,34.0,1.2,20.4,75.0,12.8,0.0,
339.0,Raheem Mostert,26.0,SFO,RB,9.0,0.0,7.0,6.0,25.0,4.2,0.0,1.0,28.6,23.0,0.7,2.8,85.7,3.6,1.0,
340.0,Durham Smythe,23.0,MIA,TE,15.0,2.0,11.0,6.0,50.0,8.3,0.0,2.0,54.5,21.0,0.4,3.3,54.5,4.5,0.0,
341.0,Neal Sterling,26.0,NYJ,WR,5.0,4.0,8.0,6.0,47.0,7.8,0.0,2.0,75.0,12.0,1.2,9.4,75.0,5.9,0.0,
342.0,Darren Waller,26.0,OAK,WR,4.0,0.0,6.0,6.0,75.0,12.5,0.0,4.0,83.3,44.0,1.5,18.8,100.0,12.5,0.0,
343.0,Jay Ajayi,25.0,PHI,RB,4.0,3.0,6.0,5.0,20.0,4.0,0.0,1.0,50.0,12.0,1.3,5.0,83.3,3.3,1.0,
344.0,Malcolm Brown,25.0,LAR,RB,12.0,0.0,7.0,5.0,52.0,10.4,1.0,2.0,57.1,18.0,0.4,4.3,71.4,7.4,0.0,
345.0,Noah Brown,22.0,DAL,WR,8.0,2.0,8.0,5.0,54.0,10.8,0.0,2.0,50.0,22.0,0.6,6.8,62.5,6.8,0.0,
346.0,Garrett Celek,30.0,SFO,TE,15.0,1.0,8.0,5.0,90.0,18.0,2.0,5.0,62.5,41.0,0.3,6.0,62.5,11.3,0.0,
347.0,Corey Coleman,24.0,NYG,WR,8.0,1.0,8.0,5.0,71.0,14.2,0.0,5.0,62.5,30.0,0.6,8.9,62.5,8.9,0.0,
348.0,Tyler Conklin,23.0,MIN,TE,16.0,3.0,7.0,5.0,77.0,15.4,0.0,3.0,71.4,33.0,0.3,4.8,71.4,11.0,0.0,
349.0,Seth Devalve,25.0,CLE,TE,13.0,4.0,7.0,5.0,74.0,14.8,1.0,3.0,42.9,26.0,0.4,5.7,71.4,10.6,0.0,
350.0,Devonta Freeman,26.0,ATL,RB,2.0,2.0,7.0,5.0,23.0,4.6,0.0,0.0,14.3,14.0,2.5,11.5,71.4,3.3,0.0,
351.0,Zach Line,28.0,NOR,RB,16.0,6.0,10.0,5.0,14.0,2.8,2.0,2.0,40.0,5.0,0.3,0.9,50.0,1.4,0.0,
352.0,Ray-Ray McCloud,22.0,BUF,WR,10.0,1.0,6.0,5.0,36.0,7.2,0.0,2.0,50.0,16.0,0.5,3.6,83.3,6.0,2.0,
353.0,David Morgan,25.0,MIN,TE,11.0,6.0,6.0,5.0,36.0,7.2,0.0,2.0,66.7,13.0,0.5,3.3,83.3,6.0,0.0,
354.0,Brian Parker,26.0,DEN,TE,13.0,1.0,10.0,5.0,33.0,6.6,0.0,2.0,40.0,11.0,0.4,2.5,50.0,3.3,0.0,
355.0,Joshua Perkins,25.0,PHI,TE,9.0,1.0,11.0,5.0,67.0,13.4,0.0,4.0,45.5,30.0,0.6,7.4,45.5,6.1,0.0,
356.0,Eric Saubert,24.0,ATL,TE,16.0,1.0,9.0,5.0,48.0,9.6,0.0,2.0,44.4,17.0,0.3,3.0,55.6,5.3,0.0,
357.0,Adam Shaheen,24.0,CHI,TE,6.0,4.0,6.0,5.0,48.0,9.6,1.0,3.0,50.0,23.0,0.8,8.0,83.3,8.0,0.0,
358.0,Keith Smith,26.0,OAK,DB,16.0,3.0,6.0,5.0,23.0,4.6,0.0,3.0,66.7,8.0,0.3,1.4,83.3,3.8,0.0,
359.0,Vyncint Smith,22.0,HOU,WR,7.0,1.0,10.0,5.0,91.0,18.2,1.0,3.0,40.0,35.0,0.7,13.0,50.0,9.1,0.0,
360.0,Jeremy Sprinkle,24.0,WAS,TE,16.0,9.0,9.0,5.0,41.0,8.2,1.0,3.0,55.6,15.0,0.3,2.6,55.6,4.6,0.0,
361.0,Mark Walton,21.0,CIN,RB,14.0,0.0,8.0,5.0,41.0,8.2,0.0,1.0,12.5,24.0,0.4,2.9,62.5,5.1,0.0,
362.0,C.J. Anderson,27.0,2TM,RB,11.0,3.0,9.0,5.0,41.0,8.2,1.0,2.0,33.3,24.0,0.5,3.7,55.6,4.6,0.0,
362.0,C.J. Anderson,27.0,CAR,RB,9.0,1.0,3.0,1.0,24.0,24.0,1.0,1.0,33.3,24.0,0.1,2.7,33.3,8.0,0.0,
362.0,C.J. Anderson,27.0,LAR,RB,2.0,2.0,6.0,4.0,17.0,4.3,0.0,1.0,33.3,13.0,2.0,8.5,66.7,2.8,0.0,
363.0,Rishard Matthews,29.0,2TM,WR,8.0,0.0,9.0,5.0,24.0,4.8,0.0,1.0,22.2,7.0,0.6,3.0,55.6,2.7,0.0,
363.0,Rishard Matthews,29.0,TEN,WR,3.0,0.0,6.0,3.0,11.0,3.7,0.0,0.0,0.0,4.0,1.0,3.7,50.0,1.8,0.0,
363.0,Rishard Matthews,29.0,NYJ,WR,5.0,0.0,3.0,2.0,13.0,6.5,0.0,1.0,66.7,7.0,0.4,2.6,66.7,4.3,0.0,
364.0,Chad Beebe,24.0,MIN,WR,3.0,0.0,4.0,4.0,39.0,9.8,0.0,3.0,75.0,18.0,1.3,13.0,100.0,9.8,0.0,
365.0,Nick Bellore,29.0,DET,FB,14.0,4.0,4.0,4.0,15.0,3.8,0.0,2.0,75.0,8.0,0.3,1.1,100.0,3.8,0.0,
366.0,Jawill Davis,23.0,NYG,WR,7.0,0.0,8.0,4.0,40.0,10.0,0.0,3.0,50.0,22.0,0.6,5.7,50.0,5.0,0.0,
367.0,Jacob Hollister,25.0,NWE,TE,8.0,1.0,5.0,4.0,52.0,13.0,0.0,2.0,80.0,23.0,0.5,6.5,80.0,10.4,0.0,
368.0,Tyler Kroft,26.0,CIN,TE,5.0,2.0,6.0,4.0,36.0,9.0,0.0,4.0,66.7,16.0,0.8,7.2,66.7,6.0,0.0,
369.0,Byron Marshall,24.0,WAS,RB,6.0,0.0,6.0,4.0,30.0,7.5,0.0,1.0,50.0,17.0,0.7,5.0,66.7,5.0,0.0,
370.0,Roosevelt Nix,26.0,PIT,RB,16.0,0.0,6.0,4.0,38.0,9.5,0.0,2.0,50.0,19.0,0.3,2.4,66.7,6.3,0.0,
371.0,Auden Tate,21.0,CIN,WR,7.0,0.0,12.0,4.0,35.0,8.8,0.0,2.0,16.7,15.0,0.6,5.0,33.3,2.9,0.0,
372.0,Robert Tonyan,24.0,GNB,TE,16.0,1.0,6.0,4.0,77.0,19.3,1.0,3.0,50.0,54.0,0.3,4.8,66.7,12.8,0.0,
373.0,Delanie Walker,34.0,TEN,TE,1.0,1.0,7.0,4.0,52.0,13.0,0.0,3.0,57.1,16.0,4.0,52.0,57.1,7.4,0.0,
374.0,Kevin White,26.0,CHI,WR,9.0,0.0,8.0,4.0,92.0,23.0,0.0,3.0,50.0,54.0,0.4,10.2,50.0,11.5,0.0,
375.0,Bobo Wilson,23.0,TAM,WR,5.0,0.0,5.0,4.0,52.0,13.0,0.0,2.0,40.0,25.0,0.8,10.4,80.0,10.4,0.0,
376.0,Javon Wims,24.0,CHI,WR,4.0,0.0,5.0,4.0,32.0,8.0,0.0,2.0,40.0,16.0,1.0,8.0,80.0,6.4,0.0,
377.0,Dwayne Allen,28.0,NWE,TE,13.0,8.0,4.0,3.0,27.0,9.0,0.0,2.0,50.0,21.0,0.2,2.1,75.0,6.8,0.0,
378.0,Cameron Artis-Payne,28.0,CAR,RB,9.0,0.0,4.0,3.0,15.0,5.0,0.0,1.0,25.0,13.0,0.3,1.7,75.0,3.8,0.0,
379.0,Brandon Bolden,28.0,MIA,RB,16.0,0.0,3.0,3.0,13.0,4.3,1.0,1.0,66.7,9.0,0.2,0.8,100.0,4.3,1.0,
380.0,Ben Braunecker,24.0,CHI,TE,15.0,2.0,5.0,3.0,42.0,14.0,0.0,2.0,60.0,20.0,0.2,2.8,60.0,8.4,0.0,
381.0,Orson Charles,27.0,CLE,TE,13.0,2.0,5.0,3.0,23.0,7.7,0.0,0.0,60.0,9.0,0.2,1.8,60.0,4.6,0.0,
382.0,A.J. Derby,27.0,MIA,TE,4.0,0.0,5.0,3.0,48.0,16.0,1.0,3.0,60.0,19.0,0.8,12.0,60.0,9.6,0.0,
383.0,Patrick DiMarco,29.0,BUF,FB,16.0,5.0,4.0,3.0,62.0,20.7,0.0,2.0,50.0,38.0,0.2,3.9,75.0,15.5,0.0,
384.0,Tyler Ervin,25.0,HOU,RB,9.0,0.0,3.0,3.0,35.0,11.7,0.0,1.0,33.3,19.0,0.3,3.9,100.0,11.7,1.0,
385.0,Keith Ford,24.0,BUF,RB,2.0,1.0,5.0,3.0,21.0,7.0,0.0,1.0,60.0,8.0,1.5,10.5,60.0,4.2,0.0,
386.0,Rico Gathers,24.0,DAL,TE,15.0,4.0,7.0,3.0,45.0,15.0,0.0,2.0,28.6,32.0,0.2,3.0,42.9,6.4,0.0,
387.0,Taysom Hill,28.0,NOR,QB,16.0,4.0,7.0,3.0,4.0,1.3,0.0,0.0,14.3,5.0,0.2,0.3,42.9,0.6,1.0,
388.0,Justin Hunter,27.0,PIT,WR,5.0,0.0,13.0,3.0,21.0,7.0,0.0,2.0,23.1,12.0,0.6,4.2,23.1,1.6,0.0,
389.0,Matt Lengel,28.0,CIN,TE,11.0,2.0,8.0,3.0,17.0,5.7,1.0,2.0,37.5,9.0,0.3,1.5,37.5,2.1,0.0,
390.0,Marcedes Lewis,34.0,GNB,TE,16.0,4.0,4.0,3.0,39.0,13.0,0.0,1.0,75.0,30.0,0.2,2.4,75.0,9.8,0.0,
391.0,Tommylee Lewis,26.0,NOR,WR,7.0,3.0,3.0,3.0,60.0,20.0,1.0,3.0,100.0,28.0,0.4,8.6,100.0,20.0,1.0,
392.0,Ricky Ortiz,24.0,ATL,FB,12.0,9.0,4.0,3.0,11.0,3.7,0.0,0.0,50.0,7.0,0.3,0.9,75.0,2.8,0.0,
393.0,Samaje Perine,23.0,WAS,RB,5.0,0.0,4.0,3.0,5.0,1.7,0.0,0.0,25.0,8.0,0.6,1.0,75.0,1.3,0.0,
394.0,John Phillips,31.0,ARI,TE,8.0,4.0,3.0,3.0,38.0,12.7,0.0,1.0,66.7,24.0,0.4,4.8,100.0,12.7,0.0,
395.0,C.J. Prosise,24.0,SEA,RB,5.0,0.0,3.0,3.0,22.0,7.3,0.0,0.0,100.0,8.0,0.6,4.4,100.0,7.3,0.0,
396.0,Brian Quick,29.0,WAS,WR,6.0,3.0,3.0,3.0,18.0,6.0,0.0,2.0,100.0,6.0,0.5,3.0,100.0,6.0,0.0,
397.0,Stevan Ridley,29.0,PIT,RB,10.0,0.0,4.0,3.0,18.0,6.0,0.0,1.0,50.0,10.0,0.3,1.8,75.0,4.5,2.0,
398.0,De'Anthony Thomas,25.0,KAN,RB,5.0,0.0,5.0,3.0,29.0,9.7,1.0,3.0,60.0,15.0,0.6,5.8,60.0,5.8,1.0,
399.0,Jalen Tolliver,23.0,ARI,WR,3.0,1.0,6.0,3.0,37.0,12.3,0.0,3.0,50.0,15.0,1.0,12.3,50.0,6.2,0.0,
400.0,Darrel Williams,23.0,KAN,RB,6.0,0.0,3.0,3.0,27.0,9.0,1.0,1.0,66.7,11.0,0.5,4.5,100.0,9.0,0.0,
401.0,Derrick Willies,24.0,CLE,WR,5.0,0.0,5.0,3.0,61.0,20.3,0.0,2.0,40.0,39.0,0.6,12.2,60.0,12.2,1.0,
402.0,Shaun Wilson,23.0,TAM,RB,5.0,0.0,5.0,3.0,5.0,1.7,0.0,0.0,0.0,5.0,0.6,1.0,60.0,1.0,0.0,
403.0,Ameer Abdullah,25.0,2TM,RB,10.0,0.0,4.0,3.0,28.0,9.3,0.0,1.0,75.0,12.0,0.3,2.8,75.0,7.0,1.0,
403.0,Ameer Abdullah,25.0,DET,RB,3.0,0.0,2.0,2.0,18.0,9.0,0.0,1.0,100.0,12.0,0.7,6.0,100.0,9.0,1.0,
403.0,Ameer Abdullah,25.0,MIN,RB,7.0,0.0,2.0,1.0,10.0,10.0,0.0,0.0,50.0,10.0,0.1,1.4,50.0,5.0,0.0,
404.0,Mike Boone,23.0,MIN,RB,8.0,0.0,3.0,2.0,1.0,0.5,0.0,0.0,0.0,1.0,0.3,0.1,66.7,0.3,0.0,
405.0,Leonte Carroo,24.0,MIA,WR,9.0,0.0,4.0,2.0,94.0,47.0,1.0,2.0,50.0,74.0,0.2,10.4,50.0,23.5,0.0,
406.0,Jamaal Charles,32.0,JAX,RB,2.0,0.0,3.0,2.0,7.0,3.5,0.0,0.0,33.3,5.0,1.0,3.5,66.7,2.3,0.0,
407.0,Derrick Coleman,28.0,ARI,RB,16.0,4.0,3.0,2.0,17.0,8.5,0.0,1.0,66.7,12.0,0.1,1.1,66.7,5.7,0.0,
408.0,Alan Cross,25.0,TAM,TE,14.0,3.0,5.0,2.0,9.0,4.5,0.0,1.0,20.0,6.0,0.1,0.6,40.0,1.8,0.0,
409.0,Ross Dwelley,23.0,SFO,TE,11.0,0.0,2.0,2.0,14.0,7.0,0.0,0.0,50.0,8.0,0.2,1.3,100.0,7.0,0.0,
410.0,Gus Edwards,23.0,BAL,RB,11.0,6.0,2.0,2.0,20.0,10.0,0.0,1.0,100.0,13.0,0.2,1.8,100.0,10.0,0.0,
411.0,D'Onta Foreman,22.0,HOU,RB,1.0,0.0,2.0,2.0,28.0,14.0,1.0,1.0,100.0,20.0,2.0,28.0,100.0,14.0,1.0,
412.0,Jordan Franks,22.0,CIN,TE,6.0,0.0,3.0,2.0,37.0,18.5,0.0,1.0,33.3,32.0,0.3,6.2,66.7,12.3,0.0,
413.0,KhaDarel Hodge,23.0,LAR,WR,14.0,0.0,3.0,2.0,17.0,8.5,0.0,1.0,33.3,14.0,0.1,1.2,66.7,5.7,0.0,
414.0,John Kelly,22.0,LAR,RB,4.0,0.0,3.0,2.0,27.0,13.5,0.0,1.0,66.7,18.0,0.5,6.8,66.7,9.0,0.0,
415.0,Jeremy Kerley,30.0,BUF,WR,1.0,1.0,4.0,2.0,7.0,3.5,0.0,0.0,25.0,4.0,2.0,7.0,50.0,1.8,0.0,
416.0,Tre Madden,25.0,SEA,RB,14.0,3.0,3.0,2.0,35.0,17.5,0.0,1.0,66.7,28.0,0.1,2.5,66.7,11.7,0.0,
417.0,Chris Manhertz,26.0,CAR,TE,16.0,4.0,5.0,2.0,52.0,26.0,1.0,1.0,20.0,50.0,0.1,3.3,40.0,10.4,0.0,
418.0,J'Mon Moore,23.0,GNB,WR,12.0,0.0,3.0,2.0,15.0,7.5,0.0,1.0,33.3,10.0,0.2,1.3,66.7,5.0,1.0,
419.0,Detrez Newsome,24.0,LAC,RB,9.0,0.0,2.0,2.0,19.0,9.5,0.0,2.0,100.0,11.0,0.2,2.1,100.0,9.5,0.0,
420.0,Jamize Olawale,29.0,DAL,FB,16.0,4.0,4.0,2.0,13.0,6.5,0.0,1.0,25.0,10.0,0.1,0.8,50.0,3.3,0.0,
421.0,Charone Peake,26.0,NYJ,WR,13.0,0.0,3.0,2.0,25.0,12.5,0.0,2.0,66.7,14.0,0.2,1.9,66.7,8.3,0.0,
422.0,Dion Sims,27.0,CHI,TE,8.0,4.0,4.0,2.0,9.0,4.5,0.0,0.0,0.0,9.0,0.3,1.1,50.0,2.3,0.0,
423.0,Roc Thomas,23.0,MIN,RB,5.0,0.0,4.0,2.0,21.0,10.5,0.0,0.0,0.0,15.0,0.4,4.2,50.0,5.3,0.0,
424.0,De'Lance Turner,23.0,BAL,RB,4.0,0.0,2.0,2.0,17.0,8.5,0.0,0.0,100.0,10.0,0.5,4.3,100.0,8.5,0.0,
425.0,Malik Turner,22.0,SEA,WR,6.0,0.0,3.0,2.0,20.0,10.0,0.0,1.0,33.3,19.0,0.3,3.3,66.7,6.7,0.0,
426.0,Hakeem Valles,26.0,DET,TE,3.0,0.0,3.0,2.0,11.0,5.5,0.0,0.0,66.7,6.0,0.7,3.7,66.7,3.7,0.0,
427.0,Joe Webb,32.0,HOU,WR,16.0,0.0,3.0,2.0,13.0,6.5,0.0,0.0,33.3,7.0,0.1,0.8,66.7,4.3,0.0,
428.0,Charcandrick West,27.0,KAN,RB,3.0,0.0,3.0,2.0,37.0,18.5,1.0,2.0,66.7,25.0,0.7,12.3,66.7,12.3,0.0,
429.0,Nick Williams,28.0,2TM,WR,4.0,0.0,5.0,2.0,17.0,8.5,0.0,0.0,40.0,11.0,0.5,4.3,40.0,3.4,0.0,
429.0,Nick Williams,28.0,TEN,WR,2.0,0.0,2.0,0.0,0.0,,0.0,0.0,0.0,,0.0,0.0,0.0,0.0,0.0,
429.0,Nick Williams,28.0,LAR,WR,2.0,0.0,3.0,2.0,17.0,8.5,0.0,0.0,66.7,11.0,1.0,8.5,66.7,5.7,0.0,
430.0,Terrance Williams,29.0,DAL,WR,3.0,2.0,3.0,2.0,18.0,9.0,0.0,1.0,33.3,12.0,0.7,6.0,66.7,6.0,0.0,
431.0,Alex Armah,24.0,CAR,FB,16.0,2.0,1.0,1.0,5.0,5.0,0.0,0.0,0.0,5.0,0.1,0.3,100.0,5.0,0.0,
432.0,Kenjon Barner,29.0,2TM,RB,9.0,0.0,1.0,1.0,3.0,3.0,0.0,0.0,0.0,3.0,0.1,0.3,100.0,3.0,1.0,
432.0,Kenjon Barner,29.0,NWE,RB,5.0,0.0,0.0,0.0,0.0,,0.0,0.0,,,0.0,0.0,,,0.0,
432.0,Kenjon Barner,29.0,CAR,RB,4.0,0.0,1.0,1.0,3.0,3.0,0.0,0.0,0.0,3.0,0.3,0.8,100.0,3.0,1.0,
433.0,Victor Bolden,23.0,SFO,WR,4.0,0.0,4.0,1.0,10.0,10.0,0.0,1.0,25.0,10.0,0.3,2.5,25.0,2.5,0.0,
434.0,Tom Brady,41.0,NWE,QB,16.0,16.0,1.0,1.0,6.0,6.0,0.0,0.0,0.0,6.0,0.1,0.4,100.0,6.0,4.0,PB
435.0,Drew Brees,39.0,NOR,QB,15.0,15.0,1.0,1.0,1.0,1.0,0.0,0.0,0.0,1.0,0.1,0.1,100.0,1.0,5.0,"PB,AP-2,AP MVP-2,AP OPoY-2"
436.0,Michael Burton,26.0,CHI,RB,8.0,1.0,1.0,1.0,6.0,6.0,0.0,1.0,100.0,6.0,0.1,0.8,100.0,6.0,0.0,
437.0,Damiere Byrd,25.0,CAR,WR,8.0,0.0,2.0,1.0,8.0,8.0,0.0,1.0,50.0,8.0,0.1,1.0,50.0,4.0,0.0,
438.0,Travaris Cadet,29.0,CAR,RB,1.0,0.0,1.0,1.0,5.0,5.0,0.0,0.0,0.0,5.0,1.0,5.0,100.0,5.0,0.0,
439.0,Derek Carr,27.0,OAK,QB,16.0,16.0,1.0,1.0,-9.0,-9.0,0.0,0.0,0.0,-9.0,0.1,-0.6,100.0,-9.0,12.0,
440.0,Jehu Chesson,25.0,WAS,WR,12.0,0.0,2.0,1.0,7.0,7.0,0.0,1.0,0.0,7.0,0.1,0.6,50.0,3.5,0.0,
441.0,Sammie Coates,25.0,HOU,WR,12.0,0.0,2.0,1.0,12.0,12.0,0.0,1.0,50.0,12.0,0.1,1.0,50.0,6.0,0.0,
442.0,Kirk Cousins,30.0,MIN,QB,16.0,16.0,1.0,1.0,-1.0,-1.0,0.0,0.0,0.0,-1.0,0.1,-0.1,100.0,-1.0,9.0,
443.0,River Cracraft,24.0,DEN,WR,8.0,0.0,2.0,1.0,44.0,44.0,0.0,1.0,50.0,44.0,0.1,5.5,50.0,22.0,1.0,
444.0,Dane Cruikshank,23.0,TEN,DB,12.0,0.0,1.0,1.0,66.0,66.0,1.0,1.0,0.0,66.0,0.1,5.5,100.0,66.0,0.0,
445.0,Sean Culkin,25.0,LAC,TE,13.0,10.0,1.0,1.0,24.0,24.0,0.0,1.0,100.0,24.0,0.1,1.8,100.0,24.0,0.0,
446.0,Benny Cunningham,28.0,CHI,RB,15.0,0.0,2.0,1.0,9.0,9.0,0.0,1.0,50.0,9.0,0.1,0.6,50.0,4.5,0.0,
447.0,Chase Daniel,32.0,CHI,QB,5.0,2.0,1.0,1.0,8.0,8.0,0.0,1.0,100.0,8.0,0.2,1.6,100.0,8.0,4.0,
448.0,Dion Dawkins,24.0,BUF,LT,16.0,16.0,1.0,1.0,7.0,7.0,1.0,1.0,100.0,7.0,0.1,0.4,100.0,7.0,0.0,
449.0,Taylor Decker,24.0,DET,LT,16.0,16.0,1.0,1.0,11.0,11.0,1.0,1.0,100.0,11.0,0.1,0.7,100.0,11.0,0.0,
450.0,Gehrig Dieter,25.0,KAN,WR,4.0,0.0,3.0,1.0,22.0,22.0,0.0,1.0,33.3,22.0,0.3,5.5,33.3,7.3,0.0,
451.0,George Fant,26.0,SEA,T,16.0,7.0,1.0,1.0,9.0,9.0,0.0,0.0,100.0,9.0,0.1,0.6,100.0,9.0,0.0,
452.0,Matt Flanagan,23.0,WAS,TE,3.0,1.0,1.0,1.0,14.0,14.0,0.0,1.0,100.0,14.0,0.3,4.7,100.0,14.0,0.0,
453.0,Nick Foles,29.0,PHI,QB,5.0,5.0,1.0,1.0,10.0,10.0,0.0,1.0,100.0,15.0,0.2,2.0,100.0,10.0,4.0,
454.0,Shelton Gibson,24.0,PHI,WR,15.0,0.0,3.0,1.0,48.0,48.0,0.0,1.0,33.3,48.0,0.1,3.2,33.3,16.0,0.0,
455.0,Mike Gillislee,28.0,NOR,RB,4.0,0.0,1.0,1.0,9.0,9.0,0.0,0.0,100.0,9.0,0.3,2.3,100.0,9.0,1.0,
456.0,Justin Hardee,24.0,NOR,WR,16.0,0.0,1.0,1.0,10.0,10.0,0.0,1.0,0.0,10.0,0.1,0.6,100.0,10.0,0.0,
457.0,Keon Hatcher,24.0,OAK,WR,3.0,0.0,2.0,1.0,8.0,8.0,0.0,0.0,0.0,8.0,0.3,2.7,50.0,4.0,0.0,
458.0,Ryan Hewitt,27.0,IND,TE,12.0,2.0,2.0,1.0,1.0,1.0,1.0,1.0,50.0,1.0,0.1,0.1,50.0,0.5,0.0,
459.0,Darrius Heyward-Bey,31.0,PIT,WR,14.0,2.0,2.0,1.0,9.0,9.0,0.0,0.0,50.0,9.0,0.1,0.6,50.0,4.5,0.0,
460.0,Brian Hill,23.0,ATL,RB,10.0,0.0,2.0,1.0,9.0,9.0,0.0,0.0,0.0,9.0,0.1,0.9,50.0,4.5,1.0,
461.0,Jeremy Hill,26.0,NWE,RB,1.0,0.0,1.0,1.0,6.0,6.0,0.0,0.0,100.0,6.0,1.0,6.0,100.0,6.0,0.0,
462.0,JJ Jones,26.0,2TM,WR,4.0,0.0,1.0,1.0,3.0,3.0,0.0,0.0,0.0,3.0,0.3,0.8,100.0,3.0,2.0,
462.0,JJ Jones,26.0,LAC,WR,3.0,0.0,0.0,0.0,0.0,,0.0,0.0,,,0.0,0.0,,,2.0,
462.0,JJ Jones,26.0,NYJ,WR,1.0,0.0,1.0,1.0,3.0,3.0,0.0,0.0,0.0,3.0,1.0,3.0,100.0,3.0,0.0,
463.0,Ryan Kelly,25.0,IND,C,12.0,12.0,1.0,1.0,-4.0,-4.0,0.0,0.0,0.0,-4.0,0.1,-0.3,100.0,-4.0,1.0,
464.0,Marcus Kemp,23.0,KAN,WR,16.0,0.0,2.0,1.0,7.0,7.0,0.0,0.0,50.0,7.0,0.1,0.4,50.0,3.5,0.0,
465.0,Darvin Kidsy,23.0,WAS,WR,2.0,0.0,2.0,1.0,8.0,8.0,0.0,1.0,50.0,8.0,0.5,4.0,50.0,4.0,0.0,
466.0,Allen Lazard,23.0,GNB,WR,1.0,0.0,1.0,1.0,7.0,7.0,0.0,0.0,100.0,7.0,1.0,7.0,100.0,7.0,0.0,
467.0,Khari Lee,26.0,BUF,TE,2.0,0.0,1.0,1.0,5.0,5.0,0.0,0.0,0.0,5.0,0.5,2.5,100.0,5.0,0.0,
468.0,Andrew Luck,29.0,IND,QB,16.0,16.0,2.0,1.0,4.0,4.0,0.0,1.0,50.0,4.0,0.1,0.3,50.0,2.0,6.0,"PB,AP CPoY-1"
469.0,Josh Malone,22.0,CIN,WR,9.0,0.0,5.0,1.0,12.0,12.0,0.0,1.0,20.0,12.0,0.1,1.3,20.0,2.4,0.0,
470.0,Marcus Mariota,25.0,TEN,QB,14.0,13.0,1.0,1.0,21.0,21.0,0.0,1.0,100.0,21.0,0.1,1.5,100.0,21.0,9.0,
471.0,Johnny Mundt,24.0,LAR,TE,10.0,0.0,1.0,1.0,5.0,5.0,0.0,0.0,0.0,5.0,0.1,0.5,100.0,5.0,0.0,
472.0,Cam Phillips,23.0,BUF,WR,2.0,0.0,1.0,1.0,9.0,9.0,0.0,0.0,100.0,9.0,0.5,4.5,100.0,9.0,0.0,
473.0,Spencer Pulley,25.0,NYG,C,13.0,9.0,1.0,1.0,-2.0,-2.0,0.0,0.0,0.0,-2.0,0.1,-0.2,100.0,-2.0,0.0,
474.0,Richard Rodgers,26.0,PHI,TE,7.0,0.0,1.0,1.0,7.0,7.0,0.0,1.0,100.0,7.0,0.1,1.0,100.0,7.0,0.0,
475.0,Ben Roethlisberger,36.0,PIT,QB,16.0,16.0,1.0,1.0,-1.0,-1.0,0.0,0.0,0.0,-1.0,0.1,-0.1,100.0,-1.0,7.0,
476.0,Matt Ryan,33.0,ATL,QB,16.0,16.0,1.0,1.0,5.0,5.0,1.0,1.0,100.0,5.0,0.1,0.3,100.0,5.0,10.0,
477.0,Matt Schaub,37.0,ATL,QB,3.0,0.0,1.0,1.0,-7.0,-7.0,0.0,0.0,0.0,-7.0,0.3,-2.3,100.0,-7.0,1.0,
478.0,Sam Shields,31.0,LAR,DB,16.0,2.0,1.0,1.0,12.0,12.0,0.0,1.0,0.0,12.0,0.1,0.8,100.0,12.0,0.0,
479.0,Bradley Sowell,29.0,CHI,T,16.0,1.0,2.0,1.0,2.0,2.0,1.0,1.0,50.0,2.0,0.1,0.1,50.0,1.0,0.0,
480.0,Joe Staley,34.0,SFO,LT,16.0,16.0,1.0,1.0,-5.0,-5.0,0.0,0.0,0.0,-5.0,0.1,-0.3,100.0,-5.0,0.0,
481.0,Tyrone Swoopes,24.0,SEA,TE,1.0,1.0,1.0,1.0,23.0,23.0,0.0,1.0,100.0,23.0,1.0,23.0,100.0,23.0,0.0,
482.0,Ryan Tannehill,30.0,MIA,QB,11.0,11.0,1.0,1.0,3.0,3.0,1.0,1.0,100.0,3.0,0.1,0.3,100.0,3.0,5.0,
483.0,Robert Turbin,29.0,IND,RB,2.0,0.0,2.0,1.0,3.0,3.0,0.0,0.0,0.0,3.0,0.5,1.5,50.0,1.5,1.0,
484.0,Alejandro Villanueva,30.0,PIT,LT,16.0,16.0,1.0,1.0,2.0,2.0,1.0,1.0,0.0,2.0,0.1,0.1,100.0,2.0,0.0,PB
485.0,Danny Vitale,25.0,GNB,RB,5.0,0.0,2.0,1.0,2.0,2.0,0.0,1.0,50.0,2.0,0.2,0.4,50.0,1.0,0.0,
486.0,DeAndre Washington,25.0,OAK,RB,10.0,0.0,1.0,1.0,9.0,9.0,0.0,0.0,100.0,9.0,0.1,0.9,100.0,9.0,1.0,
487.0,Justin Watson,23.0,TAM,WR,12.0,0.0,3.0,1.0,5.0,5.0,0.0,0.0,0.0,5.0,0.1,0.4,33.3,1.7,0.0,
488.0,Derek Watt,26.0,LAC,FB,16.0,5.0,1.0,1.0,2.0,2.0,0.0,0.0,0.0,2.0,0.1,0.1,100.0,2.0,0.0,
489.0,Carson Wentz,26.0,PHI,QB,11.0,11.0,1.0,1.0,4.0,4.0,0.0,1.0,100.0,4.0,0.1,0.4,100.0,4.0,9.0,
490.0,Tim White,24.0,BAL,WR,3.0,0.0,1.0,1.0,14.0,14.0,0.0,1.0,100.0,14.0,0.3,4.7,100.0,14.0,1.0,
491.0,Jonathan Williams,24.0,NOR,RB,3.0,0.0,1.0,1.0,1.0,1.0,0.0,0.0,0.0,1.0,0.3,0.3,100.0,1.0,0.0,
492.0,Kyle Williams,35.0,BUF,LDT,16.0,16.0,1.0,1.0,9.0,9.0,0.0,0.0,100.0,9.0,0.1,0.6,100.0,9.0,0.0,PB
493.0,Russell Wilson,30.0,SEA,QB,16.0,16.0,1.0,1.0,-11.0,-11.0,0.0,0.0,0.0,-11.0,0.1,-0.7,100.0,-11.0,10.0,PB
494.0,Brandon Zylstra,25.0,MIN,WR,16.0,0.0,2.0,1.0,23.0,23.0,0.0,1.0,50.0,23.0,0.1,1.4,50.0,11.5,0.0,
495.0,Jamal Agnew,23.0,DET,DB,6.0,0.0,0.0,0.0,0.0,,0.0,0.0,,,0.0,0.0,,,1.0,
496.0,Josh Allen,22.0,BUF,QB,12.0,11.0,1.0,0.0,0.0,,0.0,0.0,0.0,,0.0,0.0,0.0,0.0,8.0,
497.0,Kyle Allen,22.0,CAR,QB,2.0,1.0,0.0,0.0,0.0,,0.0,0.0,,,0.0,0.0,,,0.0,
498.0,Derek Anderson,35.0,BUF,QB,2.0,2.0,0.0,0.0,0.0,,0.0,0.0,,,0.0,0.0,,,3.0,
499.0,Matt Barkley,28.0,BUF,QB,1.0,1.0,0.0,0.0,0.0,,0.0,0.0,,,0.0,0.0,,,0.0,
500.0,C.J. Beathard,25.0,SFO,QB,6.0,5.0,0.0,0.0,0.0,,0.0,0.0,,,0.0,0.0,,,5.0,
501.0,Corey Bojorquez,22.0,BUF,P,8.0,0.0,0.0,0.0,0.0,,0.0,0.0,,,0.0,0.0,,,2.0,
502.0,Blake Bortles,26.0,JAX,QB,13.0,12.0,0.0,0.0,0.0,,0.0,0.0,,,0.0,0.0,,,8.0,
503.0,Sam Bradford,31.0,ARI,QB,3.0,3.0,0.0,0.0,0.0,,0.0,0.0,,,0.0,0.0,,,3.0,
504.0,Teddy Bridgewater,26.0,NOR,QB,5.0,1.0,0.0,0.0,0.0,,0.0,0.0,,,0.0,0.0,,,0.0,
505.0,Jacoby Brissett,26.0,IND,QB,4.0,0.0,0.0,0.0,0.0,,0.0,0.0,,,0.0,0.0,,,0.0,
506.0,Matt Cassel,36.0,DET,QB,2.0,0.0,0.0,0.0,0.0,,0.0,0.0,,,0.0,0.0,,,0.0,
507.0,Stacy Coley,24.0,MIN,WR,2.0,0.0,1.0,0.0,0.0,,0.0,0.0,0.0,,0.0,0.0,0.0,0.0,0.0,
508.0,Pharoh Cooper,23.0,LAR,WR,5.0,0.0,1.0,0.0,0.0,,0.0,0.0,0.0,,0.0,0.0,0.0,0.0,0.0,
509.0,Mason Crosby,34.0,GNB,K,16.0,0.0,1.0,0.0,0.0,,0.0,0.0,0.0,,0.0,0.0,0.0,0.0,0.0,
510.0,Jerome Cunningham,27.0,DET,TE,3.0,0.0,1.0,0.0,0.0,,0.0,0.0,0.0,,0.0,0.0,0.0,0.0,0.0,
511.0,Andy Dalton,31.0,CIN,QB,11.0,11.0,0.0,0.0,0.0,,0.0,0.0,,,0.0,0.0,,,1.0,
512.0,Darrell Daniels,24.0,2TM,TE,11.0,3.0,2.0,0.0,0.0,,0.0,0.0,0.0,,0.0,0.0,0.0,0.0,0.0,
512.0,Darrell Daniels,24.0,SEA,TE,9.0,2.0,1.0,0.0,0.0,,0.0,0.0,0.0,,0.0,0.0,0.0,0.0,0.0,
512.0,Darrell Daniels,24.0,ARI,TE,2.0,1.0,1.0,0.0,0.0,,0.0,0.0,0.0,,0.0,0.0,0.0,0.0,0.0,
513.0,Sam Darnold,21.0,NYJ,QB,13.0,13.0,0.0,0.0,0.0,,0.0,0.0,,,0.0,0.0,,,5.0,
514.0,Geremy Davis,26.0,LAC,WR,14.0,0.0,1.0,0.0,0.0,,0.0,0.0,0.0,,0.0,0.0,0.0,0.0,0.0,
515.0,Justin Davis,23.0,LAR,RB,11.0,0.0,0.0,0.0,0.0,,0.0,0.0,,,0.0,0.0,,,0.0,
516.0,Michael Dickson,22.0,SEA,P,16.0,0.0,0.0,0.0,0.0,,0.0,0.0,,,0.0,0.0,,,0.0,"PB,AP-1"
517.0,Riley Dixon,25.0,NYG,P,16.0,0.0,0.0,0.0,0.0,,0.0,0.0,,,0.0,0.0,,,0.0,
518.0,Joshua Dobbs,23.0,PIT,QB,5.0,0.0,0.0,0.0,0.0,,0.0,0.0,,,0.0,0.0,,,0.0,
519.0,Jeff Driskel,25.0,CIN,QB,9.0,5.0,0.0,0.0,0.0,,0.0,0.0,,,0.0,0.0,,,4.0,
520.0,Clayton Fejedelem,25.0,CIN,DB,16.0,1.0,0.0,0.0,0.0,,0.0,0.0,,,0.0,0.0,,,1.0,
521.0,Ryan Fitzpatrick,36.0,TAM,QB,8.0,7.0,0.0,0.0,0.0,,0.0,0.0,,,0.0,0.0,,,4.0,
522.0,Joe Flacco,33.0,BAL,QB,9.0,9.0,0.0,0.0,0.0,,0.0,0.0,,,0.0,0.0,,,3.0,
523.0,David Fluellen,26.0,TEN,RB,7.0,0.0,0.0,0.0,0.0,,0.0,0.0,,,0.0,0.0,,,0.0,
524.0,Isaiah Ford,22.0,MIA,WR,1.0,0.0,1.0,0.0,0.0,,0.0,0.0,0.0,,0.0,0.0,0.0,0.0,0.0,
525.0,Blaine Gabbert,29.0,TEN,QB,8.0,3.0,0.0,0.0,0.0,,0.0,0.0,,,0.0,0.0,,,0.0,
526.0,Jimmy Garoppolo,27.0,SFO,QB,3.0,3.0,0.0,0.0,0.0,,0.0,0.0,,,0.0,0.0,,,4.0,
527.0,Jared Goff,24.0,LAR,QB,16.0,16.0,0.0,0.0,0.0,,0.0,0.0,,,0.0,0.0,,,12.0,PB
528.0,Raven Greene,23.0,GNB,DB,8.0,0.0,0.0,0.0,0.0,,0.0,0.0,,,0.0,0.0,,,0.0,
529.0,Stephen Hauschka,33.0,BUF,K,16.0,0.0,1.0,0.0,0.0,,0.0,0.0,0.0,,0.0,0.0,0.0,0.0,0.0,
530.0,Jeff Heath,27.0,DAL,SS,16.0,16.0,0.0,0.0,0.0,,0.0,0.0,,,0.0,0.0,,,0.0,
531.0,Taylor Heinicke,25.0,CAR,QB,6.0,1.0,0.0,0.0,0.0,,0.0,0.0,,,0.0,0.0,,,1.0,
532.0,Johnny Hekker,28.0,LAR,P,16.0,0.0,0.0,0.0,0.0,,0.0,0.0,,,0.0,0.0,,,0.0,AP-2
533.0,De'Angelo Henderson,26.0,NYJ,RB,3.0,0.0,0.0,0.0,0.0,,0.0,0.0,,,0.0,0.0,,,1.0,
534.0,Chad Henne,33.0,KAN,QB,1.0,0.0,0.0,0.0,0.0,,0.0,0.0,,,0.0,0.0,,,0.0,
535.0,Akiem Hicks,29.0,CHI,LDE,16.0,16.0,0.0,0.0,0.0,,0.0,0.0,,,0.0,0.0,,,0.0,PB
536.0,Johnny Holton,28.0,OAK,WR,1.0,0.0,1.0,0.0,0.0,,0.0,0.0,0.0,,0.0,0.0,0.0,0.0,0.0,
537.0,Brian Hoyer,33.0,NWE,QB,5.0,0.0,0.0,0.0,0.0,,0.0,0.0,,,0.0,0.0,,,0.0,
538.0,Sam Hubbard,23.0,CIN,DE,16.0,0.0,1.0,0.0,0.0,,0.0,0.0,0.0,,0.0,0.0,0.0,0.0,0.0,
539.0,Melvin Ingram,29.0,LAC,RDE,16.0,16.0,0.0,0.0,0.0,,0.0,0.0,,,0.0,0.0,,,1.0,PB
540.0,Darius Jackson,25.0,DAL,RB,2.0,0.0,1.0,0.0,0.0,,0.0,0.0,0.0,,0.0,0.0,0.0,0.0,0.0,
541.0,Lamar Jackson,21.0,BAL,QB,16.0,7.0,2.0,0.0,0.0,,0.0,0.0,0.0,,0.0,0.0,0.0,0.0,12.0,
542.0,Josh Johnson,32.0,WAS,QB,4.0,3.0,0.0,0.0,0.0,,0.0,0.0,,,0.0,0.0,,,2.0,
543.0,Taiwan Jones,30.0,BUF,RB,6.0,0.0,2.0,0.0,0.0,,0.0,0.0,0.0,,0.0,0.0,0.0,0.0,0.0,
544.0,Case Keenum,30.0,DEN,QB,16.0,16.0,0.0,0.0,0.0,,0.0,0.0,,,0.0,0.0,,,11.0,
545.0,Robert Kelley,26.0,WAS,RB,2.0,0.0,0.0,0.0,0.0,,0.0,0.0,,,0.0,0.0,,,0.0,
546.0,Chad Kelly,24.0,DEN,QB,1.0,0.0,0.0,0.0,0.0,,0.0,0.0,,,0.0,0.0,,,0.0,
547.0,Cody Kessler,25.0,JAX,QB,5.0,4.0,0.0,0.0,0.0,,0.0,0.0,,,0.0,0.0,,,5.0,
548.0,DeShone Kizer,22.0,GNB,QB,3.0,0.0,0.0,0.0,0.0,,0.0,0.0,,,0.0,0.0,,,1.0,
549.0,Chris Lacy,22.0,DET,WR,1.0,0.0,1.0,0.0,0.0,,0.0,0.0,0.0,,0.0,0.0,0.0,0.0,0.0,
550.0,Jeremy Langford,27.0,ATL,RB,1.0,0.0,0.0,0.0,0.0,,0.0,0.0,,,0.0,0.0,,,0.0,
551.0,Kyle Lauletta,23.0,NYG,QB,2.0,0.0,0.0,0.0,0.0,,0.0,0.0,,,0.0,0.0,,,0.0,
552.0,Jourdan Lewis,23.0,DAL,DB,15.0,1.0,1.0,0.0,0.0,,0.0,0.0,0.0,,0.0,0.0,0.0,0.0,0.0,
553.0,Patrick Mahomes,23.0,KAN,QB,16.0,16.0,0.0,0.0,0.0,,0.0,0.0,,,0.0,0.0,,,9.0,"PB,AP-1,AP MVP-1,AP OPoY-1"
554.0,Eli Manning,37.0,NYG,QB,16.0,16.0,0.0,0.0,0.0,,0.0,0.0,,,0.0,0.0,,,7.0,
555.0,Sean Mannion,26.0,LAR,QB,3.0,0.0,0.0,0.0,0.0,,0.0,0.0,,,0.0,0.0,,,0.0,
556.0,Freddie Martino,27.0,TAM,WR,4.0,0.0,1.0,0.0,0.0,,0.0,0.0,0.0,,0.0,0.0,0.0,0.0,0.0,
557.0,Baker Mayfield,23.0,CLE,QB,14.0,13.0,1.0,0.0,0.0,,0.0,0.0,0.0,,0.0,0.0,0.0,0.0,7.0,AP ORoY-2
558.0,A.J. McCarron,28.0,OAK,QB,2.0,0.0,0.0,0.0,0.0,,0.0,0.0,,,0.0,0.0,,,1.0,
559.0,Riley McCarron,25.0,NWE,WR,1.0,0.0,1.0,0.0,0.0,,0.0,0.0,0.0,,0.0,0.0,0.0,0.0,1.0,
560.0,Josh McCown,39.0,NYJ,QB,4.0,3.0,0.0,0.0,0.0,,0.0,0.0,,,0.0,0.0,,,0.0,
561.0,Colt McCoy,32.0,WAS,QB,3.0,2.0,0.0,0.0,0.0,,0.0,0.0,,,0.0,0.0,,,1.0,
562.0,J.D. McKissic,25.0,SEA,RB,5.0,0.0,1.0,0.0,0.0,,0.0,0.0,0.0,,0.0,0.0,0.0,0.0,0.0,
563.0,Jeremy McNichols,23.0,IND,RB,1.0,0.0,0.0,0.0,0.0,,0.0,0.0,,,0.0,0.0,,,0.0,
564.0,Christine Michael,28.0,IND,RB,1.0,0.0,0.0,0.0,0.0,,0.0,0.0,,,0.0,0.0,,,0.0,
565.0,Rontez Miles,30.0,NYJ,DB,8.0,1.0,0.0,0.0,0.0,,0.0,0.0,,,0.0,0.0,,,1.0,
566.0,Nick Mullens,23.0,SFO,QB,8.0,8.0,0.0,0.0,0.0,,0.0,0.0,,,0.0,0.0,,,2.0,
567.0,Cam Newton,29.0,CAR,QB,14.0,14.0,0.0,0.0,0.0,,0.0,0.0,,,0.0,0.0,,,6.0,
568.0,Brock Osweiler,28.0,MIA,QB,7.0,5.0,0.0,0.0,0.0,,0.0,0.0,,,0.0,0.0,,,1.0,
569.0,Nathan Peterman,24.0,BUF,QB,4.0,2.0,0.0,0.0,0.0,,0.0,0.0,,,0.0,0.0,,,0.0,
570.0,Dak Prescott,25.0,DAL,QB,16.0,16.0,1.0,0.0,0.0,,0.0,0.0,0.0,,0.0,0.0,0.0,0.0,12.0,PB
571.0,Philip Rivers,37.0,LAC,QB,16.0,16.0,0.0,0.0,0.0,,0.0,0.0,,,0.0,0.0,,,2.0,PB
572.0,Aaron Rodgers,35.0,GNB,QB,16.0,16.0,0.0,0.0,0.0,,0.0,0.0,,,0.0,0.0,,,6.0,PB
573.0,Josh Rosen,21.0,ARI,QB,14.0,13.0,0.0,0.0,0.0,,0.0,0.0,,,0.0,0.0,,,10.0,
574.0,Mark Sanchez,32.0,WAS,QB,2.0,1.0,0.0,0.0,0.0,,0.0,0.0,,,0.0,0.0,,,1.0,
575.0,Alex Smith,34.0,WAS,QB,10.0,10.0,0.0,0.0,0.0,,0.0,0.0,,,0.0,0.0,,,6.0,
576.0,Geno Smith,28.0,LAC,QB,5.0,0.0,0.0,0.0,0.0,,0.0,0.0,,,0.0,0.0,,,1.0,
577.0,Jacquies Smith,28.0,OAK,LB,3.0,0.0,1.0,0.0,0.0,,0.0,0.0,0.0,,0.0,0.0,0.0,0.0,0.0,
578.0,Matthew Stafford,30.0,DET,QB,16.0,16.0,0.0,0.0,0.0,,0.0,0.0,,,0.0,0.0,,,6.0,
579.0,Jonathan Stewart,31.0,NYG,RB,3.0,0.0,0.0,0.0,0.0,,0.0,0.0,,,0.0,0.0,,,0.0,
580.0,Rod Streater,30.0,CLE,WR,3.0,0.0,0.0,0.0,0.0,,0.0,0.0,,,0.0,0.0,,,0.0,
581.0,Nate Sudfeld,25.0,PHI,QB,2.0,0.0,0.0,0.0,0.0,,0.0,0.0,,,0.0,0.0,,,0.0,
582.0,Tyrod Taylor,29.0,CLE,QB,4.0,3.0,0.0,0.0,0.0,,0.0,0.0,,,0.0,0.0,,,3.0,
583.0,Johnny Townsend,23.0,OAK,P,16.0,0.0,0.0,0.0,0.0,,0.0,0.0,,,0.0,0.0,,,0.0,
584.0,Mitchell Trubisky,24.0,CHI,QB,14.0,14.0,0.0,0.0,0.0,,0.0,0.0,,,0.0,0.0,,,6.0,PB
585.0,Mike Wallace,32.0,PHI,WR,2.0,2.0,3.0,0.0,0.0,,0.0,0.0,0.0,,0.0,0.0,0.0,0.0,0.0,
586.0,Dwayne Washington,24.0,NOR,RB,13.0,0.0,0.0,0.0,0.0,,0.0,0.0,,,0.0,0.0,,,0.0,
587.0,Deshaun Watson,23.0,HOU,QB,16.0,16.0,0.0,0.0,0.0,,0.0,0.0,,,0.0,0.0,,,9.0,PB
588.0,Brandon Weeden,35.0,HOU,QB,1.0,0.0,0.0,0.0,0.0,,0.0,0.0,,,0.0,0.0,,,0.0,
589.0,Cole Wick,25.0,SFO,TE,5.0,0.0,1.0,0.0,0.0,,0.0,0.0,0.0,,0.0,0.0,0.0,0.0,0.0,
590.0,Brandon Wilds,25.0,JAX,RB,3.0,0.0,0.0,0.0,0.0,,0.0,0.0,,,0.0,0.0,,,0.0,
591.0,David Williams,24.0,JAX,RB,6.0,0.0,0.0,0.0,0.0,,0.0,0.0,,,0.0,0.0,,,0.0,
592.0,Tavon Wilson,28.0,DET,DB,15.0,3.0,0.0,0.0,0.0,,0.0,0.0,,,0.0,0.0,,,0.0,
593.0,Jameis Winston,24.0,TAM,QB,11.0,9.0,0.0,0.0,0.0,,0.0,0.0,,,0.0,0.0,,,7.0,
,League Average,,,,,,,,,,,,51.6,,1.7,19.4,66.8,7.6,,
