Unnamed: 0_level_0,Unnamed: 1_level_0,Unnamed: 2_level_0,Unnamed: 3_level_0,Unnamed: 4_level_0,Unnamed: 5_level_0,Unnamed: 6_level_0,Rushing,Rushing,Rushing,Rushing,Rushing,Rushing,Rushing,Rushing,Rushing,Unnamed: 16_level_0,Unnamed: 17_level_0
Rk,Player,Age,Team,Pos,G,GS,Att,Yds,TD,1D,Succ%,Lng,Y/A,Y/G,A/G,Fmb,Awards
1.0,Ricky Williams,26.0,MIA,RB,16.0,16.0,392.0,1372.0,9.0,68.0,36.7,45.0,3.5,85.8,24.5,7.0,
2.0,Jamal Lewis,24.0,BAL,RB,16.0,16.0,387.0,2066.0,14.0,85.0,45.2,82.0,5.3,129.1,24.2,8.0,"PB,AP-1,AP MVP-4,AP OPoY-1"
3.0,Ahman Green,26.0,GNB,RB,16.0,16.0,355.0,1883.0,15.0,100.0,49.3,98.0,5.3,117.7,22.2,7.0,PB
4.0,Deuce McAllister,25.0,NOR,RB,16.0,16.0,351.0,1641.0,8.0,69.0,40.7,76.0,4.7,102.6,21.9,6.0,"PB,AP OPoY-6"
5.0,Fred Taylor,27.0,JAX,RB,16.0,16.0,345.0,1572.0,6.0,79.0,46.7,62.0,4.6,98.3,21.6,6.0,
6.0,Travis Henry,25.0,BUF,RB,15.0,15.0,331.0,1356.0,10.0,77.0,44.1,64.0,4.1,90.4,22.1,7.0,
7.0,Shaun Alexander,26.0,SEA,RB,16.0,15.0,326.0,1435.0,14.0,81.0,46.6,55.0,4.4,89.7,20.4,4.0,PB
8.0,Curtis Martin,30.0,NYJ,RB,16.0,16.0,323.0,1308.0,2.0,57.0,44.6,56.0,4.0,81.8,20.2,2.0,
9.0,Priest Holmes,30.0,KAN,RB,16.0,16.0,320.0,1420.0,27.0,90.0,57.5,31.0,4.4,88.8,20.0,1.0,"PB,AP-1,AP MVP-5,AP OPoY-4,AP CPoY-11"
10.0,Stephen Davis,29.0,CAR,RB,14.0,14.0,318.0,1444.0,8.0,69.0,45.6,40.0,4.5,103.1,22.7,3.0,"PB,AP CPoY-4"
11.0,LaDainian Tomlinson,24.0,SDG,RB,16.0,16.0,313.0,1645.0,13.0,83.0,43.1,73.0,5.3,102.8,19.6,2.0,"AP-2,AP OPoY-2"
12.0,Eddie George,30.0,TEN,RB,16.0,16.0,312.0,1031.0,5.0,52.0,38.5,27.0,3.3,64.4,19.5,1.0,
13.0,Edgerrin James,25.0,IND,RB,13.0,13.0,310.0,1259.0,11.0,84.0,49.4,43.0,4.1,96.8,23.8,5.0,
14.0,Clinton Portis,22.0,DEN,RB,13.0,13.0,290.0,1591.0,14.0,79.0,51.0,65.0,5.5,122.4,22.3,3.0,PB
15.0,Tiki Barber,28.0,NYG,RB,16.0,16.0,278.0,1216.0,2.0,68.0,47.5,27.0,4.4,76.0,17.4,9.0,
16.0,Troy Hambrick,27.0,DAL,RB,16.0,16.0,275.0,972.0,5.0,58.0,42.9,42.0,3.5,60.8,17.2,4.0,
17.0,Jerome Bettis,31.0,PIT,RB,16.0,10.0,246.0,811.0,7.0,44.0,46.7,21.0,3.3,50.7,15.4,5.0,
18.0,Anthony Thomas,26.0,CHI,RB,13.0,13.0,244.0,1024.0,6.0,47.0,45.1,67.0,4.2,78.8,18.8,1.0,
19.0,Domanick Williams,23.0,HOU,RB,14.0,10.0,238.0,1031.0,8.0,48.0,39.5,51.0,4.3,73.6,17.0,4.0,
20.0,Marcel Shipp,25.0,ARI,RB,16.0,11.0,228.0,830.0,0.0,37.0,42.1,36.0,3.6,51.9,14.3,3.0,
21.0,Rudi Johnson,24.0,CIN,RB,13.0,5.0,215.0,957.0,9.0,51.0,46.0,54.0,4.5,73.6,16.5,0.0,
22.0,Marshall Faulk,30.0,STL,RB,11.0,11.0,209.0,818.0,10.0,51.0,43.1,52.0,3.9,74.4,19.0,0.0,AP CPoY-11
23.0,Kevan Barlow,24.0,SFO,RB,16.0,4.0,201.0,1024.0,6.0,44.0,49.8,78.0,5.1,64.0,12.6,5.0,
24.0,T.J. Duckett,22.0,ATL,RB,16.0,10.0,197.0,779.0,11.0,39.0,45.7,55.0,4.0,48.7,12.3,3.0,
25.0,Michael Pittman,28.0,TAM,RB,16.0,13.0,187.0,751.0,0.0,39.0,47.6,17.0,4.0,46.9,11.7,4.0,
26.0,Antowain Smith,31.0,NWE,RB,13.0,6.0,182.0,642.0,3.0,31.0,42.9,30.0,3.5,49.4,14.0,1.0,
27.0,Kevin Faulk,27.0,NWE,RB,15.0,8.0,178.0,638.0,0.0,30.0,42.1,23.0,3.6,42.5,11.9,4.0,
28.0,Garrison Hearst,32.0,SFO,RB,12.0,12.0,178.0,768.0,3.0,41.0,41.0,36.0,4.3,64.0,14.8,2.0,
29.0,Moe Williams,29.0,MIN,RB,16.0,7.0,174.0,745.0,5.0,43.0,46.0,61.0,4.3,46.6,10.9,2.0,
30.0,Tyrone Wheatley,31.0,OAK,RB,15.0,5.0,159.0,678.0,4.0,31.0,49.1,41.0,4.3,45.2,10.6,2.0,
31.0,Shawn Bryson,27.0,DET,RB,16.0,13.0,158.0,606.0,3.0,32.0,40.5,39.0,3.8,37.9,9.9,2.0,
32.0,Trung Canidate,26.0,WAS,RB,11.0,10.0,142.0,600.0,1.0,27.0,43.0,38.0,4.2,54.5,12.9,1.0,
33.0,William Green,24.0,CLE,RB,7.0,7.0,142.0,559.0,1.0,30.0,45.8,26.0,3.9,79.9,20.3,5.0,
34.0,Corey Dillon,29.0,CIN,RB,13.0,11.0,138.0,541.0,2.0,27.0,42.0,39.0,3.9,41.6,10.6,0.0,
35.0,Thomas Jones,25.0,TAM,RB,16.0,3.0,137.0,627.0,3.0,24.0,42.3,61.0,4.6,39.2,8.6,4.0,
36.0,Amos Zereoue,27.0,PIT,RB,16.0,6.0,132.0,433.0,2.0,22.0,37.9,22.0,3.3,27.1,8.3,0.0,
37.0,Correll Buckhalter,25.0,PHI,RB,15.0,5.0,126.0,542.0,8.0,31.0,46.8,64.0,4.3,36.1,8.4,3.0,
38.0,Warrick Dunn,28.0,ATL,RB,11.0,6.0,125.0,672.0,3.0,28.0,42.4,69.0,5.4,61.1,11.4,2.0,
39.0,Charlie Garner,31.0,OAK,RB,14.0,9.0,120.0,553.0,3.0,27.0,44.2,33.0,4.6,39.5,8.6,1.0,
40.0,Brian Westbrook,24.0,PHI,RB,15.0,8.0,117.0,613.0,7.0,30.0,43.6,62.0,5.2,40.9,7.8,3.0,
41.0,DeShaun Foster,23.0,CAR,RB,14.0,2.0,113.0,429.0,0.0,23.0,32.7,21.0,3.8,30.6,8.1,3.0,
42.0,Olandis Gary,28.0,DET,RB,13.0,1.0,113.0,384.0,2.0,18.0,36.3,27.0,3.4,29.5,8.7,1.0,
43.0,Rock Cartwright,24.0,WAS,FB,15.0,3.0,107.0,411.0,4.0,36.0,53.3,22.0,3.8,27.4,7.1,2.0,
44.0,Onterrio Smith,23.0,MIN,RB,15.0,3.0,107.0,579.0,5.0,29.0,53.3,47.0,5.4,38.6,7.1,1.0,
45.0,James Jackson,27.0,CLE,RB,12.0,6.0,102.0,382.0,3.0,22.0,54.9,18.0,3.7,31.8,8.5,3.0,
46.0,Duce Staley,28.0,PHI,RB,16.0,4.0,96.0,463.0,5.0,22.0,52.1,22.0,4.8,28.9,6.0,2.0,
47.0,Quentin Griffin,22.0,DEN,RB,10.0,1.0,94.0,345.0,0.0,16.0,39.4,23.0,3.7,34.5,9.4,3.0,
48.0,Stacey Mack,28.0,HOU,RB,8.0,5.0,93.0,253.0,4.0,15.0,34.4,13.0,2.7,31.6,11.6,2.0,
49.0,Michael Bennett,25.0,MIN,RB,8.0,7.0,90.0,447.0,1.0,18.0,45.6,28.0,5.0,55.9,11.3,2.0,
50.0,Emmitt Smith,34.0,ARI,RB,10.0,5.0,90.0,256.0,2.0,15.0,38.9,22.0,2.8,25.6,9.0,2.0,
51.0,Arlen Harris,23.0,STL,RB,16.0,2.0,85.0,255.0,4.0,16.0,42.4,18.0,3.0,15.9,5.3,3.0,
52.0,Ladell Betts,24.0,WAS,RB,9.0,1.0,77.0,255.0,2.0,16.0,48.1,13.0,3.3,28.3,8.6,0.0,
53.0,Najeh Davenport,24.0,GNB,RB,15.0,0.0,77.0,420.0,2.0,18.0,51.9,76.0,5.5,28.0,5.1,4.0,
54.0,Daunte Culpepper,26.0,MIN,QB,14.0,14.0,73.0,422.0,4.0,28.0,63.0,42.0,5.8,30.1,5.2,16.0,"PB,AP CPoY-8"
55.0,Lamar Gordon,23.0,STL,RB,10.0,4.0,71.0,298.0,1.0,22.0,47.9,20.0,4.2,29.8,7.1,1.0,
56.0,Donovan McNabb,27.0,PHI,QB,16.0,16.0,71.0,355.0,3.0,27.0,50.7,34.0,5.0,22.2,4.4,9.0,PB
57.0,Mike Anderson,30.0,DEN,FB,12.0,5.0,70.0,257.0,3.0,17.0,41.4,44.0,3.7,21.4,5.8,2.0,
58.0,Richie Anderson,32.0,DAL,FB,15.0,8.0,70.0,306.0,1.0,16.0,44.3,19.0,4.4,20.4,4.7,1.0,
59.0,Jamel White,26.0,CLE,RB,16.0,3.0,70.0,266.0,1.0,15.0,44.3,23.0,3.8,16.6,4.4,1.0,
60.0,Quincy Carter,26.0,DAL,QB,16.0,16.0,68.0,257.0,2.0,25.0,42.6,19.0,3.8,16.1,4.3,10.0,AP CPoY-2
61.0,Dorsey Levens,33.0,NYG,RB,11.0,0.0,68.0,197.0,3.0,16.0,35.3,17.0,2.9,17.9,6.2,0.0,
62.0,Robert Holcombe,28.0,TEN,RB,15.0,0.0,63.0,201.0,1.0,11.0,27.0,21.0,3.2,13.4,4.2,2.0,
63.0,Chester Taylor,24.0,BAL,RB,16.0,1.0,63.0,276.0,2.0,12.0,39.7,32.0,4.4,17.3,3.9,3.0,
64.0,Kordell Stewart,31.0,CHI,QB,9.0,7.0,59.0,290.0,3.0,24.0,57.6,25.0,4.9,32.2,6.6,7.0,
65.0,Brandon Bennett,30.0,CIN,RB,16.0,0.0,56.0,173.0,0.0,11.0,32.1,19.0,3.1,10.8,3.5,2.0,
66.0,Chris Brown,22.0,TEN,RB,11.0,0.0,56.0,221.0,0.0,9.0,39.3,28.0,3.9,20.1,5.1,1.0,
67.0,Jeff Garcia,33.0,SFO,QB,13.0,13.0,56.0,319.0,7.0,25.0,58.9,21.0,5.7,24.5,4.3,9.0,
68.0,Lee Suggs,23.0,CLE,RB,7.0,0.0,56.0,289.0,2.0,14.0,42.9,78.0,5.2,41.3,8.0,2.0,
69.0,Aaron Brooks,27.0,NOR,QB,16.0,16.0,54.0,175.0,2.0,20.0,48.1,15.0,3.2,10.9,3.4,14.0,
70.0,LaBrandon Toefield,23.0,JAX,RB,16.0,0.0,53.0,212.0,2.0,11.0,49.1,30.0,4.0,13.3,3.3,0.0,
71.0,Brock Forsey,23.0,CHI,RB,9.0,2.0,50.0,191.0,2.0,12.0,52.0,17.0,3.8,21.2,5.6,0.0,
72.0,Zack Crockett,31.0,OAK,FB,16.0,7.0,48.0,145.0,7.0,19.0,45.8,44.0,3.0,9.1,3.0,1.0,
73.0,Chad Morton,26.0,WAS,RB,15.0,2.0,48.0,216.0,0.0,10.0,50.0,27.0,4.5,14.4,3.2,1.0,
74.0,Ricky Williams,25.0,IND,RB,13.0,4.0,48.0,155.0,2.0,7.0,43.8,19.0,3.2,11.9,3.7,2.0,
75.0,LaMont Jordan,25.0,NYJ,RB,16.0,0.0,46.0,190.0,4.0,14.0,47.8,39.0,4.1,11.9,2.9,0.0,
76.0,Tom Brady,26.0,NWE,QB,16.0,16.0,42.0,63.0,1.0,11.0,28.6,11.0,1.5,3.9,2.6,13.0,AP MVP-3
77.0,Jake Delhomme,28.0,CAR,QB,16.0,15.0,42.0,39.0,1.0,10.0,33.3,9.0,0.9,2.4,2.6,15.0,
78.0,Travis Minor,24.0,MIA,RB,16.0,0.0,41.0,193.0,1.0,13.0,48.8,26.0,4.7,12.1,2.6,0.0,
79.0,Aveion Cason,24.0,DAL,RB,10.0,0.0,40.0,220.0,2.0,7.0,32.5,63.0,5.5,22.0,4.0,2.0,
80.0,Justin Fargas,23.0,OAK,FB,10.0,1.0,40.0,203.0,0.0,10.0,37.5,53.0,5.1,20.3,4.0,1.0,
81.0,Tony Fisher,24.0,GNB,RB,15.0,0.0,40.0,200.0,1.0,9.0,35.0,19.0,5.0,13.3,2.7,0.0,
82.0,Michael Vick,23.0,ATL,QB,5.0,4.0,40.0,255.0,1.0,14.0,57.5,43.0,6.4,51.0,8.0,4.0,
83.0,Joe Burns,24.0,BUF,RB,16.0,1.0,39.0,113.0,0.0,3.0,33.3,12.0,2.9,7.1,2.4,1.0,
84.0,Artose Pinner,25.0,DET,RB,3.0,2.0,39.0,99.0,0.0,3.0,30.8,12.0,2.5,33.0,13.0,0.0,
85.0,Justin Griffith,23.0,ATL,FB,16.0,11.0,38.0,168.0,0.0,13.0,63.2,15.0,4.4,10.5,2.4,0.0,
86.0,Tony Hollings,22.0,HOU,RB,14.0,1.0,38.0,102.0,0.0,5.0,28.9,17.0,2.7,7.3,2.7,2.0,
87.0,Jon Kitna,31.0,CIN,QB,16.0,16.0,38.0,113.0,0.0,7.0,28.9,15.0,3.0,7.1,2.4,9.0,AP CPoY-1
88.0,Steve McNair,30.0,TEN,QB,14.0,14.0,38.0,138.0,4.0,9.0,36.8,23.0,3.6,9.9,2.7,12.0,"PB,AP-2,AP MVP-1,AP OPoY-5"
89.0,Maurice Morris,24.0,SEA,RB,16.0,1.0,38.0,239.0,0.0,10.0,42.1,43.0,6.3,14.9,2.4,2.0,
90.0,Jake Plummer,29.0,DEN,QB,11.0,11.0,37.0,205.0,3.0,17.0,62.2,40.0,5.5,18.6,3.4,4.0,AP CPoY-8
91.0,Dominic Rhodes,24.0,IND,RB,11.0,0.0,37.0,157.0,0.0,6.0,40.5,25.0,4.2,14.3,3.4,0.0,
92.0,Aaron Stecker,28.0,TAM,RB,16.0,1.0,37.0,125.0,0.0,5.0,37.8,15.0,3.4,7.8,2.3,1.0,
93.0,Mack Strong,32.0,SEA,FB,16.0,9.0,37.0,174.0,1.0,19.0,62.2,21.0,4.7,10.9,2.3,1.0,
94.0,Matt Hasselbeck,28.0,SEA,QB,16.0,16.0,36.0,125.0,2.0,10.0,38.9,18.0,3.5,7.8,2.3,4.0,PB
95.0,Chris Fuamatu-Ma'afala,26.0,JAX,RB,13.0,0.0,35.0,144.0,1.0,12.0,57.1,18.0,4.1,11.1,2.7,0.0,
96.0,Jay Fiedler,32.0,MIA,QB,12.0,11.0,34.0,88.0,3.0,14.0,52.9,14.0,2.6,7.3,2.8,7.0,
97.0,Doug Flutie,41.0,SDG,QB,7.0,5.0,33.0,168.0,2.0,12.0,42.4,17.0,5.1,24.0,4.7,7.0,
98.0,Jamal Robertson,26.0,SFO,RB,9.0,0.0,32.0,136.0,0.0,7.0,31.3,23.0,4.3,15.1,3.6,0.0,
99.0,Jeff Blake,33.0,ARI,QB,13.0,13.0,30.0,177.0,2.0,13.0,50.0,19.0,5.9,13.6,2.3,8.0,
100.0,Kyle Boller,22.0,BAL,QB,11.0,9.0,30.0,62.0,0.0,6.0,23.3,15.0,2.1,5.6,2.7,9.0,
101.0,Joey Harrington,25.0,DET,QB,16.0,16.0,30.0,86.0,0.0,7.0,33.3,26.0,2.9,5.4,1.9,6.0,
102.0,Marc Bulger,26.0,STL,QB,15.0,15.0,29.0,75.0,4.0,7.0,24.1,28.0,2.6,5.0,1.9,8.0,PB
103.0,Peyton Manning,27.0,IND,QB,16.0,16.0,28.0,26.0,0.0,3.0,14.3,10.0,0.9,1.6,1.8,6.0,"PB,AP-1,AP MVP-1,AP OPoY-3"
104.0,Josh McCown,24.0,ARI,QB,8.0,3.0,28.0,158.0,1.0,8.0,60.7,16.0,5.6,19.8,3.5,10.0,
105.0,Adrian Murrell,33.0,DAL,RB,3.0,0.0,28.0,107.0,0.0,6.0,46.4,17.0,3.8,35.7,9.3,0.0,
106.0,Anthony Wright,27.0,BAL,QB,7.0,7.0,28.0,73.0,0.0,5.0,32.1,17.0,2.6,10.4,4.0,9.0,
107.0,Mike Alstott,30.0,TAM,RB,4.0,3.0,27.0,77.0,2.0,9.0,44.4,29.0,2.9,19.3,6.8,0.0,
108.0,David Carr,24.0,HOU,QB,12.0,11.0,27.0,151.0,2.0,11.0,55.6,36.0,5.6,12.6,2.3,4.0,
109.0,Mike Cloud,28.0,NWE,RB,5.0,1.0,27.0,118.0,5.0,12.0,51.9,42.0,4.4,23.6,5.4,0.0,
110.0,Trent Green,33.0,KAN,QB,16.0,16.0,26.0,83.0,2.0,9.0,46.2,14.0,3.2,5.2,1.6,5.0,PB
111.0,Brad Johnson,35.0,TAM,QB,16.0,16.0,25.0,33.0,0.0,4.0,28.0,13.0,1.3,2.1,1.6,6.0,
112.0,Byron Leftwich,23.0,JAX,QB,15.0,13.0,25.0,108.0,2.0,10.0,44.0,18.0,4.3,7.2,1.7,11.0,
113.0,Drew Bledsoe,31.0,BUF,QB,16.0,16.0,24.0,29.0,2.0,5.0,25.0,11.0,1.2,1.8,1.5,15.0,
114.0,James Mungro,25.0,IND,RB,7.0,0.0,24.0,60.0,2.0,5.0,37.5,9.0,2.5,8.6,3.4,0.0,
115.0,Tony Richardson,32.0,KAN,FB,16.0,10.0,24.0,60.0,0.0,5.0,41.7,8.0,2.5,3.8,1.5,0.0,PB
116.0,Derrick Blaylock,24.0,KAN,RB,16.0,0.0,22.0,112.0,2.0,7.0,50.0,25.0,5.1,7.0,1.4,1.0,
117.0,Adrian Peterson,24.0,CHI,RB,6.0,1.0,22.0,70.0,0.0,4.0,50.0,10.0,3.2,11.7,3.7,0.0,
118.0,Drew Brees,24.0,SDG,QB,11.0,11.0,21.0,84.0,0.0,8.0,47.6,18.0,4.0,7.6,1.9,5.0,
119.0,Larry Centers,35.0,NWE,FB,9.0,3.0,21.0,82.0,0.0,2.0,38.1,13.0,3.9,9.1,2.3,0.0,
120.0,Chad Pennington,27.0,NYJ,QB,10.0,9.0,21.0,42.0,2.0,6.0,33.3,10.0,2.0,4.2,2.1,8.0,
121.0,Stanley Pritchett,30.0,CHI,FB,16.0,11.0,21.0,93.0,2.0,8.0,57.1,18.0,4.4,5.8,1.3,0.0,
122.0,Verron Haynes,24.0,PIT,RB,12.0,0.0,20.0,63.0,0.0,3.0,30.0,15.0,3.2,5.3,1.7,2.0,
123.0,Larry Johnson,24.0,KAN,RB,6.0,0.0,20.0,85.0,1.0,6.0,45.0,15.0,4.3,14.2,3.3,0.0,
124.0,Rick Mirer,33.0,OAK,QB,9.0,8.0,20.0,83.0,1.0,6.0,30.0,20.0,4.2,9.2,2.2,4.0,
125.0,Rod Smart,26.0,CAR,RB,16.0,0.0,20.0,49.0,0.0,3.0,30.0,6.0,2.5,3.1,1.3,2.0,
126.0,Erik Bickerstaff,23.0,DAL,RB,4.0,0.0,19.0,56.0,1.0,3.0,42.1,9.0,2.9,14.0,4.8,0.0,
127.0,Ki-Jana Carter,30.0,NOR,RB,8.0,0.0,19.0,72.0,1.0,4.0,31.6,31.0,3.8,9.0,2.4,0.0,
128.0,Sammy Morris,26.0,BUF,RB,9.0,0.0,19.0,70.0,1.0,7.0,52.6,12.0,3.7,7.8,2.1,0.0,
129.0,Alan Ricard,26.0,BAL,FB,16.0,13.0,19.0,79.0,0.0,5.0,36.8,30.0,4.2,4.9,1.2,0.0,
130.0,Rabih Abdullah,28.0,CHI,RB,15.0,0.0,18.0,37.0,0.0,4.0,27.8,10.0,2.1,2.5,1.2,0.0,
131.0,Damien Anderson,24.0,ARI,RB,16.0,0.0,18.0,68.0,0.0,5.0,44.4,17.0,3.8,4.3,1.1,0.0,
132.0,Brett Favre,34.0,GNB,QB,16.0,16.0,18.0,15.0,0.0,3.0,16.7,7.0,0.8,0.9,1.1,5.0,PB
133.0,Lorenzo Neal,33.0,SDG,FB,16.0,15.0,18.0,40.0,1.0,7.0,55.6,7.0,2.2,2.5,1.1,0.0,
134.0,Peter Warrick,26.0,CIN,WR,15.0,14.0,18.0,157.0,0.0,7.0,55.6,50.0,8.7,10.5,1.2,2.0,
135.0,Fred Beasley,29.0,SFO,FB,16.0,11.0,17.0,24.0,0.0,4.0,23.5,5.0,1.4,1.5,1.1,0.0,"PB,AP-2"
136.0,Kerry Collins,31.0,NYG,QB,13.0,13.0,17.0,49.0,0.0,3.0,23.5,22.0,2.9,3.8,1.3,12.0,
137.0,Dante Hall,25.0,KAN,WR,16.0,2.0,16.0,73.0,0.0,5.0,56.3,16.0,4.6,4.6,1.0,3.0,"PB,AP-1"
138.0,Doug Chapman,26.0,MIN,RB,4.0,0.0,15.0,33.0,0.0,1.0,26.7,6.0,2.2,8.3,3.8,0.0,
139.0,Tim Hasselbeck,25.0,WAS,QB,7.0,5.0,15.0,41.0,0.0,2.0,33.3,11.0,2.7,5.9,2.1,3.0,
140.0,Jeremi Johnson,23.0,CIN,FB,16.0,13.0,15.0,41.0,1.0,5.0,46.7,12.0,2.7,2.6,0.9,0.0,
141.0,Patrick Ramsey,24.0,WAS,QB,11.0,11.0,15.0,62.0,1.0,3.0,26.7,24.0,4.1,5.6,1.4,8.0,
142.0,Antwaan Randle El,24.0,PIT,WR,16.0,1.0,15.0,75.0,0.0,4.0,53.3,32.0,5.0,4.7,0.9,5.0,
143.0,Chris Chandler,38.0,CHI,QB,8.0,6.0,14.0,35.0,0.0,4.0,42.9,11.0,2.5,4.4,1.8,4.0,
144.0,Doug Johnson,26.0,ATL,QB,10.0,8.0,14.0,21.0,1.0,2.0,21.4,13.0,1.5,2.1,1.4,3.0,
145.0,Tommy Maddox,32.0,PIT,QB,16.0,16.0,13.0,12.0,0.0,0.0,7.7,6.0,0.9,0.8,0.8,5.0,
146.0,Gus Frerotte,32.0,MIN,QB,16.0,2.0,12.0,-2.0,0.0,0.0,0.0,4.0,-0.2,-0.1,0.8,2.0,
147.0,Dennis Northcutt,26.0,CLE,WR,15.0,6.0,12.0,83.0,0.0,4.0,75.0,23.0,6.9,5.5,0.8,2.0,
148.0,Cecil Sapp,25.0,DEN,RB,1.0,0.0,12.0,31.0,0.0,1.0,25.0,5.0,2.6,31.0,12.0,0.0,
149.0,Tim Couch,26.0,CLE,QB,10.0,8.0,11.0,39.0,1.0,4.0,36.4,17.0,3.5,3.9,1.1,6.0,
150.0,Delvin Joyce,25.0,NYG,RB,16.0,0.0,11.0,39.0,0.0,2.0,36.4,8.0,3.5,2.4,0.7,1.0,
151.0,Lamar Smith,33.0,NOR,RB,4.0,0.0,11.0,61.0,0.0,4.0,72.7,17.0,5.5,15.3,2.8,0.0,
152.0,Steve Smith Sr.,24.0,CAR,WR,16.0,11.0,11.0,42.0,0.0,4.0,45.5,14.0,3.8,2.6,0.7,5.0,
153.0,Travis Taylor,25.0,BAL,WR,16.0,16.0,11.0,62.0,0.0,3.0,54.5,16.0,5.6,3.9,0.7,0.0,
154.0,Billy Volek,27.0,TEN,QB,7.0,1.0,11.0,4.0,1.0,1.0,27.3,5.0,0.4,0.6,1.6,1.0,
155.0,Hines Ward,27.0,PIT,WR,16.0,16.0,11.0,61.0,0.0,3.0,45.5,25.0,5.5,3.8,0.7,0.0,"PB,AP-2"
156.0,Kelly Campbell,23.0,MIN,WR,15.0,6.0,10.0,71.0,0.0,4.0,80.0,19.0,7.1,4.7,0.7,2.0,
157.0,Avon Cobourne,24.0,DET,RB,7.0,0.0,10.0,27.0,0.0,1.0,20.0,19.0,2.7,3.9,1.4,0.0,
158.0,Laveranues Coles,26.0,WAS,WR,16.0,16.0,10.0,39.0,0.0,3.0,40.0,23.0,3.9,2.4,0.6,0.0,PB
159.0,Nick Goings,25.0,CAR,RB,15.0,0.0,10.0,69.0,0.0,4.0,80.0,17.0,6.9,4.6,0.7,0.0,
160.0,Santana Moss,24.0,NYJ,WR,16.0,12.0,10.0,67.0,0.0,2.0,50.0,25.0,6.7,4.2,0.6,4.0,
161.0,Rod Smith,33.0,DEN,WR,15.0,15.0,10.0,98.0,0.0,4.0,80.0,26.0,9.8,6.5,0.7,0.0,
162.0,Tim Dwight,28.0,SDG,WR,9.0,3.0,9.0,88.0,0.0,3.0,88.9,20.0,9.8,9.8,1.0,1.0,
163.0,J.R. Redmond,26.0,OAK,RB,1.0,0.0,9.0,30.0,0.0,2.0,44.4,9.0,3.3,30.0,9.0,0.0,
164.0,Cory Schlesinger,31.0,DET,FB,16.0,10.0,9.0,16.0,0.0,5.0,55.6,4.0,1.8,1.0,0.6,0.0,
165.0,Musa Smith,21.0,BAL,RB,11.0,0.0,9.0,31.0,2.0,2.0,22.2,11.0,3.4,2.8,0.8,1.0,
166.0,Mark Brunell,33.0,JAX,QB,3.0,3.0,8.0,19.0,1.0,3.0,37.5,12.0,2.4,6.3,2.7,1.0,
167.0,Jesse Chatman,24.0,SDG,RB,16.0,0.0,8.0,17.0,0.0,0.0,25.0,6.0,2.1,1.1,0.5,0.0,
168.0,Todd Collins,32.0,KAN,QB,5.0,0.0,8.0,-7.0,0.0,1.0,0.0,,-0.9,-1.4,1.6,0.0,
169.0,Woodrow Dantzler,24.0,ATL,RB,9.0,0.0,8.0,21.0,1.0,2.0,37.5,12.0,2.6,2.3,0.9,0.0,
170.0,Kelly Holcomb,30.0,CLE,QB,10.0,8.0,8.0,7.0,0.0,0.0,12.5,6.0,0.9,0.7,0.8,5.0,
171.0,Kurt Kittner,23.0,ATL,QB,7.0,4.0,8.0,13.0,0.0,3.0,25.0,7.0,1.6,1.9,1.1,0.0,
172.0,Ashley Lelie,23.0,DEN,WR,16.0,10.0,8.0,43.0,0.0,2.0,50.0,13.0,5.4,2.7,0.5,0.0,
173.0,Johnnie Morton,32.0,KAN,WR,16.0,16.0,8.0,94.0,0.0,3.0,50.0,39.0,11.8,5.9,0.5,0.0,
174.0,Tim Rattay,26.0,SFO,QB,11.0,3.0,8.0,0.0,0.0,1.0,12.5,,0.0,0.0,0.7,0.0,
175.0,Marc Edwards,29.0,JAX,FB,16.0,16.0,7.0,13.0,1.0,4.0,57.1,3.0,1.9,0.8,0.4,0.0,
176.0,Heath Evans,25.0,SEA,FB,14.0,0.0,7.0,24.0,0.0,1.0,42.9,8.0,3.4,1.7,0.5,0.0,
177.0,Dan Kreider,26.0,PIT,FB,16.0,12.0,7.0,29.0,1.0,1.0,71.4,9.0,4.1,1.8,0.4,0.0,
178.0,Tony Banks,30.0,HOU,QB,7.0,3.0,6.0,27.0,0.0,2.0,50.0,13.0,4.5,3.9,0.9,1.0,
179.0,Troy Brown,32.0,NWE,WR,12.0,10.0,6.0,27.0,0.0,2.0,66.7,11.0,4.5,2.3,0.5,2.0,
180.0,Reuben Droughns,25.0,DEN,RB,15.0,4.0,6.0,14.0,0.0,1.0,16.7,12.0,2.3,0.9,0.4,0.0,
181.0,Rich Gannon,38.0,OAK,QB,7.0,7.0,6.0,18.0,0.0,1.0,33.3,6.0,3.0,2.6,0.9,2.0,
182.0,Brad Hoover,27.0,CAR,FB,16.0,9.0,6.0,21.0,0.0,2.0,83.3,5.0,3.5,1.3,0.4,1.0,
183.0,Danny Kanell,30.0,DEN,QB,5.0,2.0,6.0,5.0,0.0,1.0,16.7,9.0,0.8,1.0,1.2,3.0,
184.0,Randy Moss,26.0,MIN,WR,16.0,16.0,6.0,18.0,0.0,1.0,50.0,11.0,3.0,1.1,0.4,1.0,"PB,AP-1"
185.0,Patrick Pass,25.0,NWE,FB,13.0,1.0,6.0,27.0,0.0,2.0,83.3,11.0,4.5,2.1,0.5,0.0,
186.0,Doug Pederson,35.0,GNB,QB,16.0,0.0,6.0,-5.0,0.0,0.0,0.0,,-0.8,-0.3,0.4,0.0,
187.0,Dave Ragone,24.0,HOU,QB,2.0,2.0,6.0,51.0,0.0,2.0,33.3,14.0,8.5,25.5,3.0,4.0,
188.0,Vinny Testaverde,40.0,NYJ,QB,7.0,7.0,6.0,17.0,0.0,1.0,33.3,13.0,2.8,2.4,0.9,1.0,
189.0,Marques Tuiasosopo,24.0,OAK,QB,4.0,1.0,6.0,22.0,0.0,0.0,50.0,8.0,3.7,5.5,1.5,2.0,
190.0,Alvis Whitted,29.0,OAK,WR,16.0,2.0,6.0,37.0,0.0,2.0,66.7,16.0,6.2,2.3,0.4,0.0,
191.0,Steve Beuerlein,38.0,DEN,QB,4.0,2.0,5.0,13.0,0.0,1.0,40.0,7.0,2.6,3.3,1.3,3.0,
192.0,Anquan Boldin,23.0,ARI,WR,16.0,16.0,5.0,40.0,0.0,2.0,80.0,23.0,8.0,2.5,0.3,3.0,"PB,AP ORoY-1"
193.0,Reche Caldwell,24.0,SDG,WR,9.0,4.0,5.0,39.0,0.0,2.0,60.0,14.0,7.8,4.3,0.6,0.0,
194.0,Andre' Davis,24.0,CLE,WR,16.0,8.0,5.0,28.0,0.0,1.0,40.0,7.0,5.6,1.8,0.3,2.0,
195.0,Donald Driver,28.0,GNB,WR,15.0,15.0,5.0,51.0,0.0,1.0,60.0,45.0,10.2,3.4,0.3,0.0,
196.0,Brian Griese,28.0,MIA,QB,5.0,5.0,5.0,15.0,0.0,0.0,20.0,9.0,3.0,3.0,1.0,4.0,
197.0,Andre Johnson,22.0,HOU,WR,16.0,16.0,5.0,-10.0,0.0,1.0,20.0,11.0,-2.0,-0.6,0.3,0.0,
198.0,Tee Martin,25.0,OAK,QB,2.0,0.0,5.0,28.0,0.0,0.0,60.0,8.0,5.6,14.0,2.5,3.0,
199.0,Mike McMahon,24.0,DET,QB,3.0,0.0,5.0,32.0,0.0,1.0,60.0,12.0,6.4,10.7,1.7,1.0,
200.0,James Thrash,28.0,PHI,WR,16.0,16.0,5.0,52.0,0.0,2.0,40.0,47.0,10.4,3.3,0.3,0.0,
201.0,Bobby Wade,22.0,CHI,WR,12.0,1.0,5.0,14.0,0.0,2.0,80.0,6.0,2.8,1.2,0.4,1.0,
202.0,Jonathan Wells,24.0,HOU,RB,13.0,0.0,5.0,14.0,0.0,1.0,40.0,10.0,2.8,1.1,0.4,0.0,
203.0,David Allen,25.0,JAX,RB,14.0,0.0,4.0,8.0,0.0,1.0,25.0,6.0,2.0,0.6,0.3,2.0,
204.0,Chris Chambers,25.0,MIA,WR,16.0,16.0,4.0,30.0,0.0,1.0,75.0,12.0,7.5,1.9,0.3,1.0,
205.0,James Fenderson,27.0,NOR,RB,9.0,0.0,4.0,14.0,0.0,0.0,0.0,6.0,3.5,1.6,0.4,0.0,
206.0,Joey Galloway,32.0,DAL,WR,15.0,13.0,4.0,22.0,0.0,0.0,50.0,10.0,5.5,1.5,0.3,1.0,
207.0,Leon Johnson,29.0,SDG,RB,14.0,0.0,4.0,26.0,0.0,1.0,25.0,18.0,6.5,1.9,0.3,1.0,
208.0,Shaun King,26.0,TAM,QB,3.0,0.0,4.0,20.0,0.0,3.0,75.0,12.0,5.0,6.7,1.3,0.0,
209.0,Rob Konrad,27.0,MIA,FB,14.0,12.0,4.0,17.0,0.0,1.0,50.0,11.0,4.3,1.2,0.3,0.0,
210.0,Brandon Manumaleuna,23.0,STL,TE,16.0,15.0,4.0,15.0,0.0,0.0,50.0,8.0,3.8,0.9,0.3,0.0,
211.0,Jamar Martin,23.0,DAL,FB,14.0,1.0,4.0,7.0,0.0,2.0,50.0,3.0,1.8,0.5,0.3,0.0,
212.0,Brian Mitchell,35.0,NYG,RB,16.0,0.0,4.0,20.0,1.0,2.0,50.0,18.0,5.0,1.3,0.3,5.0,
213.0,Jesse Palmer,25.0,NYG,QB,6.0,3.0,4.0,23.0,0.0,2.0,50.0,26.0,5.8,3.8,0.7,2.0,
214.0,Koren Robinson,23.0,SEA,WR,15.0,15.0,4.0,15.0,0.0,2.0,50.0,16.0,3.8,1.0,0.3,1.0,
215.0,Alex Van Pelt,33.0,BUF,QB,6.0,0.0,4.0,-6.0,0.0,0.0,0.0,-1.0,-1.5,-1.0,0.7,0.0,
216.0,Marty Booker,27.0,CHI,WR,13.0,13.0,3.0,-7.0,0.0,0.0,0.0,1.0,-2.3,-0.5,0.2,1.0,
217.0,David Boston,25.0,SDG,WR,14.0,14.0,3.0,18.0,0.0,2.0,66.7,13.0,6.0,1.3,0.2,2.0,
218.0,Todd Bouman,31.0,NOR,QB,4.0,0.0,3.0,1.0,0.0,1.0,33.3,2.0,0.3,0.3,0.8,1.0,
219.0,Kerry Carter,23.0,SEA,RB,16.0,0.0,3.0,-2.0,0.0,0.0,0.0,1.0,-0.7,-0.1,0.2,0.0,
220.0,Troy Edwards,26.0,JAX,WR,13.0,11.0,3.0,-9.0,0.0,0.0,33.3,4.0,-3.0,-0.7,0.2,0.0,
221.0,Mike Furrey,26.0,STL,WR,13.0,0.0,3.0,5.0,0.0,1.0,33.3,2.0,1.7,0.4,0.2,3.0,
222.0,Terry Glenn,29.0,DAL,WR,16.0,14.0,3.0,55.0,0.0,1.0,100.0,47.0,18.3,3.4,0.2,2.0,
223.0,Rex Grossman,23.0,CHI,QB,3.0,3.0,3.0,-1.0,0.0,0.0,0.0,,-0.3,-0.3,1.0,3.0,
224.0,Az-Zahir Hakim,26.0,DET,WR,14.0,12.0,3.0,51.0,0.0,1.0,100.0,35.0,17.0,3.6,0.2,2.0,
225.0,Todd Heap,23.0,BAL,TE,16.0,16.0,3.0,21.0,0.0,0.0,100.0,9.0,7.0,1.3,0.2,1.0,"PB,AP-2"
226.0,Brock Huard,27.0,IND,QB,2.0,0.0,3.0,8.0,0.0,0.0,0.0,9.0,2.7,4.0,1.5,1.0,
227.0,Derrick Mason,29.0,TEN,WR,16.0,16.0,3.0,11.0,0.0,0.0,33.3,7.0,3.7,0.7,0.2,0.0,PB
228.0,Fred McCrary,31.0,NWE,FB,6.0,3.0,3.0,3.0,0.0,1.0,33.3,4.0,1.0,0.5,0.5,0.0,
229.0,Quincy Morgan,26.0,CLE,WR,16.0,15.0,3.0,-4.0,0.0,0.0,33.3,2.0,-1.3,-0.3,0.2,0.0,
230.0,Terrell Owens,30.0,SFO,WR,15.0,15.0,3.0,-2.0,0.0,0.0,0.0,3.0,-0.7,-0.1,0.2,0.0,PB
231.0,Eric Parker,24.0,SDG,WR,8.0,4.0,3.0,21.0,0.0,2.0,66.7,13.0,7.0,2.6,0.4,1.0,
232.0,Josh Reed,23.0,BUF,WR,16.0,16.0,3.0,38.0,0.0,2.0,66.7,16.0,12.7,2.4,0.2,1.0,
233.0,John Simon,25.0,WAS,RB,4.0,0.0,3.0,9.0,0.0,0.0,33.3,6.0,3.0,2.3,0.8,1.0,
234.0,Reggie Swinton,28.0,2TM,WR,12.0,1.0,3.0,11.0,0.0,0.0,33.3,9.0,3.7,0.9,0.3,4.0,
234.0,Reggie Swinton,28.0,DAL,WR,1.0,0.0,0.0,0.0,0.0,0.0,,,,0.0,0.0,0.0,
234.0,Reggie Swinton,28.0,DET,WR,11.0,1.0,3.0,11.0,0.0,0.0,33.3,9.0,3.7,1.0,0.3,4.0,
235.0,Matt Turk,35.0,MIA,P,13.0,0.0,3.0,30.0,0.0,1.0,33.3,23.0,10.0,2.3,0.2,0.0,
236.0,Rob Johnson,30.0,2TM,QB,4.0,0.0,3.0,21.0,0.0,1.0,33.3,14.0,7.0,5.3,0.8,0.0,
236.0,Rob Johnson,30.0,WAS,QB,2.0,0.0,1.0,6.0,0.0,0.0,0.0,6.0,6.0,3.0,0.5,0.0,
236.0,Rob Johnson,30.0,OAK,QB,2.0,0.0,2.0,15.0,0.0,1.0,50.0,14.0,7.5,7.5,1.0,0.0,
237.0,B.J. Askew,23.0,NYJ,FB,16.0,0.0,2.0,9.0,0.0,1.0,100.0,6.0,4.5,0.6,0.1,0.0,
238.0,Arnaz Battle,23.0,SFO,WR,8.0,0.0,2.0,14.0,0.0,0.0,0.0,9.0,7.0,1.8,0.3,0.0,
239.0,Isaac Bruce,31.0,STL,WR,15.0,15.0,2.0,17.0,0.0,1.0,50.0,14.0,8.5,1.1,0.1,0.0,
240.0,Antonio Bryant,22.0,DAL,WR,16.0,5.0,2.0,0.0,0.0,0.0,0.0,,0.0,0.0,0.1,0.0,
241.0,Cam Cleeland,28.0,STL,TE,16.0,10.0,2.0,-5.0,0.0,0.0,0.0,,-2.5,-0.3,0.1,1.0,
242.0,Chris Cole,26.0,DEN,WR,11.0,0.0,2.0,8.0,0.0,1.0,50.0,8.0,4.0,0.7,0.2,1.0,
243.0,Trent Dilfer,31.0,SEA,QB,5.0,0.0,2.0,-1.0,0.0,0.0,0.0,,-0.5,-0.2,0.4,2.0,
244.0,Ike Hilliard,27.0,NYG,WR,13.0,12.0,2.0,19.0,0.0,1.0,100.0,13.0,9.5,1.5,0.2,2.0,
245.0,James Hodgins,26.0,ARI,FB,16.0,8.0,2.0,6.0,0.0,1.0,50.0,3.0,3.0,0.4,0.1,1.0,
246.0,Joe Horn,31.0,NOR,WR,15.0,14.0,2.0,15.0,0.0,1.0,50.0,13.0,7.5,1.0,0.1,2.0,
247.0,Chad Hutchinson,26.0,DAL,QB,1.0,0.0,2.0,-3.0,0.0,0.0,0.0,-1.0,-1.5,-3.0,2.0,0.0,
248.0,Bryan Johnson,25.0,WAS,FB,16.0,11.0,2.0,5.0,0.0,0.0,0.0,4.0,2.5,0.3,0.1,0.0,
249.0,Eddie Johnson,22.0,MIN,P,14.0,0.0,2.0,15.0,0.0,1.0,50.0,15.0,7.5,1.1,0.1,2.0,
250.0,Eddie Kennison,30.0,KAN,WR,16.0,16.0,2.0,9.0,0.0,0.0,100.0,5.0,4.5,0.6,0.1,1.0,
251.0,Dan Klecko,22.0,NWE,DT,13.0,1.0,2.0,5.0,0.0,1.0,50.0,5.0,2.5,0.4,0.2,0.0,
252.0,Jim Kleinsasser,26.0,MIN,TE,16.0,16.0,2.0,15.0,0.0,1.0,100.0,12.0,7.5,0.9,0.1,0.0,
253.0,Charles Lee,26.0,TAM,WR,8.0,5.0,2.0,14.0,0.0,1.0,100.0,8.0,7.0,1.8,0.3,0.0,
254.0,Quentin McCord,25.0,ATL,WR,9.0,2.0,2.0,2.0,0.0,0.0,0.0,1.0,1.0,0.2,0.2,0.0,
255.0,Shaun McDonald,22.0,STL,WR,8.0,1.0,2.0,7.0,0.0,1.0,100.0,5.0,3.5,0.9,0.3,1.0,
256.0,James McKnight,31.0,MIA,WR,15.0,1.0,2.0,75.0,1.0,1.0,100.0,68.0,37.5,5.0,0.1,1.0,
257.0,Muhsin Muhammad,30.0,CAR,WR,15.0,15.0,2.0,-2.0,0.0,0.0,0.0,,-1.0,-0.1,0.1,3.0,
258.0,Craig Nall,24.0,GNB,QB,1.0,0.0,2.0,-2.0,0.0,0.0,0.0,-1.0,-1.0,-2.0,2.0,0.0,
259.0,Peerless Price,27.0,ATL,WR,16.0,15.0,2.0,3.0,0.0,0.0,50.0,5.0,1.5,0.2,0.1,0.0,
260.0,Chris Redman,26.0,BAL,QB,2.0,0.0,2.0,4.0,0.0,0.0,50.0,4.0,2.0,2.0,1.0,3.0,
261.0,Charles Rogers,22.0,DET,WR,5.0,5.0,2.0,17.0,0.0,1.0,100.0,12.0,8.5,3.4,0.4,0.0,
262.0,Ken Simonton,24.0,BUF,RB,2.0,0.0,2.0,4.0,0.0,0.0,0.0,2.0,2.0,2.0,1.0,0.0,
263.0,Paul Smith,25.0,DET,RB,7.0,0.0,2.0,5.0,0.0,0.0,0.0,3.0,2.5,0.7,0.3,0.0,
264.0,Javon Walker,25.0,GNB,WR,16.0,3.0,2.0,1.0,0.0,0.0,0.0,1.0,0.5,0.1,0.1,1.0,
265.0,Ken Walter,31.0,NWE,P,15.0,0.0,2.0,0.0,0.0,0.0,0.0,,0.0,0.0,0.1,0.0,
266.0,Dez White,24.0,CHI,WR,15.0,11.0,2.0,13.0,0.0,1.0,50.0,12.0,6.5,0.9,0.1,0.0,
267.0,John Avery,27.0,MIN,RB,6.0,0.0,1.0,0.0,0.0,0.0,0.0,,0.0,0.0,0.2,1.0,
268.0,Obafemi Ayanbadejo,28.0,MIA,RB,16.0,2.0,1.0,-2.0,0.0,0.0,0.0,-2.0,-2.0,-0.1,0.1,1.0,
269.0,Charlie Batch,29.0,PIT,QB,4.0,0.0,1.0,11.0,0.0,1.0,100.0,11.0,11.0,2.8,0.3,1.0,
270.0,Brant Boyer,32.0,CLE,RLB,15.0,7.0,1.0,7.0,0.0,1.0,100.0,7.0,7.0,0.5,0.1,0.0,
271.0,Deion Branch,24.0,NWE,WR,15.0,12.0,1.0,11.0,0.0,1.0,100.0,11.0,11.0,0.7,0.1,0.0,
272.0,Antonio Brown,25.0,BUF,WR,16.0,0.0,1.0,17.0,0.0,1.0,100.0,17.0,17.0,1.1,0.1,1.0,
273.0,Travis Brown,26.0,BUF,QB,2.0,0.0,1.0,5.0,0.0,0.0,100.0,5.0,5.0,2.5,0.5,0.0,
274.0,Plaxico Burress,26.0,PIT,WR,16.0,16.0,1.0,-7.0,0.0,0.0,0.0,-7.0,-7.0,-0.4,0.1,1.0,
275.0,Tyrone Calico,23.0,TEN,WR,14.0,2.0,1.0,5.0,0.0,0.0,100.0,5.0,5.0,0.4,0.1,0.0,
276.0,John Carney,39.0,NOR,K,16.0,0.0,1.0,3.0,0.0,0.0,0.0,3.0,3.0,0.2,0.1,0.0,
277.0,Jameel Cook,24.0,TAM,FB,14.0,8.0,1.0,-1.0,0.0,0.0,0.0,-1.0,-1.0,-0.1,0.1,0.0,
278.0,Ronald Curry,24.0,OAK,WR,16.0,2.0,1.0,0.0,0.0,0.0,0.0,,0.0,0.0,0.1,1.0,
279.0,Phil Dawson,28.0,CLE,K,13.0,0.0,1.0,14.0,0.0,1.0,100.0,14.0,14.0,1.1,0.1,0.0,
280.0,Eddie Drummond,23.0,DET,WR,6.0,0.0,1.0,1.0,0.0,0.0,0.0,1.0,1.0,0.2,0.2,1.0,
281.0,Jeff Faine,22.0,CLE,C,9.0,9.0,1.0,0.0,0.0,0.0,0.0,,0.0,0.0,0.1,3.0,
282.0,Jeff Feagles,37.0,NYG,P,16.0,0.0,1.0,0.0,0.0,0.0,0.0,,0.0,0.0,0.1,0.0,
283.0,Robert Ferguson,24.0,GNB,WR,15.0,12.0,1.0,-8.0,0.0,0.0,0.0,-8.0,-8.0,-0.5,0.1,0.0,
284.0,Jabar Gaffney,23.0,HOU,WR,16.0,11.0,1.0,13.0,0.0,1.0,100.0,13.0,13.0,0.8,0.1,0.0,
285.0,Sam Gash,34.0,BUF,FB,16.0,10.0,1.0,3.0,0.0,0.0,0.0,3.0,3.0,0.2,0.1,1.0,
286.0,Bryan Gilmore,25.0,ARI,WR,14.0,10.0,1.0,0.0,0.0,0.0,0.0,,0.0,0.0,0.1,0.0,
287.0,Marvin Harrison,31.0,IND,WR,15.0,15.0,1.0,3.0,0.0,0.0,0.0,3.0,3.0,0.2,0.1,2.0,"PB,AP-2"
288.0,Torry Holt,27.0,STL,WR,16.0,15.0,1.0,5.0,0.0,0.0,100.0,5.0,5.0,0.3,0.1,1.0,"PB,AP-1,AP OPoY-6"
289.0,Damon Huard,30.0,NWE,QB,2.0,0.0,1.0,-1.0,0.0,0.0,0.0,-1.0,-1.0,-0.5,0.5,0.0,
290.0,Jarious Jackson,26.0,DEN,QB,1.0,1.0,1.0,9.0,0.0,0.0,100.0,9.0,9.0,9.0,1.0,0.0,
291.0,Shawn Jefferson,34.0,DET,WR,7.0,3.0,1.0,3.0,0.0,0.0,0.0,3.0,3.0,0.4,0.1,0.0,
292.0,Bethel Johnson,24.0,NWE,WR,15.0,5.0,1.0,-12.0,0.0,0.0,0.0,-12.0,-12.0,-0.8,0.1,0.0,
293.0,Kevin Kasper,26.0,ARI,WR,7.0,0.0,1.0,-4.0,0.0,0.0,0.0,-4.0,-4.0,-0.6,0.1,0.0,
294.0,Bill LaFleur,27.0,SFO,P,16.0,0.0,1.0,0.0,0.0,0.0,0.0,,0.0,0.0,0.1,1.0,
295.0,George Layne,25.0,ATL,RB,3.0,0.0,1.0,15.0,0.0,1.0,100.0,15.0,15.0,5.0,0.3,0.0,
296.0,Jermaine Lewis,29.0,JAX,WR,2.0,0.0,1.0,6.0,0.0,0.0,0.0,6.0,6.0,3.0,0.5,0.0,
297.0,Michael Lewis,32.0,NOR,WR,13.0,1.0,1.0,2.0,0.0,0.0,0.0,2.0,2.0,0.2,0.1,2.0,
298.0,Nick Luchey,26.0,GNB,FB,11.0,2.0,1.0,3.0,0.0,0.0,0.0,3.0,3.0,0.3,0.1,0.0,
299.0,Adrian Madise,23.0,DEN,WR,11.0,0.0,1.0,10.0,0.0,1.0,100.0,10.0,10.0,0.9,0.1,1.0,
300.0,Chris Massey,24.0,STL,RB,16.0,0.0,1.0,-1.0,0.0,1.0,0.0,-1.0,-1.0,-0.1,0.1,0.0,
301.0,Brad Maynard,29.0,CHI,P,16.0,0.0,1.0,0.0,0.0,0.0,0.0,,0.0,0.0,0.1,1.0,
302.0,Fred McAfee,35.0,NOR,RB,14.0,0.0,1.0,13.0,0.0,1.0,100.0,13.0,13.0,0.9,0.1,1.0,
303.0,Justin McCareins,25.0,TEN,WR,16.0,10.0,1.0,13.0,0.0,1.0,100.0,13.0,13.0,0.8,0.1,2.0,
304.0,Sultan McCullough,23.0,WAS,RB,1.0,0.0,1.0,9.0,0.0,0.0,0.0,9.0,9.0,9.0,1.0,0.0,
305.0,Brian Moorman,27.0,BUF,P,16.0,0.0,1.0,21.0,0.0,1.0,0.0,21.0,21.0,1.3,0.1,1.0,
306.0,Ryan Neufeld,28.0,BUF,TE,16.0,1.0,1.0,14.0,0.0,1.0,100.0,14.0,14.0,0.9,0.1,0.0,
307.0,Neil O'Donnell,37.0,TEN,QB,1.0,1.0,1.0,-1.0,0.0,0.0,0.0,-1.0,-1.0,-1.0,1.0,0.0,
308.0,Deltha O'Neal,26.0,DEN,RCB,13.0,6.0,1.0,0.0,0.0,0.0,0.0,,0.0,0.0,0.1,2.0,
309.0,David Patten,29.0,NWE,WR,6.0,5.0,1.0,4.0,0.0,0.0,100.0,4.0,4.0,0.7,0.2,0.0,
310.0,Todd Pinkston,26.0,PHI,WR,16.0,15.0,1.0,-11.0,0.0,0.0,0.0,-11.0,-11.0,-0.7,0.1,1.0,
311.0,Jerry Porter,25.0,OAK,WR,10.0,1.0,1.0,10.0,0.0,0.0,100.0,10.0,10.0,1.0,0.1,1.0,
312.0,Jon Ritchie,29.0,PHI,FB,16.0,7.0,1.0,1.0,0.0,0.0,0.0,1.0,1.0,0.1,0.1,0.0,
313.0,Sage Rosenfels,25.0,MIA,QB,2.0,0.0,1.0,-1.0,0.0,0.0,0.0,-1.0,-1.0,-0.5,0.5,0.0,
314.0,Jason Simmons,27.0,HOU,DB,16.0,2.0,1.0,7.0,0.0,1.0,100.0,7.0,7.0,0.4,0.1,0.0,
315.0,Hunter Smith,26.0,IND,P,16.0,0.0,1.0,21.0,1.0,1.0,100.0,21.0,21.0,1.3,0.1,0.0,
316.0,Jerald Sowell,29.0,NYJ,FB,16.0,16.0,1.0,2.0,0.0,0.0,0.0,2.0,2.0,0.1,0.1,0.0,
317.0,Charles Stackhouse,23.0,MIN,FB,14.0,2.0,1.0,0.0,0.0,0.0,0.0,,0.0,0.0,0.1,0.0,
318.0,Donte' Stallworth,23.0,NOR,WR,11.0,3.0,1.0,3.0,0.0,0.0,0.0,3.0,3.0,0.3,0.1,3.0,
319.0,Chad Stanley,27.0,HOU,P,16.0,0.0,1.0,12.0,0.0,1.0,100.0,12.0,12.0,0.8,0.1,0.0,
320.0,David Terrell,24.0,CHI,WR,16.0,7.0,1.0,4.0,0.0,0.0,0.0,4.0,4.0,0.3,0.1,1.0,
321.0,Amani Toomer,29.0,NYG,WR,16.0,16.0,1.0,5.0,0.0,0.0,100.0,5.0,5.0,0.3,0.1,0.0,
322.0,David Tyree,23.0,NYG,WR,16.0,3.0,1.0,-9.0,0.0,0.0,0.0,-9.0,-9.0,-0.6,0.1,0.0,
323.0,Troy Walters,27.0,IND,WR,15.0,4.0,1.0,6.0,0.0,0.0,100.0,6.0,6.0,0.4,0.1,0.0,
324.0,Kurt Warner,32.0,STL,QB,2.0,1.0,1.0,0.0,0.0,0.0,0.0,,0.0,0.0,0.5,6.0,
325.0,Kelley Washington,24.0,CIN,WR,16.0,3.0,1.0,5.0,0.0,0.0,100.0,5.0,5.0,0.3,0.1,0.0,
326.0,Jeff Wilkins,31.0,STL,K,16.0,0.0,1.0,7.0,0.0,1.0,100.0,7.0,7.0,0.4,0.1,0.0,"PB,AP-2"
327.0,Karl Williams,32.0,TAM,WR,13.0,0.0,1.0,2.0,0.0,0.0,0.0,2.0,2.0,0.2,0.1,0.0,
328.0,Cedrick Wilson,25.0,SFO,WR,16.0,4.0,1.0,-4.0,0.0,0.0,0.0,-4.0,-4.0,-0.3,0.1,1.0,
329.0,Charlie Adams,24.0,DEN,WR,4.0,0.0,0.0,0.0,0.0,0.0,,,,0.0,0.0,0.0,
330.0,Sam Aiken,23.0,BUF,WR,5.0,0.0,0.0,0.0,0.0,0.0,,,,0.0,0.0,0.0,
331.0,Stephen Alexander,28.0,SDG,TE,3.0,0.0,0.0,0.0,0.0,0.0,,,,0.0,0.0,0.0,
332.0,Larry Allen,32.0,DAL,LG,16.0,16.0,0.0,0.0,0.0,0.0,,,,0.0,0.0,0.0,PB
333.0,Scotty Anderson,24.0,DET,WR,9.0,0.0,0.0,0.0,0.0,0.0,,,,0.0,0.0,0.0,
334.0,Joe Andruzzi,28.0,NWE,RG,16.0,16.0,0.0,0.0,0.0,0.0,,,,0.0,0.0,1.0,
335.0,Richard Angulo,23.0,STL,TE,5.0,0.0,0.0,0.0,0.0,0.0,,,,0.0,0.0,0.0,
336.0,Derick Armstrong,24.0,HOU,WR,8.0,1.0,0.0,0.0,0.0,0.0,,,,0.0,0.0,0.0,
337.0,Bill Baber,24.0,KAN,TE,16.0,0.0,0.0,0.0,0.0,0.0,,,,0.0,0.0,0.0,
338.0,Karsten Bailey,26.0,GNB,WR,1.0,0.0,0.0,0.0,0.0,0.0,,,,0.0,0.0,0.0,
339.0,Chris Baker,24.0,NYJ,TE,16.0,0.0,0.0,0.0,0.0,0.0,,,,0.0,0.0,0.0,
340.0,Alex Bannister,24.0,SEA,WR,16.0,2.0,0.0,0.0,0.0,0.0,,,,0.0,0.0,0.0,PB
341.0,Reggie Barlow,30.0,TAM,WR,11.0,0.0,0.0,0.0,0.0,0.0,,,,0.0,0.0,1.0,
342.0,Darian Barnes,23.0,TAM,FB,14.0,0.0,0.0,0.0,0.0,0.0,,,,0.0,0.0,0.0,
343.0,Mike Bartrum,33.0,PHI,LS,16.0,0.0,0.0,0.0,0.0,0.0,,,,0.0,0.0,0.0,
344.0,D'Wayne Bates,28.0,MIN,WR,10.0,8.0,0.0,0.0,0.0,0.0,,,,0.0,0.0,0.0,
345.0,Fred Baxter,32.0,NWE,TE,12.0,0.0,0.0,0.0,0.0,0.0,,,,0.0,0.0,0.0,
346.0,Anthony Becht,26.0,NYJ,TE,16.0,16.0,0.0,0.0,0.0,0.0,,,,0.0,0.0,1.0,
347.0,Drew Bennett,25.0,TEN,WR,12.0,8.0,0.0,0.0,0.0,0.0,,,,0.0,0.0,0.0,
348.0,Eddie Berlin,25.0,TEN,WR,14.0,0.0,0.0,0.0,0.0,0.0,,,,0.0,0.0,2.0,
349.0,Marc Boerigter,25.0,KAN,WR,15.0,0.0,0.0,0.0,0.0,0.0,,,,0.0,0.0,0.0,
350.0,R.J. Bowers,29.0,CLE,RB,1.0,0.0,0.0,0.0,0.0,0.0,,,,0.0,0.0,0.0,
351.0,Corey Bradford,28.0,HOU,WR,16.0,6.0,0.0,0.0,0.0,0.0,,,,0.0,0.0,0.0,
352.0,Kyle Brady,31.0,JAX,TE,16.0,15.0,0.0,0.0,0.0,0.0,,,,0.0,0.0,3.0,
353.0,Tim Brown,37.0,OAK,WR,16.0,15.0,0.0,0.0,0.0,0.0,,,,0.0,0.0,0.0,
354.0,Mark Bruener,31.0,PIT,TE,14.0,0.0,0.0,0.0,0.0,0.0,,,,0.0,0.0,0.0,
355.0,Nate Burleson,22.0,MIN,WR,16.0,9.0,0.0,0.0,0.0,0.0,,,,0.0,0.0,1.0,
356.0,Steve Bush,29.0,ARI,TE,16.0,4.0,0.0,0.0,0.0,0.0,,,,0.0,0.0,0.0,
357.0,Dan Campbell,27.0,DAL,TE,16.0,16.0,0.0,0.0,0.0,0.0,,,,0.0,0.0,0.0,
358.0,Mark Campbell,28.0,BUF,TE,16.0,11.0,0.0,0.0,0.0,0.0,,,,0.0,0.0,0.0,
359.0,Cooper Carlisle,26.0,DEN,G,16.0,2.0,0.0,0.0,0.0,0.0,,,,0.0,0.0,0.0,
360.0,Dwayne Carswell,31.0,DEN,TE,16.0,10.0,0.0,0.0,0.0,0.0,,,,0.0,0.0,0.0,
361.0,Jonathan Carter,24.0,NYJ,WR,9.0,0.0,0.0,0.0,0.0,0.0,,,,0.0,0.0,0.0,
362.0,Tim Carter,24.0,NYG,WR,12.0,2.0,0.0,0.0,0.0,0.0,,,,0.0,0.0,0.0,
363.0,Byron Chamberlain,32.0,WAS,TE,4.0,1.0,0.0,0.0,0.0,0.0,,,,0.0,0.0,0.0,
364.0,Antonio Chatman,24.0,GNB,WR,16.0,0.0,0.0,0.0,0.0,0.0,,,,0.0,0.0,0.0,
365.0,Wayne Chrebet,30.0,NYJ,WR,7.0,5.0,0.0,0.0,0.0,0.0,,,,0.0,0.0,0.0,
366.0,Dallas Clark,24.0,IND,TE,10.0,10.0,0.0,0.0,0.0,0.0,,,,0.0,0.0,0.0,
367.0,Desmond Clark,26.0,CHI,TE,15.0,15.0,0.0,0.0,0.0,0.0,,,,0.0,0.0,2.0,
368.0,Clarence Coleman,23.0,BUF,WR,14.0,0.0,0.0,0.0,0.0,0.0,,,,0.0,0.0,0.0,
369.0,Cosey Coleman,25.0,TAM,RG,16.0,16.0,0.0,0.0,0.0,0.0,,,,0.0,0.0,0.0,
370.0,Marcus Coleman,29.0,HOU,RCB,15.0,15.0,0.0,0.0,0.0,0.0,,,,0.0,0.0,0.0,
371.0,Greg Comella,28.0,HOU,FB,5.0,0.0,0.0,0.0,0.0,0.0,,,,0.0,0.0,0.0,
372.0,Curtis Conway,32.0,NYJ,WR,16.0,15.0,0.0,0.0,0.0,0.0,,,,0.0,0.0,0.0,
373.0,Ernie Conwell,31.0,NOR,TE,10.0,10.0,0.0,0.0,0.0,0.0,,,,0.0,0.0,1.0,
374.0,Alge Crumpler,26.0,ATL,TE,16.0,16.0,0.0,0.0,0.0,0.0,,,,0.0,0.0,1.0,PB
375.0,Kevin Curtis,25.0,STL,WR,4.0,1.0,0.0,0.0,0.0,0.0,,,,0.0,0.0,0.0,
376.0,Joe Davenport,27.0,IND,TE,16.0,2.0,0.0,0.0,0.0,0.0,,,,0.0,0.0,0.0,
377.0,Ken Dilger,32.0,TAM,TE,15.0,15.0,0.0,0.0,0.0,0.0,,,,0.0,0.0,1.0,
378.0,Darnell Dinkins,26.0,NYG,TE,7.0,0.0,0.0,0.0,0.0,0.0,,,,0.0,0.0,0.0,
379.0,Chris Doering,30.0,PIT,WR,16.0,0.0,0.0,0.0,0.0,0.0,,,,0.0,0.0,0.0,
380.0,Rickey Dudley,31.0,TAM,TE,7.0,2.0,0.0,0.0,0.0,0.0,,,,0.0,0.0,0.0,
381.0,Jason Dunn,30.0,KAN,TE,16.0,4.0,0.0,0.0,0.0,0.0,,,,0.0,0.0,0.0,
382.0,Kevin Dyson,28.0,CAR,WR,1.0,0.0,0.0,0.0,0.0,0.0,,,,0.0,0.0,0.0,
383.0,Omar Easy,26.0,KAN,FB,15.0,0.0,0.0,0.0,0.0,0.0,,,,0.0,0.0,0.0,
384.0,Terrence Edwards,24.0,ATL,WR,6.0,0.0,0.0,0.0,0.0,0.0,,,,0.0,0.0,0.0,
385.0,Bobby Engram,30.0,SEA,WR,16.0,7.0,0.0,0.0,0.0,0.0,,,,0.0,0.0,5.0,
386.0,Jimmy Farris,25.0,ATL,WR,16.0,0.0,0.0,0.0,0.0,0.0,,,,0.0,0.0,0.0,
387.0,Christian Fauria,32.0,NWE,TE,16.0,12.0,0.0,0.0,0.0,0.0,,,,0.0,0.0,0.0,
388.0,Jim Finn,27.0,NYG,FB,15.0,9.0,0.0,0.0,0.0,0.0,,,,0.0,0.0,0.0,
389.0,Brian Finneran,27.0,ATL,WR,12.0,10.0,0.0,0.0,0.0,0.0,,,,0.0,0.0,0.0,
390.0,Casey Fitzsimmons,23.0,DET,TE,16.0,11.0,0.0,0.0,0.0,0.0,,,,0.0,0.0,0.0,
391.0,Zeron Flemister,27.0,WAS,TE,12.0,9.0,0.0,0.0,0.0,0.0,,,,0.0,0.0,1.0,
392.0,Larry Foster,27.0,ARI,WR,1.0,1.0,0.0,0.0,0.0,0.0,,,,0.0,0.0,0.0,
393.0,Bubba Franks,25.0,GNB,TE,16.0,15.0,0.0,0.0,0.0,0.0,,,,0.0,0.0,0.0,PB
394.0,Antonio Freeman,31.0,GNB,WR,15.0,0.0,0.0,0.0,0.0,0.0,,,,0.0,0.0,0.0,
395.0,Doug Gabriel,23.0,OAK,WR,12.0,0.0,0.0,0.0,0.0,0.0,,,,0.0,0.0,0.0,
396.0,Oronde Gadsden,32.0,MIA,WR,6.0,0.0,0.0,0.0,0.0,0.0,,,,0.0,0.0,0.0,
397.0,Justin Gage,22.0,CHI,WR,10.0,3.0,0.0,0.0,0.0,0.0,,,,0.0,0.0,1.0,
398.0,Rod Gardner,26.0,WAS,WR,16.0,16.0,0.0,0.0,0.0,0.0,,,,0.0,0.0,1.0,
399.0,Talman Gardner,23.0,NOR,WR,10.0,1.0,0.0,0.0,0.0,0.0,,,,0.0,0.0,0.0,
400.0,Antonio Gates,23.0,SDG,TE,15.0,11.0,0.0,0.0,0.0,0.0,,,,0.0,0.0,1.0,
401.0,Dondre Gilliam,26.0,SDG,WR,5.0,1.0,0.0,0.0,0.0,0.0,,,,0.0,0.0,0.0,
402.0,John Gilmore,24.0,CHI,TE,15.0,1.0,0.0,0.0,0.0,0.0,,,,0.0,0.0,0.0,
403.0,David Givens,23.0,NWE,WR,13.0,5.0,0.0,0.0,0.0,0.0,,,,0.0,0.0,0.0,
404.0,Tony Gonzalez,27.0,KAN,TE,16.0,16.0,0.0,0.0,0.0,0.0,,,,0.0,0.0,0.0,"PB,AP-1"
405.0,Joey Goodspeed,25.0,STL,FB,8.0,4.0,0.0,0.0,0.0,0.0,,,,0.0,0.0,0.0,
406.0,Hunter Goodwin,31.0,MIN,TE,16.0,5.0,0.0,0.0,0.0,0.0,,,,0.0,0.0,0.0,
407.0,Daniel Graham,25.0,NWE,TE,14.0,9.0,0.0,0.0,0.0,0.0,,,,0.0,0.0,0.0,
408.0,Cornell Green,27.0,TAM,RT,7.0,5.0,0.0,0.0,0.0,0.0,,,,0.0,0.0,1.0,
409.0,Lawrence Hamilton,23.0,CIN,WR,5.0,1.0,0.0,0.0,0.0,0.0,,,,0.0,0.0,0.0,
410.0,Cortez Hankton,22.0,JAX,WR,16.0,0.0,0.0,0.0,0.0,0.0,,,,0.0,0.0,0.0,
411.0,Karl Hankton,33.0,CAR,WR,14.0,0.0,0.0,0.0,0.0,0.0,,,,0.0,0.0,0.0,
412.0,Patrick Hape,29.0,DEN,TE,16.0,0.0,0.0,0.0,0.0,0.0,,,,0.0,0.0,0.0,
413.0,Matthew Hatchette,29.0,JAX,WR,6.0,4.0,0.0,0.0,0.0,1.0,,,,0.0,0.0,0.0,
414.0,Steve Heiden,27.0,CLE,TE,9.0,9.0,0.0,0.0,0.0,0.0,,,,0.0,0.0,0.0,
415.0,Keith Heinrich,24.0,CLE,TE,7.0,3.0,0.0,0.0,0.0,0.0,,,,0.0,0.0,0.0,
416.0,Will Heller,22.0,TAM,TE,9.0,1.0,0.0,0.0,0.0,0.0,,,,0.0,0.0,0.0,
417.0,William Henderson,32.0,GNB,FB,16.0,12.0,0.0,0.0,0.0,0.0,,,,0.0,0.0,0.0,
418.0,Chris Hetherington,31.0,OAK,FB,14.0,1.0,0.0,0.0,0.0,0.0,,,,0.0,0.0,0.0,
419.0,Zachary Hilton,23.0,NOR,TE,3.0,0.0,0.0,0.0,0.0,0.0,,,,0.0,0.0,0.0,
420.0,Jabari Holloway,25.0,HOU,TE,15.0,9.0,0.0,0.0,0.0,0.0,,,,0.0,0.0,0.0,
421.0,Chris Hope,23.0,PIT,DB,16.0,0.0,0.0,0.0,0.0,0.0,,,,0.0,0.0,0.0,
422.0,Keenan Howry,22.0,MIN,WR,16.0,1.0,0.0,0.0,0.0,0.0,,,,0.0,0.0,0.0,
423.0,Darrell Jackson,25.0,SEA,WR,16.0,16.0,0.0,0.0,0.0,0.0,,,,0.0,0.0,1.0,
424.0,Frisman Jackson,24.0,CLE,WR,5.0,0.0,0.0,0.0,0.0,0.0,,,,0.0,0.0,0.0,
425.0,Nate Jackson,24.0,DEN,WR,1.0,0.0,0.0,0.0,0.0,0.0,,,,0.0,0.0,0.0,
426.0,Taylor Jacobs,22.0,WAS,WR,8.0,0.0,0.0,0.0,0.0,0.0,,,,0.0,0.0,0.0,
427.0,Michael Jameson,24.0,CLE,DB,15.0,0.0,0.0,0.0,0.0,0.0,,,,0.0,0.0,0.0,
428.0,Ronney Jenkins,26.0,OAK,RB,7.0,0.0,0.0,0.0,0.0,0.0,,,,0.0,0.0,0.0,
429.0,Bryant Johnson,22.0,ARI,WR,15.0,8.0,0.0,0.0,0.0,0.0,,,,0.0,0.0,1.0,
430.0,Chad Johnson,25.0,CIN,WR,16.0,14.0,0.0,0.0,0.0,0.0,,,,0.0,0.0,0.0,"PB,AP-2"
431.0,Kevin Johnson,27.0,2TM,WR,15.0,9.0,0.0,0.0,0.0,0.0,,,,0.0,0.0,0.0,
431.0,Kevin Johnson,27.0,CLE,WR,9.0,8.0,0.0,0.0,0.0,0.0,,,,0.0,0.0,0.0,
431.0,Kevin Johnson,27.0,JAX,WR,6.0,1.0,0.0,0.0,0.0,0.0,,,,0.0,0.0,0.0,
432.0,Keyshawn Johnson,31.0,TAM,WR,10.0,10.0,0.0,0.0,0.0,0.0,,,,0.0,0.0,0.0,
433.0,Patrick Johnson,27.0,WAS,WR,16.0,2.0,0.0,0.0,0.0,0.0,,,,0.0,0.0,2.0,
434.0,Ron Johnson,23.0,BAL,WR,6.0,0.0,0.0,0.0,0.0,0.0,,,,0.0,0.0,0.0,
435.0,Teyo Johnson,22.0,OAK,TE,16.0,5.0,0.0,0.0,0.0,0.0,,,,0.0,0.0,0.0,
436.0,Doug Jolley,24.0,OAK,TE,15.0,9.0,0.0,0.0,0.0,0.0,,,,0.0,0.0,0.0,
437.0,Freddie Jones,29.0,ARI,TE,16.0,16.0,0.0,0.0,0.0,0.0,,,,0.0,0.0,0.0,
438.0,Levi Jones,24.0,CIN,LT,16.0,16.0,0.0,0.0,0.0,0.0,,,,0.0,0.0,0.0,
439.0,Rushen Jones,23.0,MIN,DB,11.0,0.0,0.0,0.0,0.0,0.0,,,,0.0,0.0,0.0,
440.0,Terry Jones,24.0,BAL,TE,16.0,13.0,0.0,0.0,0.0,0.0,,,,0.0,0.0,0.0,
441.0,Joe Jurevicius,29.0,TAM,WR,5.0,2.0,0.0,0.0,0.0,0.0,,,,0.0,0.0,0.0,
442.0,Reggie Kelly,26.0,CIN,TE,12.0,11.0,0.0,0.0,0.0,0.0,,,,0.0,0.0,0.0,
443.0,Rashod Kent,23.0,HOU,TE,7.0,4.0,0.0,0.0,0.0,0.0,,,,0.0,0.0,0.0,
444.0,Andre King,30.0,CLE,WR,15.0,0.0,0.0,0.0,0.0,0.0,,,,0.0,0.0,0.0,
445.0,Erron Kinney,26.0,TEN,TE,16.0,16.0,0.0,0.0,0.0,0.0,,,,0.0,0.0,1.0,
446.0,David Kircus,23.0,DET,WR,5.0,2.0,0.0,0.0,0.0,0.0,,,,0.0,0.0,0.0,
447.0,Brian Kozlowski,33.0,ATL,TE,16.0,9.0,0.0,0.0,0.0,0.0,,,,0.0,0.0,1.0,
448.0,Olin Kreutz,26.0,CHI,C,16.0,16.0,0.0,0.0,0.0,0.0,,,,0.0,0.0,0.0,PB
449.0,Donald Lee,23.0,MIA,TE,16.0,5.0,0.0,0.0,0.0,0.0,,,,0.0,0.0,0.0,
450.0,Chad Lewis,32.0,PHI,TE,16.0,14.0,0.0,0.0,0.0,0.0,,,,0.0,0.0,0.0,
451.0,Derrick Lewis,28.0,NOR,WR,3.0,0.0,0.0,0.0,0.0,0.0,,,,0.0,0.0,0.0,
452.0,Greg Lewis,23.0,PHI,WR,11.0,0.0,0.0,0.0,0.0,0.0,,,,0.0,0.0,0.0,
453.0,Brandon Lloyd,22.0,SFO,WR,16.0,1.0,0.0,0.0,0.0,0.0,,,,0.0,0.0,0.0,
454.0,Kevin Lockett,29.0,NYJ,WR,3.0,0.0,0.0,0.0,0.0,0.0,,,,0.0,0.0,0.0,
455.0,Dane Looker,27.0,STL,WR,16.0,2.0,0.0,0.0,0.0,0.0,,,,0.0,0.0,1.0,
456.0,Chris Luzar,24.0,JAX,TE,11.0,1.0,0.0,0.0,0.0,0.0,,,,0.0,0.0,0.0,
457.0,Dustin Lyman,27.0,CHI,TE,9.0,1.0,0.0,0.0,0.0,0.0,,,,0.0,0.0,0.0,
458.0,Reno Mahe,23.0,PHI,RB,2.0,0.0,0.0,0.0,0.0,0.0,,,,0.0,0.0,0.0,
459.0,Kris Mangum,30.0,CAR,TE,16.0,11.0,0.0,0.0,0.0,0.0,,,,0.0,0.0,0.0,
460.0,David Martin,24.0,GNB,TE,16.0,3.0,0.0,0.0,0.0,0.0,,,,0.0,0.0,0.0,
461.0,Jason Mathews,32.0,TEN,T,15.0,0.0,0.0,0.0,0.0,0.0,,,,0.0,0.0,0.0,
462.0,Grant Mattos,22.0,SDG,WR,6.0,0.0,0.0,0.0,0.0,0.0,,,,0.0,0.0,0.0,
463.0,Kevin Mawae,32.0,NYJ,C,16.0,16.0,0.0,0.0,0.0,0.0,,,,0.0,0.0,2.0,PB
464.0,Lee Mays,25.0,PIT,WR,16.0,0.0,0.0,0.0,0.0,0.0,,,,0.0,0.0,0.0,
465.0,Jason McAddley,24.0,ARI,WR,2.0,0.0,0.0,0.0,0.0,0.0,,,,0.0,0.0,0.0,
466.0,Ed McCaffrey,35.0,DEN,WR,12.0,7.0,0.0,0.0,0.0,0.0,,,,0.0,0.0,0.0,
467.0,Darnerien McCants,27.0,WAS,WR,15.0,1.0,0.0,0.0,0.0,0.0,,,,0.0,0.0,0.0,
468.0,Keenan McCardell,33.0,TAM,WR,16.0,16.0,0.0,0.0,0.0,0.0,,,,0.0,0.0,1.0,PB
469.0,Scott McGarrahan,29.0,TEN,DB,16.0,2.0,0.0,0.0,0.0,0.0,,,,0.0,0.0,0.0,
470.0,Tony McGee,32.0,DAL,TE,1.0,0.0,0.0,0.0,0.0,0.0,,,,0.0,0.0,0.0,
471.0,Randy McMichael,24.0,MIA,TE,16.0,16.0,0.0,0.0,0.0,0.0,,,,0.0,0.0,0.0,
472.0,Billy McMullen,23.0,PHI,WR,5.0,0.0,0.0,0.0,0.0,0.0,,,,0.0,0.0,0.0,
473.0,Shad Meier,25.0,TEN,TE,15.0,6.0,0.0,0.0,0.0,0.0,,,,0.0,0.0,1.0,
474.0,Ahmad Merritt,26.0,CHI,WR,15.0,1.0,0.0,0.0,0.0,0.0,,,,0.0,0.0,1.0,
475.0,Itula Mili,30.0,SEA,TE,16.0,12.0,0.0,0.0,0.0,0.0,,,,0.0,0.0,0.0,
476.0,Billy Miller,26.0,HOU,TE,16.0,6.0,0.0,0.0,0.0,0.0,,,,0.0,0.0,0.0,
477.0,Freddie Mitchell,25.0,PHI,WR,16.0,6.0,0.0,0.0,0.0,0.0,,,,0.0,0.0,0.0,
478.0,Dave Moore,34.0,BUF,TE,15.0,6.0,0.0,0.0,0.0,0.0,,,,0.0,0.0,1.0,
479.0,Aaron Moorehead,23.0,IND,WR,7.0,0.0,0.0,0.0,0.0,0.0,,,,0.0,0.0,1.0,
480.0,Eric Moulds,30.0,BUF,WR,13.0,13.0,0.0,0.0,0.0,0.0,,,,0.0,0.0,0.0,
481.0,Chad Mustard,26.0,CLE,TE,10.0,0.0,0.0,0.0,0.0,0.0,,,,0.0,0.0,0.0,
482.0,Spencer Nead,26.0,STL,FB,10.0,0.0,0.0,0.0,0.0,0.0,,,,0.0,0.0,1.0,
483.0,Kendall Newson,23.0,MIA,WR,6.0,0.0,0.0,0.0,0.0,0.0,,,,0.0,0.0,1.0,
484.0,Josh Norman,23.0,SDG,TE,7.0,1.0,0.0,0.0,0.0,0.0,,,,0.0,0.0,0.0,
485.0,Moran Norris,25.0,HOU,FB,16.0,9.0,0.0,0.0,0.0,0.0,,,,0.0,0.0,0.0,
486.0,Jonathan Ogden,29.0,BAL,LT,16.0,16.0,0.0,0.0,0.0,0.0,,,,0.0,0.0,0.0,"PB,AP-1"
487.0,Ifeanyi Ohalete,24.0,WAS,SS,15.0,15.0,0.0,0.0,0.0,0.0,,,,0.0,0.0,0.0,
488.0,Kassim Osgood,23.0,SDG,WR,16.0,2.0,0.0,0.0,0.0,0.0,,,,0.0,0.0,0.0,
489.0,Jerome Pathon,28.0,NOR,WR,16.0,12.0,0.0,0.0,0.0,0.0,,,,0.0,0.0,1.0,
490.0,Justin Peelle,24.0,SDG,TE,15.0,9.0,0.0,0.0,0.0,0.0,,,,0.0,0.0,0.0,
491.0,Marcus Pollard,31.0,IND,TE,14.0,13.0,0.0,0.0,0.0,0.0,,,,0.0,0.0,1.0,
492.0,Willie Ponder,23.0,NYG,WR,4.0,0.0,0.0,0.0,0.0,0.0,,,,0.0,0.0,0.0,
493.0,Nate Poole,26.0,ARI,WR,15.0,1.0,0.0,0.0,0.0,0.0,,,,0.0,0.0,0.0,
494.0,Ricky Proehl,35.0,CAR,WR,16.0,2.0,0.0,0.0,0.0,0.0,,,,0.0,0.0,0.0,
495.0,Jeb Putzier,24.0,DEN,TE,4.0,0.0,0.0,0.0,0.0,0.0,,,,0.0,0.0,0.0,
496.0,Brad Pyatt,23.0,IND,WR,8.0,0.0,0.0,0.0,0.0,0.0,,,,0.0,0.0,2.0,
497.0,Walter Rasby,31.0,NOR,TE,16.0,7.0,0.0,0.0,0.0,0.0,,,,0.0,0.0,0.0,
498.0,Jimmy Redmond,26.0,JAX,WR,12.0,0.0,0.0,0.0,0.0,0.0,,,,0.0,0.0,0.0,
499.0,Jerry Rice,41.0,OAK,WR,16.0,15.0,0.0,0.0,0.0,0.0,,,,0.0,0.0,2.0,
500.0,Mikhael Ricks,29.0,DET,TE,16.0,6.0,0.0,0.0,0.0,0.0,,,,0.0,0.0,0.0,
501.0,Jay Riemersma,30.0,PIT,TE,11.0,7.0,0.0,0.0,0.0,0.0,,,,0.0,0.0,0.0,
502.0,Marcellus Rivers,25.0,NYG,TE,12.0,6.0,0.0,0.0,0.0,0.0,,,,0.0,0.0,0.0,
503.0,Jeff Robinson,33.0,DAL,TE,16.0,0.0,0.0,0.0,0.0,0.0,,,,0.0,0.0,0.0,
504.0,Marcus Robinson,28.0,BAL,WR,15.0,5.0,0.0,0.0,0.0,0.0,,,,0.0,0.0,0.0,
505.0,Charlie Rogers,27.0,MIA,RB,11.0,0.0,0.0,0.0,0.0,0.0,,,,0.0,0.0,2.0,
506.0,Robert Royal,24.0,WAS,TE,6.0,6.0,0.0,0.0,0.0,0.0,,,,0.0,0.0,1.0,
507.0,Cliff Russell,24.0,WAS,WR,3.0,0.0,0.0,0.0,0.0,0.0,,,,0.0,0.0,0.0,
508.0,Darnell Sanders,24.0,CLE,TE,16.0,12.0,0.0,0.0,0.0,0.0,,,,0.0,0.0,1.0,
509.0,Frank Sanders,30.0,BAL,WR,13.0,0.0,0.0,0.0,0.0,0.0,,,,0.0,0.0,0.0,
510.0,O.J. Santiago,29.0,OAK,TE,12.0,7.0,0.0,0.0,0.0,0.0,,,,0.0,0.0,0.0,
511.0,Warren Sapp,31.0,TAM,RDT,15.0,15.0,0.0,0.0,0.0,0.0,,,,0.0,0.0,0.0,PB
512.0,Jake Schifino,24.0,TEN,WR,13.0,0.0,0.0,0.0,0.0,0.0,,,,0.0,0.0,0.0,
513.0,Matt Schobel,25.0,CIN,TE,15.0,1.0,0.0,0.0,0.0,0.0,,,,0.0,0.0,2.0,
514.0,Bill Schroeder,32.0,DET,WR,16.0,13.0,0.0,0.0,0.0,0.0,,,,0.0,0.0,0.0,
515.0,Josh Scobey,24.0,ARI,RB,15.0,0.0,0.0,0.0,0.0,0.0,,,,0.0,0.0,0.0,
516.0,Mike Seidman,22.0,CAR,TE,12.0,5.0,0.0,0.0,0.0,0.0,,,,0.0,0.0,0.0,
517.0,Shannon Sharpe,35.0,DEN,TE,15.0,15.0,0.0,0.0,0.0,0.0,,,,0.0,0.0,0.0,
518.0,Bobby Shaw,28.0,BUF,WR,16.0,7.0,0.0,0.0,0.0,0.0,,,,0.0,0.0,1.0,
519.0,Aaron Shea,27.0,CLE,TE,4.0,2.0,0.0,0.0,0.0,0.0,,,,0.0,0.0,0.0,
520.0,Edell Shepherd,23.0,TAM,WR,2.0,0.0,0.0,0.0,0.0,0.0,,,,0.0,0.0,0.0,
521.0,Visanthe Shiancoe,23.0,NYG,TE,16.0,7.0,0.0,0.0,0.0,0.0,,,,0.0,0.0,0.0,
522.0,Jeremy Shockey,23.0,NYG,TE,9.0,9.0,0.0,0.0,0.0,0.0,,,,0.0,0.0,1.0,PB
523.0,Sam Simmons,24.0,MIA,WR,11.0,0.0,0.0,0.0,0.0,0.0,,,,0.0,0.0,0.0,
524.0,Jimmy Smith,34.0,JAX,WR,12.0,12.0,0.0,0.0,0.0,0.0,,,,0.0,0.0,1.0,
525.0,L.J. Smith,23.0,PHI,TE,15.0,5.0,0.0,0.0,0.0,0.0,,,,0.0,0.0,1.0,
526.0,Terrelle Smith,25.0,NOR,FB,15.0,10.0,0.0,0.0,0.0,0.0,,,,0.0,0.0,0.0,
527.0,Zuriel Smith,23.0,DAL,WR,9.0,0.0,0.0,0.0,0.0,0.0,,,,0.0,0.0,3.0,
528.0,John St. Clair,26.0,STL,T,16.0,0.0,0.0,0.0,0.0,0.0,,,,0.0,0.0,0.0,
529.0,Jerramy Stevens,24.0,SEA,TE,16.0,3.0,0.0,0.0,0.0,0.0,,,,0.0,0.0,0.0,
530.0,Tony Stewart,24.0,CIN,TE,16.0,7.0,0.0,0.0,0.0,0.0,,,,0.0,0.0,0.0,
531.0,J.J. Stokes,31.0,2TM,WR,7.0,3.0,0.0,0.0,0.0,0.0,,,,0.0,0.0,0.0,
531.0,J.J. Stokes,31.0,JAX,WR,5.0,3.0,0.0,0.0,0.0,0.0,,,,0.0,0.0,0.0,
531.0,J.J. Stokes,31.0,NWE,WR,2.0,0.0,0.0,0.0,0.0,0.0,,,,0.0,0.0,0.0,
532.0,Brandon Stokley,27.0,IND,WR,6.0,3.0,0.0,0.0,0.0,0.0,,,,0.0,0.0,0.0,
533.0,Tai Streets,26.0,SFO,WR,16.0,16.0,0.0,0.0,0.0,0.0,,,,0.0,0.0,0.0,
534.0,Kevin Swayne,28.0,NYJ,WR,15.0,0.0,0.0,0.0,0.0,0.0,,,,0.0,0.0,0.0,
535.0,Derrius Thompson,26.0,MIA,WR,16.0,12.0,0.0,0.0,0.0,0.0,,,,0.0,0.0,0.0,
536.0,Adam Timmerman,32.0,STL,RG,16.0,16.0,0.0,0.0,0.0,0.0,,,,0.0,0.0,0.0,
537.0,Stephen Trejo,26.0,DET,FB,16.0,0.0,0.0,0.0,0.0,0.0,,,,0.0,0.0,0.0,
538.0,Ryan Tucker,28.0,CLE,RT,16.0,16.0,0.0,0.0,0.0,0.0,,,,0.0,0.0,0.0,
539.0,Jerame Tuman,27.0,PIT,TE,16.0,12.0,0.0,0.0,0.0,0.0,,,,0.0,0.0,0.0,
540.0,Aaron Walker,23.0,SFO,TE,16.0,2.0,0.0,0.0,0.0,0.0,,,,0.0,0.0,0.0,
541.0,Bracy Walker,33.0,DET,DB,16.0,1.0,0.0,0.0,0.0,0.0,,,,0.0,0.0,0.0,
542.0,Wesley Walls,37.0,GNB,TE,14.0,1.0,0.0,0.0,0.0,0.0,,,,0.0,0.0,0.0,
543.0,Kevin Walter,22.0,CIN,WR,11.0,0.0,0.0,0.0,0.0,0.0,,,,0.0,0.0,0.0,
544.0,Dedric Ward,29.0,2TM,WR,7.0,0.0,0.0,0.0,0.0,0.0,,,,0.0,0.0,0.0,
544.0,Dedric Ward,29.0,BAL,WR,3.0,0.0,0.0,0.0,0.0,0.0,,,,0.0,0.0,0.0,
544.0,Dedric Ward,29.0,NWE,WR,4.0,0.0,0.0,0.0,0.0,0.0,,,,0.0,0.0,0.0,
545.0,Kevin Ware,23.0,WAS,TE,11.0,2.0,0.0,0.0,0.0,0.0,,,,0.0,0.0,0.0,
546.0,Reggie Wayne,25.0,IND,WR,16.0,16.0,0.0,0.0,0.0,0.0,,,,0.0,0.0,0.0,
547.0,Jed Weaver,27.0,SFO,TE,16.0,15.0,0.0,0.0,0.0,0.0,,,,0.0,0.0,1.0,
548.0,Jermaine Wiggins,28.0,CAR,TE,16.0,11.0,0.0,0.0,0.0,0.0,,,,0.0,0.0,0.0,
549.0,Boo Williams,24.0,NOR,TE,16.0,6.0,0.0,0.0,0.0,0.0,,,,0.0,0.0,0.0,
550.0,James Williams,25.0,DET,WR,1.0,0.0,0.0,0.0,0.0,0.0,,,,0.0,0.0,0.0,
551.0,Randal Williams,25.0,DAL,WR,15.0,0.0,0.0,0.0,0.0,0.0,,,,0.0,0.0,0.0,
552.0,Jason Witten,21.0,DAL,TE,15.0,7.0,0.0,0.0,0.0,0.0,,,,0.0,0.0,0.0,
553.0,George Wrighster,22.0,JAX,TE,15.0,1.0,0.0,0.0,0.0,0.0,,,,0.0,0.0,0.0,
554.0,Frank Wycheck,32.0,TEN,TE,10.0,6.0,0.0,0.0,0.0,0.0,,,,0.0,0.0,0.0,
555.0,Todd Yoder,25.0,TAM,TE,16.0,1.0,0.0,0.0,0.0,0.0,,,,0.0,0.0,0.0,
556.0,Walter Young,24.0,CAR,WR,7.0,0.0,0.0,0.0,0.0,0.0,,,,0.0,0.0,0.0,
,League Average,,,,,,,,,,44.2,,4.2,8.9,2.1,,
