Player,Position,Team,Age,Model_Rank,Expert_Rank,Rank_Difference,Model_Points,Expert_Points,Points_Difference,Edge_Category,ADP,Expert_Tier,Expert_Pos_Rank,Pos_Rank_Difference
Lamar Jackson*+,QB,BAL,27,1,14.0,13.0,349.6,356.5,-6.9,Slight Buy,18.3,1.0,1.0,
Baker Mayfield*,QB,TAM,29,2,61.0,59.0,340.5,288.0,52.5,Strong Buy,65.9,7.0,8.0,
Joe Burrow*,QB,CIN,28,3,38.0,35.0,334.8,317.2,17.6,Buy,32.1,4.0,5.0,
Jayden Daniels*,QB,WAS,24,4,20.0,16.0,305.7,338.6,-32.9,Slight Buy,35.3,2.0,3.0,
Sam Darnold*,QB,MIN,27,5,193.0,188.0,303.0,220.7,82.3,Strong Buy,153.5,16.0,26.0,
Saquon Barkley*+,RB,PHI,27,6,1.0,-5.0,294.0,271.2,22.8,Consensus,6.0,1.0,1.0,
Jared Goff*,QB,DET,30,7,105.0,98.0,293.5,262.9,30.6,Strong Buy,93.6,10.0,14.0,
Bijan Robinson*,RB,ATL,22,8,2.0,-6.0,290.8,259.7,31.1,Consensus,3.9,1.0,2.0,
Bo Nix,QB,DEN,24,9,65.0,56.0,275.4,286.0,-10.6,Strong Buy,75.8,7.0,9.0,
Josh Allen*,QB,BUF,28,10,15.0,5.0,272.5,352.4,-79.9,Consensus,17.9,2.0,2.0,
Ja'Marr Chase*+,WR,CIN,24,11,9.0,-2.0,267.9,230.3,37.6,Consensus,3.6,1.0,1.0,
Alvin Kamara,RB,NOR,29,12,23.0,11.0,264.8,181.9,82.9,Slight Buy,41.8,6.0,17.0,
Patrick Mahomes,QB,KAN,29,13,52.0,39.0,261.6,300.2,-38.6,Buy,43.5,5.0,6.0,
Jahmyr Gibbs*,RB,DET,22,14,4.0,-10.0,259.6,253.6,6.0,Slight Fade,6.9,2.0,4.0,
De'Von Achane,RB,MIA,23,15,8.0,-7.0,257.6,219.2,38.4,Consensus,16.1,3.0,8.0,
Kyler Murray,QB,ARI,27,16,59.0,43.0,255.1,295.0,-39.9,Buy,69.9,6.0,7.0,
Derrick Henry*,RB,BAL,30,17,3.0,-14.0,254.8,259.3,-4.5,Slight Fade,11.2,1.0,3.0,
Justin Herbert,QB,LAC,26,18,91.0,73.0,251.2,268.0,-16.8,Strong Buy,111.2,9.0,12.0,
Chuba Hubbard,RB,CAR,25,19,25.0,6.0,244.3,179.9,64.4,Consensus,60.2,7.0,18.0,
Brock Purdy,QB,SFO,25,20,67.0,47.0,244.0,285.4,-41.4,Buy,91.0,8.0,10.0,
Geno Smith,QB,SEA,34,21,156.0,135.0,242.9,238.6,4.3,Strong Buy,145.4,14.0,23.0,
Caleb Williams,QB,CHI,23,22,109.0,87.0,240.2,262.7,-22.5,Strong Buy,96.9,11.0,15.0,
Trey McBride*,TE,ARI,25,23,34.0,11.0,239.3,138.9,100.4,Slight Buy,38.6,3.0,3.0,
Aaron Jones,RB,MIN,30,24,39.0,15.0,238.9,161.7,77.2,Slight Buy,62.5,8.0,23.0,
James Conner,RB,ARI,29,25,16.0,-9.0,238.5,193.1,45.4,Consensus,49.2,5.0,13.0,
Puka Nacua,WR,LAR,23,26,26.0,0.0,237.4,189.0,48.4,Consensus,15.4,2.0,4.0,
Jalen Hurts,QB,PHI,26,27,21.0,-6.0,236.5,338.6,-102.1,Consensus,30.8,3.0,4.0,
Aaron Rodgers,QB,NYJ,41,28,202.0,174.0,234.7,216.6,18.1,Strong Buy,147.3,17.0,28.0,
Justin Jefferson*+,WR,MIN,25,29,18.0,-11.0,234.7,199.0,35.7,Slight Fade,7.4,1.0,2.0,
Chase Brown,RB,CIN,24,30,17.0,-13.0,230.9,189.0,41.9,Slight Fade,43.3,6.0,14.0,
Jonathan Taylor*,RB,IND,25,31,6.0,-25.0,230.8,223.8,7.0,Fade,18.2,3.0,6.0,
C.J. Stroud,QB,HOU,23,32,127.0,95.0,230.4,253.1,-22.7,Strong Buy,100.7,11.0,16.0,
Jakobi Meyers,WR,LVR,28,33,87.0,54.0,230.2,126.9,103.3,Strong Buy,104.9,9.0,32.0,
Josh Jacobs*,RB,GNB,26,34,5.0,-29.0,229.7,230.5,-0.8,Fade,20.0,3.0,5.0,
Bucky Irving,RB,TAM,22,35,12.0,-23.0,229.7,209.2,20.5,Fade,37.7,4.0,11.0,
Nico Collins*,WR,HOU,25,36,31.0,-5.0,227.3,183.1,44.2,Consensus,20.0,2.0,6.0,
Matthew Stafford,QB,LAR,36,37,148.0,111.0,226.0,242.1,-16.1,Strong Buy,146.4,13.0,21.0,
Rico Dowdle,RB,DAL,26,38,171.0,133.0,225.5,75.7,149.8,Strong Buy,153.2,15.0,53.0,
Kyren Williams,RB,LAR,24,39,10.0,-29.0,225.4,217.3,8.1,Fade,21.2,3.0,9.0,
Zay Flowers*,WR,BAL,24,40,71.0,31.0,224.5,141.4,83.1,Buy,67.8,7.0,25.0,
Tee Higgins,WR,CIN,25,41,42.0,1.0,224.5,164.8,59.7,Consensus,42.0,4.0,11.0,
Tony Pollard,RB,TEN,27,42,43.0,1.0,222.4,153.3,69.1,Consensus,76.4,9.0,24.0,
Travis Kelce*,TE,KAN,35,43,70.0,27.0,221.9,103.9,118.0,Buy,66.8,4.0,6.0,
Joe Mixon*,RB,HOU,28,44,36.0,-8.0,221.8,163.6,58.2,Consensus,58.2,8.0,22.0,
Jordan Love,QB,GNB,26,45,132.0,87.0,219.9,251.2,-31.3,Strong Buy,108.0,11.0,18.0,
D.J. Moore,WR,CHI,27,46,63.0,17.0,218.4,144.3,74.1,Slight Buy,52.1,7.0,21.0,
Malik Nabers*,WR,NYG,21,47,32.0,-15.0,215.9,182.5,33.4,Slight Fade,21.1,3.0,7.0,
D'Andre Swift,RB,CHI,25,48,33.0,-15.0,214.5,165.9,48.6,Slight Fade,62.4,7.0,20.0,
Jauan Jennings,WR,SFO,27,49,89.0,40.0,213.0,125.6,87.4,Buy,100.8,9.0,34.0,
Tyreek Hill,WR,MIA,30,50,50.0,0.0,212.6,161.9,50.7,Consensus,32.2,6.0,16.0,
CeeDee Lamb*,WR,DAL,25,51,24.0,-27.0,212.6,192.5,20.1,Fade,8.0,2.0,3.0,
Brian Thomas*,WR,JAX,22,52,,,211.5,,,No Expert Data,,,,
Jerry Jeudy*,WR,CLE,25,53,79.0,26.0,211.2,132.2,79.0,Buy,94.8,8.0,29.0,
Garrett Wilson,WR,NYJ,24,54,74.0,20.0,211.1,138.3,72.8,Buy,40.4,7.0,27.0,
A.J. Brown,WR,PHI,27,55,40.0,-15.0,211.1,170.5,40.6,Slight Fade,23.1,4.0,9.0,
Najee Harris,RB,PIT,26,56,95.0,39.0,209.4,112.4,97.0,Buy,105.0,12.0,36.0,
Breece Hall,RB,NYJ,23,57,19.0,-38.0,208.8,185.6,23.2,Fade,26.5,6.0,15.0,
Brock Bowers*+,TE,LVR,22,58,28.0,-30.0,207.7,147.7,60.0,Fade,40.7,2.0,2.0,
Mac Jones,QB,JAX,26,59,550.0,491.0,205.7,10.6,195.1,Strong Buy,,27.0,50.0,
Wan'Dale Robinson,WR,NYG,23,60,185.0,125.0,205.5,80.8,124.7,Strong Buy,172.4,14.0,66.0,
Drake London,WR,ATL,23,61,44.0,-17.0,205.3,164.5,40.8,Slight Fade,25.1,4.0,12.0,
Ladd McConkey,WR,LAC,23,62,41.0,-21.0,205.0,168.8,36.2,Fade,43.5,4.0,10.0,
DeVonta Smith,WR,PHI,26,63,75.0,12.0,201.9,137.0,64.9,Slight Buy,55.7,8.0,28.0,
James Cook*,RB,BUF,25,64,13.0,-51.0,201.6,205.0,-3.4,Strong Fade,33.5,5.0,12.0,
Jonnu Smith*,TE,MIA,29,65,114.0,49.0,201.5,79.2,122.3,Buy,125.6,8.0,20.0,
Justin Fields,QB,PIT,25,66,77.0,11.0,200.1,279.4,-79.3,Slight Buy,96.9,9.0,11.0,
Terry McLaurin*,WR,WAS,29,67,48.0,-19.0,199.3,162.0,37.3,Slight Fade,49.0,5.0,15.0,
Davante Adams,WR,2TM,32,68,46.0,-22.0,199.1,163.6,35.5,Fade,40.4,5.0,14.0,
Darnell Mooney,WR,ATL,27,69,119.0,50.0,197.5,112.6,84.9,Strong Buy,135.2,10.0,45.0,
Jameson Williams,WR,DET,23,70,66.0,-4.0,197.4,142.7,54.7,Consensus,73.5,7.0,22.0,
Amon-Ra St. Brown*+,WR,DET,25,71,37.0,-34.0,196.6,174.7,21.9,Fade,14.9,4.0,8.0,
Calvin Ridley,WR,TEN,30,72,69.0,-3.0,196.3,141.9,54.4,Consensus,74.6,7.0,24.0,
D.K. Metcalf,WR,SEA,27,73,,,194.4,,,No Expert Data,,,,
Josh Downs,WR,IND,23,74,149.0,75.0,194.2,98.4,95.8,Strong Buy,124.7,12.0,55.0,
Jaxon Smith-Njigba*,WR,SEA,22,75,62.0,-13.0,193.7,144.8,48.9,Slight Fade,53.5,7.0,20.0,
Tyrone Tracy Jr.,RB,NYG,25,76,,,193.3,,,No Expert Data,,,,
George Kittle*,TE,SFO,31,77,27.0,-50.0,192.6,150.5,42.1,Strong Fade,44.1,1.0,1.0,
Khalil Shakir,WR,BUF,24,78,129.0,51.0,192.3,109.5,82.8,Strong Buy,111.9,11.0,50.0,
Aidan O'Connell,QB,LVR,26,79,547.0,468.0,191.5,11.1,180.4,Strong Buy,,27.0,47.0,
Mike Evans*,WR,TAM,31,80,45.0,-35.0,189.3,164.1,25.2,Fade,38.7,4.0,13.0,
Courtland Sutton,WR,DEN,29,81,68.0,-13.0,188.7,142.2,46.5,Slight Fade,68.5,7.0,23.0,
Tyler Allgeier,RB,ATL,24,82,152.0,70.0,188.5,86.4,102.1,Strong Buy,158.1,14.0,47.0,
J.K. Dobbins,RB,LAC,26,83,86.0,3.0,188.4,116.7,71.7,Consensus,110.0,12.0,34.0,
Deshaun Watson,QB,CLE,29,84,577.0,493.0,188.0,5.7,182.3,Strong Buy,,28.0,77.0,
Mason Rudolph,QB,TEN,29,85,551.0,466.0,185.9,10.3,175.6,Strong Buy,,27.0,51.0,
Marvin Harrison Jr.,WR,ARI,22,86,53.0,-33.0,185.3,154.2,31.1,Fade,37.5,6.0,17.0,
George Pickens,WR,PIT,23,87,73.0,-14.0,183.8,139.8,44.0,Slight Fade,71.3,7.0,26.0,
Jordan Addison,WR,MIN,22,88,100.0,12.0,182.6,121.2,61.4,Slight Buy,92.2,9.0,39.0,
Kirk Cousins,QB,ATL,36,89,580.0,491.0,182.5,4.0,178.5,Strong Buy,184.4,28.0,80.0,
Keenan Allen,WR,CHI,32,90,,,182.1,,,No Expert Data,,,,
Drake Maye*,QB,NWE,22,91,142.0,51.0,181.9,245.7,-63.8,Strong Buy,126.3,13.0,20.0,
Michael Pittman Jr.,WR,IND,27,92,,,179.6,,,No Expert Data,,,,
Javonte Williams,RB,DEN,24,93,82.0,-11.0,177.3,118.8,58.5,Slight Fade,110.7,11.0,32.0,
Tua Tagovailoa,QB,MIA,26,94,154.0,60.0,176.2,239.9,-63.7,Strong Buy,134.2,13.0,22.0,
David Njoku,TE,CLE,28,95,78.0,-17.0,172.4,98.2,74.2,Slight Fade,101.6,5.0,8.0,
Rhamondre Stevenson,RB,NWE,26,96,83.0,-13.0,171.5,117.7,53.8,Slight Fade,107.1,11.0,33.0,
Cooper Kupp,WR,LAR,31,97,123.0,26.0,167.8,111.2,56.6,Buy,93.8,10.0,48.0,
Hunter Henry,TE,NWE,30,98,110.0,12.0,167.7,81.6,86.1,Slight Buy,151.4,7.0,19.0,
Spencer Rattler,QB,NOR,24,99,535.0,436.0,167.6,58.4,109.2,Strong Buy,220.4,22.0,35.0,
Rachaad White,RB,TAM,25,100,131.0,31.0,167.6,97.5,70.1,Buy,109.1,14.0,44.0,
David Montgomery,RB,DET,27,101,35.0,-66.0,167.2,165.3,1.9,Strong Fade,59.7,8.0,21.0,
Jayden Reed,WR,GNB,24,102,96.0,-6.0,166.8,123.2,43.6,Consensus,101.2,9.0,37.0,
Russell Wilson*,QB,PIT,36,103,422.0,319.0,166.5,163.9,2.6,Strong Buy,144.0,19.0,30.0,
Jaylen Waddle,WR,MIA,26,104,85.0,-19.0,163.5,127.9,35.6,Slight Fade,80.8,9.0,31.0,
Kenneth Walker III,RB,SEA,24,105,22.0,-83.0,161.0,182.7,-21.7,Strong Fade,41.4,6.0,16.0,
Bryce Young,QB,CAR,23,106,168.0,62.0,160.0,232.4,-72.4,Strong Buy,138.1,15.0,25.0,
Quinn Ewers,QB,TBD,21,107,567.0,460.0,160.0,7.5,152.5,Strong Buy,252.5,27.0,67.0,
Sam LaPorta,TE,DET,23,108,55.0,-53.0,159.9,116.1,43.8,Strong Fade,53.1,3.0,4.0,
Mike Gesicki,TE,CIN,29,109,117.0,8.0,158.9,76.5,82.4,Consensus,169.7,8.0,22.0,
Zach Ertz,TE,WAS,34,110,94.0,-16.0,158.7,85.8,72.9,Slight Fade,144.0,7.0,13.0,
Pat Freiermuth,TE,PIT,26,111,136.0,25.0,158.7,67.5,91.2,Buy,155.8,9.0,28.0,
Mark Andrews,TE,BAL,29,112,58.0,-54.0,157.9,114.9,43.0,Strong Fade,71.3,4.0,5.0,
Anthony Richardson,QB,IND,22,113,358.0,245.0,157.5,181.2,-23.7,Strong Buy,128.4,18.0,29.0,
Drew Lock,QB,NYG,28,114,564.0,450.0,157.3,7.9,149.4,Strong Buy,,27.0,64.0,
Jaleel McLaughlin,RB,DEN,24,115,364.0,249.0,156.9,25.5,131.4,Strong Buy,146.7,19.0,93.0,
Zach Charbonnet,RB,SEA,23,116,122.0,6.0,156.8,100.2,56.6,Consensus,119.1,13.0,41.0,
Rome Odunze,WR,CHI,22,117,92.0,-25.0,153.4,124.4,29.0,Fade,91.6,9.0,35.0,
Travis Etienne,RB,JAX,25,118,111.0,-7.0,153.1,108.1,45.0,Consensus,95.1,13.0,40.0,
Cade Otton,TE,TAM,25,119,115.0,-4.0,153.1,76.6,76.5,Consensus,162.0,8.0,21.0,
Ray-Ray McCloud,WR,ATL,28,120,240.0,120.0,152.4,59.4,93.0,Strong Buy,216.8,16.0,87.0,
Quentin Johnston,WR,LAC,23,121,137.0,16.0,151.1,105.2,45.9,Slight Buy,149.9,11.0,51.0,
Demario Douglas,WR,NWE,24,122,186.0,64.0,150.4,80.0,70.4,Strong Buy,179.5,14.0,67.0,
Jake Ferguson,TE,DAL,25,123,104.0,-19.0,148.5,82.2,66.3,Slight Fade,135.5,7.0,18.0,
Xavier Worthy,WR,KAN,21,124,56.0,-68.0,147.6,153.6,-6.0,Strong Fade,67.8,6.0,18.0,
Elijah Moore,WR,CLE,24,125,424.0,299.0,147.5,20.6,126.9,Strong Buy,,21.0,143.0,
Alexander Mattison,RB,LVR,26,126,373.0,247.0,147.1,23.4,123.7,Strong Buy,,19.0,98.0,
Deebo Samuel,WR,SFO,28,127,81.0,-46.0,145.8,130.8,15.0,Fade,79.9,8.0,30.0,
Tyjae Spears,RB,TEN,23,128,126.0,-2.0,144.3,99.3,45.0,Consensus,132.7,13.0,43.0,
Jalen Milroe,QB,TBD,21,129,538.0,409.0,144.0,32.7,111.3,Strong Buy,149.9,25.0,38.0,
Ashton Jeanty,RB,TBD,21,130,11.0,-119.0,144.0,216.4,-72.4,Strong Fade,10.5,4.0,10.0,
Brian Robinson Jr.,RB,WAS,25,131,,,142.9,,,No Expert Data,,,,
Rashod Bateman,WR,BAL,25,132,140.0,8.0,142.6,104.5,38.1,Consensus,150.6,11.0,52.0,
Tank Dell,WR,HOU,25,133,426.0,293.0,142.3,20.1,122.2,Strong Buy,138.9,21.0,144.0,
Tucker Kraft,TE,GNB,24,134,84.0,-50.0,141.9,90.5,51.4,Strong Fade,115.2,6.0,10.0,
Kareem Hunt,RB,KAN,29,135,203.0,68.0,140.5,60.9,79.6,Strong Buy,144.6,16.0,61.0,
Isaac Guerendo,RB,SFO,24,136,162.0,26.0,139.6,82.6,57.0,Buy,139.1,14.0,51.0,
Jerome Ford,RB,CLE,25,137,153.0,16.0,139.6,86.2,53.4,Slight Buy,137.1,14.0,48.0,
Andy Dalton,QB,CAR,37,138,568.0,430.0,139.0,7.3,131.7,Strong Buy,,27.0,68.0,
DeAndre Hopkins,WR,2TM,32,139,219.0,80.0,138.6,65.5,73.1,Strong Buy,167.9,16.0,78.0,
Jordan Mason,RB,SFO,25,140,103.0,-37.0,138.4,109.5,28.9,Fade,108.4,12.0,38.0,
Jaylen Warren,RB,PIT,26,141,76.0,-65.0,137.7,125.2,12.5,Strong Fade,98.3,11.0,31.0,
Dalton Schultz,TE,HOU,28,142,133.0,-9.0,137.2,69.4,67.8,Consensus,206.3,9.0,25.0,
Tank Bigsby,RB,JAX,23,143,124.0,-19.0,136.1,99.3,36.8,Slight Fade,119.2,13.0,42.0,
Chigoziem Okonkwo,TE,TEN,25,144,135.0,-9.0,135.9,68.0,67.9,Consensus,189.9,9.0,27.0,
Adam Thielen,WR,CAR,34,145,166.0,21.0,135.3,90.0,45.3,Buy,164.6,13.0,61.0,
Alec Pierce,WR,IND,24,146,195.0,49.0,134.6,77.4,57.2,Buy,180.1,14.0,72.0,
Daniel Jones,QB,NYG,27,147,533.0,386.0,133.1,86.4,46.7,Strong Buy,181.5,22.0,33.0,
Will Levis,QB,TEN,25,148,,,132.7,,,No Expert Data,,,,
Juwan Johnson,TE,NOR,28,149,134.0,-15.0,132.7,68.1,64.6,Slight Fade,227.8,9.0,26.0,
Chris Godwin,WR,TAM,28,150,94.0,-56.0,131.3,123.7,7.6,Strong Fade,87.2,9.0,36.0,
Tyler Huntley,QB,MIA,26,151,582.0,431.0,130.2,2.2,128.0,Strong Buy,,28.0,82.0,
Kyle Pitts,TE,ATL,24,152,93.0,-59.0,129.6,86.0,43.6,Strong Fade,120.4,6.0,12.0,
Audric Estime,RB,DEN,21,153,310.0,157.0,129.1,37.1,92.0,Strong Buy,,18.0,78.0,
Omarion Hampton,RB,TBD,21,154,29.0,-125.0,128.0,172.8,-44.8,Strong Fade,42.6,7.0,19.0,
Kayshon Boutte,WR,NWE,22,155,269.0,114.0,127.8,54.5,73.3,Strong Buy,,17.0,93.0,
Romeo Doubs,WR,GNB,24,156,180.0,24.0,127.6,83.5,44.1,Buy,166.5,14.0,64.0,
Dallas Goedert,TE,PHI,29,157,80.0,-77.0,126.8,93.3,33.5,Strong Fade,129.7,6.0,9.0,
Amari Cooper,WR,2TM,30,158,,,126.5,,,No Expert Data,,,,
Trevor Lawrence,QB,JAX,25,159,138.0,-21.0,126.2,248.3,-122.1,Fade,128.5,12.0,19.0,
Braelon Allen,RB,NYJ,20,160,190.0,30.0,125.7,66.7,59.0,Buy,163.5,16.0,58.0,
Jalen Tolbert,WR,DAL,25,161,232.0,71.0,125.5,61.4,64.1,Strong Buy,188.4,16.0,84.0,
Trey Benson,RB,ARI,21,162,145.0,-17.0,125.4,89.9,35.5,Slight Fade,139.1,14.0,45.0,
Will Dissly,TE,LAC,28,163,176.0,13.0,125.0,46.8,78.2,Slight Buy,,13.0,38.0,
Stefon Diggs,WR,HOU,31,164,121.0,-43.0,124.9,111.8,13.1,Fade,103.7,10.0,47.0,
Tyler Conklin,TE,NYJ,29,165,170.0,5.0,124.5,50.0,74.5,Consensus,,13.0,35.0,
Kenneth Gainwell,RB,PHI,25,166,341.0,175.0,123.8,30.7,93.1,Strong Buy,,19.0,84.0,
Noah Fant,TE,SEA,27,167,174.0,7.0,121.4,47.4,74.0,Consensus,,13.0,36.0,
Isaiah Likely,TE,BAL,24,168,118.0,-50.0,120.2,75.6,44.6,Strong Fade,143.2,9.0,23.0,
Jaylen Wright,RB,MIA,21,169,177.0,8.0,119.6,73.3,46.3,Consensus,167.0,15.0,56.0,
Derek Carr,QB,NOR,33,170,,,119.1,,,No Expert Data,,,,
Olamide Zaccheaus,WR,WAS,27,171,460.0,289.0,118.6,14.3,104.3,Strong Buy,,21.0,161.0,
Josh Palmer,WR,LAC,25,172,,,118.6,,,No Expert Data,,,,
Michael Wilson,WR,ARI,24,173,187.0,14.0,118.2,79.5,38.7,Slight Buy,191.7,14.0,68.0,
Jameis Winston,QB,CLE,30,174,540.0,366.0,118.2,16.4,101.8,Strong Buy,,26.0,40.0,
Tyler Lockett,WR,SEA,32,175,211.0,36.0,117.8,68.2,49.6,Buy,220.0,15.0,76.0,
Dalton Kincaid,TE,BUF,25,176,98.0,-78.0,117.1,83.8,33.3,Strong Fade,136.9,7.0,15.0,
Tutu Atwell,WR,LAR,25,177,227.0,50.0,116.9,63.8,53.1,Strong Buy,,16.0,82.0,
Cole Kmet,TE,CHI,25,178,192.0,14.0,115.3,39.8,75.5,Slight Buy,198.6,14.0,42.0,
Evan Engram,TE,JAX,30,179,97.0,-82.0,114.6,85.1,29.5,Strong Fade,111.4,7.0,14.0,
Xavier Legette,WR,CAR,23,180,179.0,-1.0,114.5,83.8,30.7,Consensus,161.0,13.0,63.0,
Austin Ekeler,RB,WAS,29,181,107.0,-74.0,113.8,108.6,5.2,Strong Fade,132.6,12.0,39.0,
Darius Slayton,WR,NYG,27,182,207.0,25.0,113.4,69.9,43.5,Buy,223.0,15.0,75.0,
Cooper Rush,QB,DAL,31,183,560.0,377.0,112.7,9.2,103.5,Strong Buy,,27.0,60.0,
Tre Tucker,WR,LVR,23,184,236.0,52.0,112.4,60.3,52.1,Strong Buy,231.3,16.0,86.0,
T.J. Hockenson,TE,MIN,27,185,72.0,-113.0,112.2,102.3,9.9,Strong Fade,78.2,4.0,7.0,
Dak Prescott,QB,DAL,31,186,94.0,-92.0,112.1,266.8,-154.7,Strong Fade,86.9,10.0,13.0,
TreVeyon Henderson,RB,TBD,21,187,47.0,-140.0,112.0,151.8,-39.8,Strong Fade,61.1,9.0,25.0,
Austin Hooper,TE,NWE,30,188,206.0,18.0,111.3,32.1,79.2,Slight Buy,,15.0,46.0,
Calvin Austin III,WR,PIT,25,189,200.0,11.0,111.2,75.0,36.2,Slight Buy,188.9,15.0,74.0,
Justice Hill,RB,BAL,27,190,204.0,14.0,111.0,60.7,50.3,Slight Buy,188.7,16.0,62.0,
Christian Watson,WR,GNB,25,191,265.0,74.0,110.9,54.9,56.0,Strong Buy,200.1,17.0,92.0,
Devaughn Vele,WR,DEN,27,192,334.0,142.0,110.5,42.9,67.6,Strong Buy,249.2,18.0,111.0,
Marvin Mims*+,WR,DEN,22,193,128.0,-65.0,109.5,110.0,-0.5,Strong Fade,145.3,11.0,49.0,
Antonio Gibson,RB,NWE,26,194,296.0,102.0,109.3,39.3,70.0,Strong Buy,192.1,18.0,75.0,
Keon Coleman,WR,BUF,21,195,112.0,-83.0,109.2,117.4,-8.2,Strong Fade,124.1,10.0,42.0,
Ameer Abdullah,RB,LVR,31,196,339.0,143.0,108.3,31.2,77.1,Strong Buy,,19.0,83.0,
Blake Corum,RB,LAR,24,197,234.0,37.0,107.9,49.8,58.1,Buy,200.3,17.0,65.0,
Allen Lazard,WR,NYJ,29,198,262.0,64.0,107.6,55.2,52.4,Strong Buy,,17.0,91.0,
Joe Flacco,QB,IND,39,199,532.0,333.0,106.1,104.9,1.2,Strong Buy,184.8,21.0,32.0,
Chris Brooks,RB,GNB,24,200,387.0,187.0,105.9,18.5,87.4,Strong Buy,,20.0,107.0,
Nick Westbrook-Ikhine,WR,TEN,27,201,215.0,14.0,104.2,67.2,37.0,Slight Buy,,15.0,77.0,
Isiah Pacheco,RB,KAN,25,202,54.0,-148.0,104.2,142.8,-38.6,Strong Fade,74.1,9.0,28.0,
Emeka Egbuka,WR,TBD,21,203,158.0,-45.0,104.0,94.5,9.5,Fade,122.9,12.0,58.0,
Demarcus Robinson,WR,LAR,30,204,319.0,115.0,103.3,46.7,56.6,Strong Buy,,18.0,107.0,
Jalen McMillan,WR,TAM,23,205,191.0,-14.0,101.9,77.7,24.2,Slight Fade,170.4,14.0,71.0,
Gardner Minshew II,QB,LVR,28,206,,,101.6,,,No Expert Data,,,,
Andrei Iosivas,WR,CIN,25,207,250.0,43.0,99.1,58.0,41.1,Buy,223.8,17.0,90.0,
Jalen Coker,WR,CAR,23,208,245.0,37.0,98.1,58.5,39.6,Buy,219.9,16.0,88.0,
Noah Brown,WR,WAS,28,209,285.0,76.0,97.7,51.7,46.0,Strong Buy,264.4,17.0,97.0,
Devin Singletary,RB,NYG,27,210,320.0,110.0,97.6,35.3,62.3,Strong Buy,231.4,18.0,79.0,
Dontayvion Wicks,WR,GNB,23,211,272.0,61.0,97.6,53.2,44.4,Strong Buy,,17.0,94.0,
Ray Davis,RB,BUF,25,212,151.0,-61.0,97.5,86.5,11.0,Strong Fade,140.1,14.0,46.0,
Trey Sermon,RB,IND,25,213,447.0,234.0,97.3,4.4,92.9,Strong Buy,,21.0,137.0,
RJ Harvey,RB,TBD,21,214,57.0,-157.0,96.0,141.8,-45.8,Strong Fade,64.7,10.0,29.0,
Noah Gray,TE,KAN,25,215,178.0,-37.0,95.6,46.2,49.4,Fade,217.7,13.0,39.0,
Foster Moreau,TE,NOR,27,216,175.0,-41.0,94.5,47.1,47.4,Fade,,13.0,37.0,
Tyler Goodson,RB,IND,24,217,354.0,137.0,94.3,28.3,66.0,Strong Buy,,19.0,88.0,
Tyler Boyd,WR,TEN,30,218,,,93.3,,,No Expert Data,,,,
Carson Steele,RB,KAN,22,219,388.0,169.0,92.7,17.2,75.5,Strong Buy,,20.0,108.0,
Dyami Brown,WR,WAS,25,220,222.0,2.0,92.7,64.5,28.2,Consensus,224.2,16.0,80.0,
Tim Patrick,WR,DET,31,221,363.0,142.0,92.4,37.4,55.0,Strong Buy,,19.0,118.0,
Emanuel Wilson,RB,GNB,25,222,361.0,139.0,92.3,26.3,66.0,Strong Buy,,19.0,92.0,
Mack Hollins,WR,BUF,31,223,399.0,176.0,91.5,26.1,65.4,Strong Buy,,20.0,131.0,
Ricky Pearsall,WR,SFO,24,224,116.0,-108.0,90.8,114.4,-23.6,Strong Fade,111.5,10.0,44.0,
Roschon Johnson,RB,CHI,23,225,160.0,-65.0,90.4,82.8,7.6,Strong Fade,161.9,14.0,50.0,
KaVontae Turpin*+,WR,DAL,28,226,295.0,69.0,90.2,50.5,39.7,Strong Buy,,17.0,100.0,
Chris Olave,WR,NOR,24,227,120.0,-107.0,90.0,112.5,-22.5,Strong Fade,90.8,10.0,46.0,
Isaiah Davis,RB,NYJ,22,228,355.0,127.0,89.9,28.2,61.7,Strong Buy,,19.0,89.0,
Parker Washington,WR,JAX,22,229,371.0,142.0,89.8,34.6,55.2,Strong Buy,,19.0,122.0,
Kimani Vidal,RB,LAC,23,230,390.0,160.0,89.7,16.6,73.1,Strong Buy,,20.0,110.0,
Brenton Strange,TE,JAX,24,231,125.0,-106.0,89.7,72.6,17.1,Strong Fade,178.5,9.0,24.0,
Sterling Shepard,WR,TAM,31,232,443.0,211.0,89.1,16.7,72.4,Strong Buy,,21.0,154.0,
Diontae Johnson,WR,3TM,28,233,220.0,-13.0,88.4,65.1,23.3,Slight Fade,221.1,16.0,79.0,
Greg Dortch,WR,ARI,26,234,321.0,87.0,88.0,46.0,42.0,Strong Buy,,18.0,108.0,
Cam Akers,RB,2TM,25,235,377.0,142.0,87.9,22.6,65.3,Strong Buy,,19.0,101.0,
Dameon Pierce,RB,HOU,24,236,345.0,109.0,87.3,29.4,57.9,Strong Buy,,19.0,86.0,
Emari Demercado,RB,ARI,25,237,372.0,135.0,87.2,23.4,63.8,Strong Buy,,19.0,97.0,
Jacoby Brissett,QB,NWE,32,238,546.0,308.0,86.4,11.2,75.2,Strong Buy,,27.0,46.0,
Jalen Nailor,WR,MIN,25,239,308.0,69.0,86.4,48.9,37.5,Strong Buy,,18.0,103.0,
Jordan Akins,TE,CLE,32,240,,,85.5,,,No Expert Data,,,,
Lil'Jordan Humphrey,WR,DEN,26,241,433.0,192.0,85.5,18.6,66.9,Strong Buy,,21.0,149.0,
Sincere McCormick,RB,LVR,24,242,398.0,156.0,85.0,15.2,69.8,Strong Buy,,20.0,115.0,
Michael Penix,QB,ATL,24,243,,,84.5,,,No Expert Data,,,,
David Moore,WR,CAR,29,244,486.0,242.0,84.3,9.1,75.2,Strong Buy,,22.0,177.0,
Zack Moss,RB,CIN,27,245,243.0,-2.0,82.9,47.4,35.5,Consensus,148.8,17.0,68.0,
Curtis Samuel,WR,BUF,28,246,329.0,83.0,82.9,43.7,39.2,Strong Buy,,18.0,109.0,
Ja'Tavion Sanders,TE,CAR,21,247,161.0,-86.0,81.9,56.0,25.9,Strong Fade,187.0,12.0,34.0,
Samaje Perine,RB,KAN,29,248,242.0,-6.0,81.1,47.5,33.6,Consensus,152.5,17.0,67.0,
Theo Johnson,TE,NYG,23,249,139.0,-110.0,80.8,67.3,13.5,Strong Fade,205.0,10.0,29.0,
Sean Tucker,RB,TAM,23,250,284.0,34.0,79.5,40.6,38.9,Buy,188.7,18.0,73.0,
Cedric Tillman,WR,CLE,24,251,169.0,-82.0,77.8,88.0,-10.2,Strong Fade,170.5,13.0,62.0,
Raheem Mostert,RB,MIA,32,252,212.0,-40.0,77.1,56.6,20.5,Fade,194.4,17.0,63.0,
Kendre Miller,RB,NOR,22,253,198.0,-55.0,76.8,64.3,12.5,Strong Fade,173.9,16.0,60.0,
Malik Willis,QB,GNB,25,254,541.0,287.0,76.2,16.0,60.2,Strong Buy,,26.0,41.0,
Christian Kirk,WR,JAX,28,255,165.0,-90.0,76.2,90.4,-14.2,Strong Fade,158.8,13.0,60.0,
Brandon Aiyuk,WR,SFO,26,256,144.0,-112.0,75.4,101.3,-25.9,Strong Fade,117.6,12.0,54.0,
Colby Parkinson,TE,LAR,25,257,253.0,-4.0,74.7,19.6,55.1,Consensus,,17.0,71.0,
Hunter Luepke,RB,DAL,24,258,441.0,183.0,72.8,5.6,67.2,Strong Buy,,21.0,134.0,
Rashee Rice,WR,KAN,24,259,108.0,-151.0,72.6,119.7,-47.1,Strong Fade,59.8,10.0,41.0,
Colston Loveland,TE,TBD,21,260,102.0,-158.0,72.0,82.8,-10.8,Strong Fade,110.4,7.0,17.0,
Nick Chubb,RB,CLE,29,261,155.0,-106.0,70.5,85.1,-14.6,Strong Fade,137.3,14.0,49.0,
Jordan Whittington,WR,LAR,24,262,277.0,15.0,70.2,52.5,17.7,Slight Buy,,17.0,95.0,
Miles Sanders,RB,CAR,27,263,194.0,-69.0,68.8,66.2,2.6,Strong Fade,189.7,16.0,59.0,
Kendrick Bourne,WR,NWE,29,264,404.0,140.0,68.4,25.5,42.9,Strong Buy,,20.0,134.0,
Dawson Knox,TE,BUF,28,265,209.0,-56.0,67.8,31.2,36.6,Strong Fade,,15.0,48.0,
Marquez Valdes-Scantling,WR,2TM,30,266,235.0,-31.0,67.0,60.7,6.3,Fade,,16.0,85.0,
Kenny McIntosh,RB,SEA,24,267,,,66.9,,,No Expert Data,,,,
Josh Whyle,TE,TEN,25,268,231.0,-37.0,66.0,24.8,41.2,Fade,,16.0,60.0,
Ty Chandler,RB,MIN,26,269,380.0,111.0,65.9,22.1,43.8,Strong Buy,143.0,19.0,102.0,
AJ Barner,TE,SEA,22,270,184.0,-86.0,65.5,43.4,22.1,Strong Fade,,14.0,41.0,
Tyler Johnson,WR,LAR,26,271,378.0,107.0,65.4,33.5,31.9,Strong Buy,,19.0,124.0,
Adonai Mitchell,WR,IND,22,272,293.0,21.0,65.4,50.7,14.7,Buy,211.0,17.0,99.0,
Zamir White,RB,LVR,25,273,327.0,54.0,65.4,33.6,31.8,Strong Buy,239.6,19.0,82.0,
Grant Calcaterra,TE,PHI,26,274,249.0,-25.0,65.1,20.3,44.8,Fade,,17.0,68.0,
Van Jefferson,WR,PIT,28,275,374.0,99.0,65.1,34.4,30.7,Strong Buy,,19.0,123.0,
Justin Watson,WR,KAN,28,276,476.0,200.0,64.7,12.1,52.6,Strong Buy,,22.0,166.0,
Rashid Shaheed,WR,NOR,26,277,106.0,-171.0,64.2,119.8,-55.6,Strong Fade,153.5,9.0,40.0,
Ty Johnson,RB,BUF,27,278,217.0,-61.0,64.0,55.1,8.9,Strong Fade,157.0,17.0,64.0,
Luke Schoonmaker,TE,DAL,26,279,244.0,-35.0,63.4,20.6,42.8,Fade,,17.0,65.0,
Chris Rodriguez,RB,WAS,24,280,376.0,96.0,63.0,23.1,39.9,Strong Buy,,19.0,100.0,
Marcus Mariota,QB,WAS,31,281,543.0,262.0,62.2,12.7,49.5,Strong Buy,,26.0,43.0,
Mike Williams,WR,2TM,30,282,,,61.1,,,No Expert Data,,,,
Pierre Strong,RB,CLE,26,283,,,60.9,,,No Expert Data,,,,
Dare Ogunbowale,RB,HOU,30,284,403.0,119.0,59.0,14.3,44.7,Strong Buy,,20.0,117.0,
Gus Edwards,RB,LAC,29,285,,,58.6,,,No Expert Data,,,,
Josh Oliver,TE,MIN,27,286,225.0,-61.0,58.5,26.1,32.4,Strong Fade,,16.0,57.0,
Taysom Hill,TE,NOR,34,287,183.0,-104.0,58.2,43.5,14.7,Strong Fade,149.9,13.0,40.0,
Tommy Tremble,TE,CAR,24,288,216.0,-72.0,58.0,28.5,29.5,Strong Fade,,16.0,52.0,
Troy Franklin,WR,DEN,21,289,314.0,25.0,57.6,47.0,10.6,Buy,222.2,18.0,104.0,
Tanner McKee,QB,PHI,24,290,561.0,271.0,56.9,8.7,48.2,Strong Buy,,27.0,61.0,
Ezekiel Elliott,RB,DAL,29,291,,,56.8,,,No Expert Data,,,,
John Metchie,WR,HOU,24,292,458.0,166.0,56.0,14.3,41.7,Strong Buy,,21.0,160.0,
Brandin Cooks,WR,DAL,31,293,228.0,-65.0,55.9,63.2,-7.3,Strong Fade,,16.0,83.0,
Gabriel Davis,WR,JAX,25,294,,,54.8,,,No Expert Data,,,,
Malik Washington,WR,MIA,23,295,335.0,40.0,54.6,42.8,11.8,Buy,,18.0,112.0,
Christian McCaffrey,RB,SFO,28,296,7.0,-289.0,54.1,220.6,-166.5,Strong Fade,14.4,3.0,7.0,
Cedrick Wilson Jr.,WR,NOR,29,297,,,54.1,,,No Expert Data,,,,
Jahan Dotson,WR,PHI,24,298,417.0,119.0,53.9,22.0,31.9,Strong Buy,,20.0,140.0,
Michael Carter,RB,ARI,25,299,413.0,114.0,52.9,11.6,41.3,Strong Buy,,20.0,122.0,
Desmond Ridder,QB,LVR,25,300,,,52.4,,,No Expert Data,,,,
Patrick Taylor,RB,SFO,26,301,393.0,92.0,52.0,16.2,35.8,Strong Buy,,20.0,112.0,
Jordan Mims,RB,NOR,25,302,420.0,118.0,51.8,10.0,41.8,Strong Buy,,20.0,126.0,
D'Onta Foreman,RB,CLE,28,303,,,50.8,,,No Expert Data,,,,
Khalil Herbert,RB,2TM,26,304,278.0,-26.0,50.3,41.3,9.0,Fade,,18.0,71.0,
Michael Mayer,TE,LVR,23,305,199.0,-106.0,50.0,37.6,12.4,Strong Fade,257.4,14.0,43.0,
JuJu Smith-Schuster,WR,KAN,28,306,405.0,99.0,48.7,25.3,23.4,Strong Buy,,20.0,135.0,
Nelson Agholor,WR,BAL,31,307,,,48.5,,,No Expert Data,,,,
Robert Woods,WR,HOU,32,308,392.0,84.0,48.5,27.4,21.1,Strong Buy,,20.0,128.0,
Joshua Dobbs,QB,SFO,29,309,558.0,249.0,48.3,9.6,38.7,Strong Buy,,27.0,58.0,
Darnell Washington,TE,PIT,23,310,238.0,-72.0,48.2,22.1,26.1,Strong Fade,,17.0,63.0,
Stone Smartt,TE,LAC,26,311,268.0,-43.0,47.6,16.7,30.9,Fade,,18.0,82.0,
Will Shipley,RB,PHI,22,312,280.0,-32.0,46.5,41.1,5.4,Fade,193.6,18.0,72.0,
Jeremy McNichols,RB,WAS,29,313,384.0,71.0,46.2,20.7,25.5,Strong Buy,,20.0,106.0,
Jimmy Garoppolo,QB,LAR,33,314,545.0,231.0,44.9,11.5,33.4,Strong Buy,,27.0,45.0,
Erick All,TE,CIN,24,315,342.0,27.0,44.8,3.3,41.5,Buy,,20.0,121.0,
Kalif Raymond,WR,DET,30,316,401.0,85.0,44.5,25.6,18.9,Strong Buy,,20.0,132.0,
Eric Gray,RB,NYG,25,317,437.0,120.0,43.6,6.3,37.3,Strong Buy,,21.0,133.0,
D'Ernest Johnson,RB,JAX,28,318,463.0,145.0,42.7,2.4,40.3,Strong Buy,,21.0,148.0,
Tanner Hudson,TE,CIN,30,319,291.0,-28.0,42.3,12.9,29.4,Fade,,18.0,95.0,
Kenny Pickett,QB,PHI,26,320,534.0,214.0,42.0,59.4,-17.4,Strong Buy,217.0,22.0,34.0,
Jonathan Mingo,WR,2TM,23,321,492.0,171.0,41.5,7.5,34.0,Strong Buy,,22.0,183.0,
DJ Turner,WR,LVR,27,322,,,41.3,,,No Expert Data,,,,
Tylan Wallace,WR,BAL,25,323,457.0,134.0,41.2,14.4,26.8,Strong Buy,,21.0,159.0,
Elijah Higgins,TE,ARI,24,324,247.0,-77.0,40.9,20.5,20.4,Strong Fade,,17.0,66.0,
Luke McCaffrey,WR,WAS,23,325,412.0,87.0,40.8,23.3,17.5,Strong Buy,263.0,20.0,138.0,
Josh Reynolds,WR,2TM,29,326,226.0,-100.0,40.4,63.9,-23.5,Strong Fade,240.4,16.0,81.0,
Lucas Krull,TE,DEN,26,327,263.0,-64.0,40.0,17.2,22.8,Strong Fade,,17.0,78.0,
Julius Chestnut,RB,TEN,24,328,425.0,97.0,39.5,9.4,30.1,Strong Buy,,21.0,128.0,
Kylen Granson,TE,IND,26,329,336.0,7.0,39.0,4.9,34.1,Consensus,,19.0,119.0,
Joe Milton,QB,NWE,24,330,548.0,218.0,39.0,11.0,28.0,Strong Buy,214.5,27.0,48.0,
Drew Sample,TE,CIN,28,331,271.0,-60.0,38.5,15.4,23.1,Strong Fade,,18.0,84.0,
Johnny Mundt,TE,MIN,30,332,260.0,-72.0,38.1,17.6,20.5,Strong Fade,,17.0,76.0,
Dorian Thompson-Robinson,QB,CLE,25,333,,,38.0,,,No Expert Data,,,,
Cordarrelle Patterson,RB,PIT,33,334,,,37.3,,,No Expert Data,,,,
Jamaal Williams,RB,NOR,29,335,,,36.4,,,No Expert Data,,,,
Jalen Brooks,WR,DAL,24,336,499.0,163.0,36.3,6.0,30.3,Strong Buy,,22.0,190.0,
Deuce Vaughn,RB,DAL,23,337,434.0,97.0,36.0,7.0,29.0,Strong Buy,,21.0,131.0,
Cade Stover,TE,HOU,24,338,251.0,-87.0,35.8,20.0,15.8,Strong Fade,,17.0,69.0,
Tyler Badie,RB,DEN,24,339,459.0,120.0,35.6,3.2,32.4,Strong Buy,,21.0,145.0,
Jeremy Ruckert,TE,NYJ,24,340,230.0,-110.0,35.3,24.9,10.4,Strong Fade,,16.0,59.0,
Trey Palmer,WR,TAM,23,341,521.0,180.0,35.3,2.8,32.5,Strong Buy,,23.0,211.0,
Nick Vannett,TE,TEN,31,342,356.0,14.0,35.1,1.4,33.7,Slight Buy,,20.0,128.0,
Adam Trautman,TE,DEN,27,343,237.0,-106.0,35.0,22.2,12.8,Strong Fade,,17.0,62.0,
Hassan Haskins,RB,LAC,25,344,394.0,50.0,34.4,15.9,18.5,Strong Buy,,20.0,113.0,
Mo Alie-Cox,TE,IND,31,345,229.0,-116.0,34.3,25.2,9.1,Strong Fade,,16.0,58.0,
Kevin Austin,WR,NOR,24,346,,,33.8,,,No Expert Data,,,,
Mitchell Trubisky,QB,BUF,30,347,553.0,206.0,33.5,10.3,23.2,Strong Buy,,27.0,53.0,
Daniel Bellinger,TE,NYG,24,348,248.0,-100.0,33.5,20.4,13.1,Strong Fade,,17.0,67.0,
Nate Adkins,TE,DEN,25,349,233.0,-116.0,33.4,23.3,10.1,Strong Fade,,17.0,61.0,
Ronnie Rivers,RB,LAR,25,350,421.0,71.0,33.0,9.7,23.3,Strong Buy,,20.0,127.0,
Jake Haener,QB,NOR,25,351,574.0,223.0,32.7,6.6,26.1,Strong Buy,,28.0,74.0,
KhaDarel Hodge*,WR,ATL,29,352,432.0,80.0,30.2,18.7,11.5,Strong Buy,,21.0,148.0,
DeeJay Dallas,RB,ARI,26,353,448.0,95.0,29.8,4.1,25.7,Strong Buy,,21.0,138.0,
Tim Boyle,QB,2TM,30,354,,,29.5,,,No Expert Data,,,,
Mason Tipton,WR,NOR,24,355,,,29.1,,,No Expert Data,,,,
Ja'Lynn Polk,WR,NWE,22,356,407.0,51.0,29.0,24.3,4.7,Strong Buy,,20.0,136.0,
Tyrod Taylor,QB,NYJ,35,357,565.0,208.0,28.9,7.6,21.3,Strong Buy,,27.0,65.0,
Jake Bobo,WR,SEA,26,358,414.0,56.0,28.6,22.4,6.2,Strong Buy,,20.0,139.0,
Trey Lance,QB,DAL,24,359,556.0,197.0,28.4,9.8,18.6,Strong Buy,,27.0,56.0,
Mecole Hardman,WR,KAN,26,360,495.0,135.0,28.2,6.9,21.3,Strong Buy,,22.0,186.0,
Derius Davis,WR,LAC,24,361,386.0,25.0,27.9,30.3,-2.4,Buy,,20.0,127.0,
Xavier Hutchinson,WR,HOU,24,362,352.0,-10.0,27.4,39.7,-12.3,Slight Fade,,19.0,116.0,
Dante Pettis,WR,NOR,29,363,494.0,131.0,27.3,7.4,19.9,Strong Buy,,22.0,185.0,
Ryan Miller,WR,TAM,24,364,,,26.9,,,No Expert Data,,,,
Keaton Mitchell,RB,BAL,22,365,290.0,-75.0,26.6,39.6,-13.0,Strong Fade,224.8,18.0,74.0,
Payne Durham,TE,TAM,24,366,241.0,-125.0,26.0,21.2,4.8,Strong Fade,,17.0,64.0,
Devin Duvernay,WR,JAX,27,367,513.0,146.0,25.8,3.9,21.9,Strong Buy,,22.0,203.0,
Tommy DeVito,QB,NYG,26,368,,,25.7,,,No Expert Data,,,,
Rakim Jarrett,WR,TAM,23,369,520.0,151.0,25.6,3.0,22.6,Strong Buy,,23.0,210.0,
Jamycal Hasty,RB,NWE,28,370,,,25.3,,,No Expert Data,,,,
Craig Reynolds,RB,DET,28,371,408.0,37.0,25.1,13.0,12.1,Buy,,20.0,119.0,
Sione Vaki,RB,DET,23,372,465.0,93.0,24.8,2.2,22.6,Strong Buy,,21.0,150.0,
Charlie Kolar,TE,BAL,25,373,275.0,-98.0,24.6,14.7,9.9,Strong Fade,,18.0,87.0,
Jonathon Brooks,RB,CAR,21,374,,,24.5,,,No Expert Data,,,,
Julian Hill,TE,MIA,24,375,264.0,-111.0,24.5,17.1,7.4,Strong Fade,,17.0,79.0,
Brandon Allen,QB,SFO,32,376,573.0,197.0,24.3,7.0,17.3,Strong Buy,,28.0,73.0,
Brock Wright,TE,DET,26,377,201.0,-176.0,24.3,36.9,-12.6,Strong Fade,,15.0,44.0,
Eric Saubert,TE,SFO,30,378,315.0,-63.0,24.0,9.1,14.9,Strong Fade,,19.0,110.0,
Luke Farrell,TE,JAX,27,379,304.0,-75.0,23.4,11.7,11.7,Strong Fade,,18.0,103.0,
Jalen Reagor,WR,LAC,25,380,,,23.4,,,No Expert Data,,,,
Bailey Zappe,QB,CLE,25,381,,,23.4,,,No Expert Data,,,,
Bub Means,WR,NOR,23,382,379.0,-3.0,22.7,33.5,-10.8,Consensus,,19.0,125.0,
Ryan Flournoy,WR,DAL,25,383,523.0,140.0,22.4,2.7,19.7,Strong Buy,,23.0,213.0,
Marquise Brown,WR,KAN,27,384,157.0,-227.0,22.2,94.6,-72.4,Strong Fade,148.5,12.0,57.0,
Malik Heath,WR,GNB,24,385,489.0,104.0,22.2,8.4,13.8,Strong Buy,,22.0,180.0,
Skylar Thompson,QB,MIA,27,386,,,21.7,,,No Expert Data,,,,
Bo Melton,WR,GNB,25,387,478.0,91.0,21.3,11.0,10.3,Strong Buy,,22.0,169.0,
Brevyn Spann-Ford,TE,DAL,25,388,276.0,-112.0,20.5,14.6,5.9,Strong Fade,,18.0,88.0,
Andrew Ogletree,TE,IND,26,389,208.0,-181.0,20.3,31.8,-11.5,Strong Fade,,15.0,47.0,
Clyde Edwards-Helaire,RB,NOR,25,390,381.0,-9.0,20.2,21.7,-1.5,Consensus,,19.0,103.0,
Harrison Bryant,TE,LVR,26,391,357.0,-34.0,20.1,1.2,18.9,Fade,,20.0,129.0,
Simi Fehoko,WR,LAC,27,392,446.0,54.0,20.0,16.0,4.0,Strong Buy,,21.0,156.0,
Hayden Hurst,TE,LAC,31,393,,,19.8,,,No Expert Data,,,,
Odell Beckham Jr.,WR,MIA,32,394,,,19.7,,,No Expert Data,,,,
Jamison Crowder,WR,WAS,31,395,,,19.6,,,No Expert Data,,,,
Raheem Blackshear,RB,CAR,25,396,419.0,23.0,19.6,10.3,9.3,Buy,,20.0,125.0,
DeAndre Carter,WR,CHI,31,397,456.0,59.0,19.4,14.6,4.8,Strong Buy,,21.0,158.0,
Tyler Higbee,TE,LAR,31,398,143.0,-255.0,19.2,64.3,-45.1,Strong Fade,224.4,10.0,30.0,
John Bates,TE,WAS,27,399,316.0,-83.0,18.4,9.1,9.3,Strong Fade,,19.0,111.0,
Pharaoh Brown,TE,SEA,30,400,302.0,-98.0,18.2,11.9,6.3,Strong Fade,,18.0,101.0,
Bryce Oliver,WR,TEN,24,401,,,17.9,,,No Expert Data,,,,
Trent Sherfield,WR,MIN,28,402,512.0,110.0,17.8,4.1,13.7,Strong Buy,,22.0,202.0,
Sam Howell,QB,SEA,24,403,563.0,160.0,17.2,8.0,9.2,Strong Buy,,27.0,63.0,
Brandon Powell,WR,MIN,29,404,,,17.1,,,No Expert Data,,,,
Devin Culp,TE,TAM,24,405,267.0,-138.0,16.9,16.9,-0.0,Strong Fade,,18.0,81.0,
Zay Jones,WR,ARI,29,406,418.0,12.0,16.8,21.7,-4.9,Slight Buy,,21.0,141.0,
Durham Smythe,TE,MIA,29,407,313.0,-94.0,16.4,9.2,7.2,Strong Fade,,19.0,109.0,
Luke Musgrave,TE,GNB,24,408,224.0,-184.0,16.3,26.3,-10.0,Strong Fade,,16.0,56.0,
Jase McClellan,RB,ATL,22,409,,,16.3,,,No Expert Data,,,,
Xavier Gipson,WR,NYJ,23,410,522.0,112.0,16.3,2.7,13.6,Strong Buy,,23.0,212.0,
Jermaine Burton,WR,CIN,23,411,340.0,-71.0,16.2,42.2,-26.0,Strong Fade,242.0,18.0,114.0,
Charlie Woerner,TE,ATL,27,412,252.0,-160.0,15.7,19.8,-4.1,Strong Fade,,17.0,70.0,
Davis Mills,QB,HOU,26,413,557.0,144.0,15.7,9.6,6.1,Strong Buy,,27.0,57.0,
Hunter Long,TE,LAR,26,414,254.0,-160.0,15.6,19.4,-3.8,Strong Fade,,17.0,72.0,
Gerald Everett,TE,CHI,30,415,,,15.4,,,No Expert Data,,,,
Tucker Fisk,TE,LAC,25,416,331.0,-85.0,15.3,5.4,9.9,Strong Fade,,19.0,117.0,
K.J. Osborn,WR,2TM,27,417,318.0,-99.0,15.2,46.7,-31.5,Strong Fade,,18.0,106.0,
Michael Woods II,WR,CLE,24,418,,,15.1,,,No Expert Data,,,,
Chris Conley,WR,SFO,32,419,,,14.9,,,No Expert Data,,,,
River Cracraft,WR,MIA,30,420,,,14.8,,,No Expert Data,,,,
Jalin Hyatt,WR,NYG,23,421,445.0,24.0,14.7,16.0,-1.3,Buy,,21.0,155.0,
Terrell Jennings,RB,NWE,23,422,452.0,30.0,14.0,3.7,10.3,Buy,,21.0,142.0,
Ben Skowronek,WR,PIT,27,423,481.0,58.0,14.0,10.2,3.8,Strong Buy,,22.0,172.0,
Peyton Hendershot,TE,KAN,25,424,,,13.9,,,No Expert Data,,,,
Scott Miller,WR,PIT,27,425,,,13.9,,,No Expert Data,,,,
Johnny Wilson,WR,PHI,23,426,485.0,59.0,13.8,9.1,4.7,Strong Buy,,22.0,176.0,
Tip Reiman,TE,ARI,23,427,301.0,-126.0,13.7,12.0,1.7,Strong Fade,,18.0,100.0,
Blake Whiteheart,TE,CLE,24,428,294.0,-134.0,13.6,12.7,0.9,Strong Fade,,18.0,97.0,
Ainias Smith,WR,PHI,23,429,469.0,40.0,13.5,12.8,0.7,Buy,,21.0,163.0,
Jeff Wilson,RB,MIA,29,430,,,13.3,,,No Expert Data,,,,
Britain Covey,WR,PHI,27,431,507.0,76.0,13.2,4.7,8.5,Strong Buy,,22.0,197.0,
Jermar Jefferson,RB,DET,24,432,,,13.1,,,No Expert Data,,,,
Kenny Yeboah,TE,NYJ,26,433,326.0,-107.0,13.0,7.2,5.8,Strong Fade,,19.0,114.0,
MyCole Pruitt,TE,PIT,32,434,,,12.8,,,No Expert Data,,,,
Connor Heyward,TE,PIT,25,435,221.0,-214.0,12.7,26.7,-14.0,Strong Fade,,16.0,54.0,
J.J. Taylor,RB,HOU,26,436,449.0,13.0,12.7,4.0,8.7,Slight Buy,,21.0,139.0,
Jacob Cowing,WR,SFO,23,437,525.0,88.0,12.6,2.4,10.2,Strong Buy,,23.0,215.0,
Rasheen Ali,RB,BAL,23,438,406.0,-32.0,12.2,14.0,-1.8,Fade,,20.0,118.0,
Davis Allen,TE,LAR,23,439,330.0,-109.0,12.0,5.7,6.3,Strong Fade,,19.0,116.0,
Cam Grandy,TE,CIN,24,440,286.0,-154.0,11.8,13.6,-1.8,Strong Fade,,18.0,92.0,
Parris Campbell,WR,PHI,27,441,455.0,14.0,11.3,14.7,-3.4,Slight Buy,,21.0,157.0,
Quintin Morris,TE,BUF,25,442,282.0,-160.0,11.2,14.4,-3.2,Strong Fade,,18.0,90.0,
Tyrell Shavers,WR,BUF,25,443,,,11.1,,,No Expert Data,,,,
Ashton Dulin,WR,IND,27,444,488.0,44.0,11.0,9.0,2.0,Buy,,22.0,179.0,
Ben Sinnott,TE,WAS,22,445,218.0,-227.0,10.9,28.2,-17.3,Strong Fade,199.1,16.0,53.0,
Jacob Kibodi,RB,CLE,26,446,,,10.8,,,No Expert Data,,,,
Greg Dulcich,TE,2TM,24,447,309.0,-138.0,10.5,10.8,-0.3,Strong Fade,,19.0,106.0,
Travis Homer,RB,CHI,26,448,411.0,-37.0,10.3,12.1,-1.8,Fade,,20.0,121.0,
Tay Martin,WR,TEN,27,449,,,10.0,,,No Expert Data,,,,
Ben Sims,TE,GNB,24,450,322.0,-128.0,9.7,8.1,1.6,Strong Fade,,19.0,112.0,
Laviska Shenault Jr.,WR,2TM,26,451,,,9.7,,,No Expert Data,,,,
Tyquan Thornton,WR,NWE,24,452,,,9.6,,,No Expert Data,,,,
Terrace Marshall Jr.,WR,LVR,24,453,,,9.0,,,No Expert Data,,,,
Treylon Burks,WR,TEN,24,454,497.0,43.0,8.9,6.3,2.6,Buy,,22.0,188.0,
Will Mallory,TE,IND,25,455,307.0,-148.0,8.8,11.4,-2.6,Strong Fade,,18.0,105.0,
Deven Thompkins,WR,CAR,25,456,,,8.5,,,No Expert Data,,,,
Jaheim Bell,TE,NWE,23,457,311.0,-146.0,8.4,10.1,-1.7,Strong Fade,,19.0,107.0,
D'Wayne Eskridge,WR,MIA,27,458,,,8.3,,,No Expert Data,,,,
Malachi Corley,WR,NYJ,22,459,385.0,-74.0,8.2,31.2,-23.0,Strong Fade,,19.0,126.0,
Mike Boone,RB,CAR,29,460,,,8.1,,,No Expert Data,,,,
DJ Chark,WR,LAC,28,461,,,8.0,,,No Expert Data,,,,
Tim Jones,WR,JAX,26,462,475.0,13.0,7.7,12.3,-4.6,Slight Buy,,21.0,165.0,
David Bell,WR,CLE,24,463,514.0,51.0,7.6,3.9,3.7,Strong Buy,,22.0,204.0,
Alex Bachman,WR,LVR,28,464,,,7.5,,,No Expert Data,,,,
Chris Manhertz,TE,NYG,32,465,328.0,-137.0,7.4,6.7,0.7,Strong Fade,,19.0,115.0,
Ian Thomas,TE,CAR,28,466,303.0,-163.0,7.1,11.9,-4.8,Strong Fade,,18.0,102.0,
Allen Robinson,WR,DET,31,467,,,7.0,,,No Expert Data,,,,
Kene Nwangwu,RB,NYJ,26,468,,,6.8,,,No Expert Data,,,,
Dan Chisena,WR,CAR,27,469,,,6.8,,,No Expert Data,,,,
Trenton Irwin,WR,CIN,29,470,,,6.6,,,No Expert Data,,,,
MarShawn Lloyd,RB,GNB,23,471,182.0,-289.0,6.5,70.2,-63.7,Strong Fade,167.4,16.0,57.0,
Tony Jones,RB,ARI,27,472,,,6.5,,,No Expert Data,,,,
Xavier Smith,WR,LAR,27,473,529.0,56.0,6.4,1.1,5.3,Strong Buy,,23.0,219.0,
E.J. Jenkins,TE,PHI,26,474,,,6.4,,,No Expert Data,,,,
James Proche,WR,CLE,28,475,,,6.4,,,No Expert Data,,,,
Jamari Thrash,WR,CLE,24,476,508.0,32.0,6.3,4.6,1.7,Buy,,22.0,198.0,
Cody White,WR,SEA,26,477,478.0,1.0,6.3,11.0,-4.7,Consensus,,22.0,168.0,
Nikko Remigio,WR,KAN,25,478,,,6.3,,,No Expert Data,,,,
Dallin Holker,TE,NOR,24,479,,,6.0,,,No Expert Data,,,,
Josiah Deguara,TE,JAX,27,480,,,5.9,,,No Expert Data,,,,
Austin Trammell,WR,JAX,26,481,509.0,28.0,5.8,4.6,1.2,Buy,,22.0,199.0,
Chris Collier,RB,2TM,24,482,,,5.4,,,No Expert Data,,,,
Taylor Heinicke,QB,LAC,31,483,576.0,93.0,5.3,5.8,-0.5,Strong Buy,,28.0,76.0,
Tanner Conner,TE,MIA,26,484,312.0,-172.0,5.2,9.4,-4.2,Strong Fade,,19.0,108.0,
Tyrion Davis-Price,RB,PHI,24,485,,,5.2,,,No Expert Data,,,,
Blake Watson,RB,DEN,25,486,,,4.5,,,No Expert Data,,,,
Ronnie Bell,WR,SFO,24,487,,,4.5,,,No Expert Data,,,,
Carson Wentz,QB,KAN,32,488,,,4.5,,,No Expert Data,,,,
Myles Gaskin,RB,MIN,27,489,,,4.0,,,No Expert Data,,,,
Dalvin Cook,RB,DAL,29,490,,,4.0,,,No Expert Data,,,,
Kristian Wilkerson,WR,LVR,27,491,,,4.0,,,No Expert Data,,,,
Mason Kinsey,WR,TEN,26,492,,,3.9,,,No Expert Data,,,,
Jack Stoll,TE,2TM,26,493,350.0,-143.0,3.8,2.4,1.4,Strong Fade,,20.0,126.0,
Chris Oladokun,QB,KAN,27,494,,,3.6,,,No Expert Data,,,,
Isaiah Hodgins,WR,NYG,26,495,,,3.5,,,No Expert Data,,,,
Grant Dubose,WR,MIA,23,496,,,3.5,,,No Expert Data,,,,
Anthony Gould,WR,IND,23,497,519.0,22.0,3.5,3.3,0.2,Buy,,22.0,209.0,
Cody Schrader,RB,LAR,25,498,,,3.4,,,No Expert Data,,,,
Devontez Walker,WR,BAL,23,499,480.0,-19.0,3.3,10.5,-7.2,Slight Fade,,22.0,171.0,
Isaiah Williams,WR,2TM,23,500,518.0,18.0,3.3,3.3,-0.0,Slight Buy,,22.0,208.0,
Eric Tomlinson,TE,LAC,32,501,,,3.2,,,No Expert Data,,,,
Brevin Jordan,TE,HOU,24,502,213.0,-289.0,3.2,29.7,-26.5,Strong Fade,,15.0,50.0,
Marcedes Lewis,TE,CHI,40,503,,,3.1,,,No Expert Data,,,,
Shane Zylstra,TE,DET,28,504,,,3.1,,,No Expert Data,,,,
Aaron Shampklin,RB,PIT,25,505,,,3.0,,,No Expert Data,,,,
George Holani,RB,SEA,25,506,,,2.9,,,No Expert Data,,,,
Jonathan Ward,RB,PIT,27,507,,,2.9,,,No Expert Data,,,,
Hendon Hooker,QB,DET,26,508,552.0,44.0,2.8,10.3,-7.5,Buy,,27.0,52.0,
Feleipe Franks,TE,CAR,27,509,348.0,-161.0,2.7,2.4,0.3,Strong Fade,,20.0,124.0,
Kendric Pryor,WR,CIN,26,510,498.0,-12.0,2.7,6.0,-3.3,Slight Fade,,22.0,189.0,
Anthony Miller,WR,BAL,30,511,332.0,-179.0,2.6,43.2,-40.6,Strong Fade,,18.0,110.0,
Chris Blair,WR,ATL,27,512,504.0,-8.0,2.6,5.3,-2.7,Consensus,,22.0,194.0,
Casey Washington,WR,ATL,23,513,,,2.3,,,No Expert Data,,,,
Javon Baker,WR,NWE,22,514,470.0,-44.0,2.3,12.8,-10.5,Fade,,21.0,164.0,
Ross Dwelley,TE,ATL,29,515,288.0,-227.0,2.3,13.2,-10.9,Strong Fade,,18.0,93.0,
Jaelon Darden,WR,2TM,25,516,,,2.2,,,No Expert Data,,,,
Geoff Swaim,TE,CLE,31,517,,,2.1,,,No Expert Data,,,,
John Samuel Shenker,TE,LVR,26,518,,,2.1,,,No Expert Data,,,,
Trent Taylor,WR,SFO,30,519,,,2.1,,,No Expert Data,,,,
Nick Mullens,QB,MIN,29,520,549.0,29.0,2.1,11.0,-8.9,Buy,,27.0,49.0,
Brandon Johnson,WR,PIT,26,521,,,2.0,,,No Expert Data,,,,
Jody Fortson,TE,KAN,29,522,,,1.9,,,No Expert Data,,,,
Ramel Keyton,WR,LVR,24,523,,,1.8,,,No Expert Data,,,,
John Ross,WR,PHI,29,524,,,1.7,,,No Expert Data,,,,
David Martin-Robinson,TE,TEN,25,525,347.0,-178.0,1.7,2.5,-0.8,Strong Fade,,20.0,123.0,
Mike White,QB,BUF,29,526,,,1.7,,,No Expert Data,,,,
Tyler Scott,WR,CHI,23,527,515.0,-12.0,1.7,3.7,-2.0,Slight Fade,,22.0,205.0,
Collin Johnson,WR,CHI,27,528,,,1.7,,,No Expert Data,,,,
Jared Wiley,TE,KAN,24,529,283.0,-246.0,1.7,14.3,-12.6,Strong Fade,,18.0,91.0,
Robbie Chosen,WR,MIA,31,530,,,1.7,,,No Expert Data,,,,
Zach Davidson,TE,BUF,26,531,343.0,-188.0,1.6,3.1,-1.5,Strong Fade,,20.0,122.0,
John FitzPatrick,TE,GNB,24,532,,,1.5,,,No Expert Data,,,,
Velus Jones Jr.,WR,2TM,27,533,,,1.1,,,No Expert Data,,,,
Kyle Allen,QB,PIT,28,534,,,0.9,,,No Expert Data,,,,
Jarrett Stidham,QB,DEN,28,535,555.0,20.0,0.6,9.8,-9.2,Buy,,27.0,55.0,
Tyreik McAllister,WR,LVR,26,536,,,0.6,,,No Expert Data,,,,
Kameron Johnson,WR,TAM,22,537,,,0.5,,,No Expert Data,,,,
Josh Johnson,QB,BAL,38,538,566.0,28.0,0.5,7.5,-7.0,Buy,,27.0,66.0,
Ihmir Smith-Marsette,WR,NYG,25,539,531.0,-8.0,0.5,0.5,-0.0,Consensus,,23.0,221.0,
Ke'Shawn Vaughn,RB,SFO,27,540,,,0.4,,,No Expert Data,,,,
British Brooks,RB,HOU,25,541,,,0.4,,,No Expert Data,,,,
Joshua Kelley,RB,TEN,27,542,,,0.4,,,No Expert Data,,,,
Charlie Jones,WR,CIN,26,543,493.0,-50.0,0.4,7.4,-7.0,Strong Fade,,22.0,184.0,
Jha'Quan Jackson,WR,TEN,24,544,440.0,-104.0,0.3,17.3,-17.0,Strong Fade,,21.0,153.0,
Darrynton Evans,RB,CHI,26,545,444.0,-101.0,0.3,4.9,-4.6,Strong Fade,,21.0,136.0,
Brycen Tremayne,WR,WAS,25,546,510.0,-36.0,0.2,4.5,-4.3,Fade,,22.0,200.0,
Jeff Driskel,QB,WAS,31,547,,,0.2,,,No Expert Data,,,,
Skyy Moore,WR,KAN,24,548,246.0,-302.0,0.2,58.4,-58.2,Strong Fade,,16.0,89.0,
Jake Browning,QB,CIN,28,549,542.0,-7.0,0.2,13.9,-13.7,Consensus,,26.0,42.0,
Kyle Trask,QB,TAM,26,550,575.0,25.0,0.2,6.3,-6.1,Buy,,28.0,75.0,
Jalen Virgil,WR,BUF,26,551,,,0.2,,,No Expert Data,,,,
Braxton Berrios,WR,MIA,29,552,527.0,-25.0,0.2,1.6,-1.4,Fade,,23.0,217.0,
Tyson Bagent,QB,CHI,24,553,554.0,1.0,0.2,9.9,-9.7,Consensus,,27.0,54.0,
Maurice Alexander,WR,DET,27,554,482.0,-72.0,0.2,9.3,-9.1,Strong Fade,,22.0,173.0,
Zach Pascal,WR,ARI,30,555,505.0,-50.0,0.1,5.0,-4.9,Strong Fade,,22.0,195.0,
Dareke Young,WR,SEA,25,556,478.0,-78.0,0.1,11.0,-10.9,Strong Fade,,22.0,168.0,
Irvin Charles,WR,NYJ,27,557,423.0,-134.0,0.1,20.7,-20.6,Strong Fade,,21.0,142.0,
Bryce Ford-Wheaton,WR,NYG,24,558,,,0.1,,,No Expert Data,,,,
Deonte Harty,WR,BAL,27,559,,,0.1,,,No Expert Data,,,,
Clayton Tune,QB,ARI,25,560,581.0,21.0,0.1,3.6,-3.5,Buy,,28.0,81.0,
Chris Moore,WR,ARI,31,561,530.0,-31.0,0.1,0.7,-0.6,Fade,,23.0,220.0,
Brenden Rice,WR,LAC,22,562,,,0.0,,,No Expert Data,,,,
Roman Wilson,WR,PIT,23,563,346.0,-217.0,0.0,40.6,-40.6,Strong Fade,237.1,18.0,115.0,
Jalen Moreno-Cropper,WR,DAL,23,564,,,0.0,,,No Expert Data,,,,
Joshua Cephus,WR,JAX,23,565,,,0.0,,,No Expert Data,,,,
Trishton Jackson,WR,MIN,26,566,501.0,-65.0,0.0,5.9,-5.9,Strong Fade,,22.0,192.0,
Cody Thompson,WR,TAM,28,567,,,0.0,,,No Expert Data,,,,
Marquez Callaway,WR,TAM,26,568,,,0.0,,,No Expert Data,,,,
Laquon Treadwell,WR,IND,29,569,,,0.0,,,No Expert Data,,,,
Tom Kennedy,WR,DET,28,570,,,0.0,,,No Expert Data,,,,
Jaylen Johnson,WR,LAC,24,571,,,0.0,,,No Expert Data,,,,
Xavier Weaver,WR,ARI,24,572,484.0,-88.0,0.0,9.1,-9.1,Strong Fade,,22.0,175.0,
Equanimeous St. Brown,WR,NOR,28,573,,,0.0,,,No Expert Data,,,,
Kaden Davis,WR,CLE,26,574,,,0.0,,,No Expert Data,,,,
Erik Ezukanma,WR,MIA,24,575,439.0,-136.0,0.0,17.4,-17.4,Strong Fade,,21.0,152.0,
Brandon Smith,WR,NYJ,26,576,,,0.0,,,No Expert Data,,,,
Chris Moore,WR,WAS,31,577,530.0,-47.0,0.0,0.7,-0.7,Fade,,23.0,220.0,
Elijah Cooks,WR,JAX,26,578,,,0.0,,,No Expert Data,,,,
Dez Fitzpatrick,WR,LAC,27,579,,,0.0,,,No Expert Data,,,,
Montrell Washington,WR,KAN,25,580,,,0.0,,,No Expert Data,,,,
Jared Wayne,WR,HOU,24,581,,,0.0,,,No Expert Data,,,,
Justyn Ross,WR,KAN,25,582,,,0.0,,,No Expert Data,,,,
Jermaine Jackson,WR,NOR,24,583,,,0.0,,,No Expert Data,,,,
Alex Erickson,WR,NWE,32,584,,,0.0,,,No Expert Data,,,,
Carlos Washington,RB,ATL,26,585,467.0,-118.0,0.0,1.8,-1.8,Strong Fade,,21.0,152.0,
Keaontay Ingram,RB,KAN,25,586,,,0.0,,,No Expert Data,,,,
Evan Hull,RB,IND,24,587,,,0.0,,,No Expert Data,,,,
Gary Brightwell,RB,CLE,25,588,435.0,-153.0,0.0,6.9,-6.9,Strong Fade,,21.0,132.0,
D.J. Williams,RB,TAM,24,589,,,0.0,,,No Expert Data,,,,
John Kelly,RB,BAL,28,590,,,0.0,,,No Expert Data,,,,
Keilan Robinson,RB,JAX,24,591,471.0,-120.0,0.0,1.6,-1.6,Strong Fade,,21.0,153.0,
Jaret Patterson,RB,LAC,25,592,,,0.0,,,No Expert Data,,,,
Kendall Milton,RB,CIN,22,593,,,0.0,,,No Expert Data,,,,
Dante Miller,RB,NYG,25,594,,,0.0,,,No Expert Data,,,,
Trayveon Williams,RB,CIN,27,595,474.0,-121.0,0.0,1.2,-1.2,Strong Fade,,21.0,156.0,
Khari Blasingame,RB,2TM,28,596,,,0.0,,,No Expert Data,,,,
Avery Williams,RB,ATL,26,597,473.0,-124.0,0.0,1.3,-1.3,Strong Fade,,21.0,155.0,
Stephen Sullivan,TE,CAR,28,598,,,0.0,,,No Expert Data,,,,
Jack Westover,TE,NWE,25,599,,,0.0,,,No Expert Data,,,,
Jake Tonges,TE,SFO,25,600,,,0.0,,,No Expert Data,,,,
Robert Tonyan,TE,MIN,30,601,266.0,-335.0,0.0,17.0,-17.0,Strong Fade,,17.0,80.0,
Rodney Williams,TE,PIT,26,602,,,0.0,,,No Expert Data,,,,
Princeton Fant,TE,DAL,25,603,,,0.0,,,No Expert Data,,,,
Jordan Matthews,TE,CAR,32,604,,,0.0,,,No Expert Data,,,,
Thomas Odukoya,TE,TEN,27,605,,,0.0,,,No Expert Data,,,,
Tanner McLachlan,TE,CIN,25,606,274.0,-332.0,0.0,14.8,-14.8,Strong Fade,,18.0,86.0,
Travis Vokolek,TE,ARI,26,607,292.0,-315.0,0.0,12.8,-12.8,Strong Fade,,18.0,96.0,
Brenden Bates,TE,2TM,25,608,,,0.0,,,No Expert Data,,,,
Teagan Quitoriano,TE,HOU,24,609,259.0,-350.0,0.0,17.9,-17.9,Strong Fade,,17.0,75.0,
Tyler Mabry,TE,SEA,28,610,,,0.0,,,No Expert Data,,,,
James Mitchell,TE,DET,25,611,349.0,-262.0,0.0,2.4,-2.4,Strong Fade,,20.0,125.0,
Parker Hesse,TE,DET,29,612,,,0.0,,,No Expert Data,,,,
Nikola Kalinic,TE,LAR,27,613,,,0.0,,,No Expert Data,,,,
Ko Kieft,TE,TAM,26,614,,,0.0,,,No Expert Data,,,,
Mitchell Wilcox,TE,NWE,28,615,,,0.0,,,No Expert Data,,,,
Andrew Beck,TE,2TM,28,616,,,0.0,,,No Expert Data,,,,
Anthony Firkser,TE,2TM,29,617,,,0.0,,,No Expert Data,,,,
Zack Kuntz,TE,NYJ,25,618,,,0.0,,,No Expert Data,,,,
Baylor Cupp,TE,KAN,24,619,,,0.0,,,No Expert Data,,,,
Brady Russell,TE,SEA,26,620,,,0.0,,,No Expert Data,,,,
Brayden Willis,TE,SFO,25,621,294.0,-327.0,0.0,12.7,-12.7,Strong Fade,,18.0,98.0,
C.J. Uzomah,TE,PHI,31,622,,,0.0,,,No Expert Data,,,,
Nick Muse,TE,MIN,26,623,,,0.0,,,No Expert Data,,,,
Irv Smith Jr.,TE,HOU,26,624,,,0.0,,,No Expert Data,,,,
Colson Yankoff,TE,WAS,24,625,,,0.0,,,No Expert Data,,,,
Justin Shorter,TE,LVR,24,626,,,0.0,,,No Expert Data,,,,
Steven Sims,WR,2TM,27,627,526.0,-101.0,-0.2,2.4,-2.6,Strong Fade,,23.0,216.0,
Kadarius Toney,WR,CLE,25,628,,,-1.4,,,No Expert Data,,,,
Dylan Laube,RB,LVR,25,629,464.0,-165.0,-2.0,2.4,-4.4,Strong Fade,,21.0,149.0,
